USE coffeeStats;

INSERT INTO user (id, role, email, userName, password) VALUES (1, 'Student', 'aliciathompson@hotmail.com', 'hilljohn', '0*P3_F&s_5KQ');
INSERT INTO user (id, role, email, userName, password) VALUES (2, 'Student', 'uerickson@wilson.com', 'laurawilliams', 's_W1Fqvo@zS3');
INSERT INTO user (id, role, email, userName, password) VALUES (3, 'Student', 'mary87@gmail.com', 'aaron92', 's$ySTMe1_*8A');
INSERT INTO user (id, role, email, userName, password) VALUES (4, 'Student', 'rmontgomery@gmail.com', 'beckeralicia', 'H$_P$PxW85Ld');
INSERT INTO user (id, role, email, userName, password) VALUES (5, 'Student', 'patrick59@johnson.biz', 'emmafisher', 'Djc*KMxt_1hW');
INSERT INTO user (id, role, email, userName, password) VALUES (6, 'Alumnus', 'joseph20@gmail.com', 'erin86', '2k0&a&DHF*Rs');
INSERT INTO user (id, role, email, userName, password) VALUES (7, 'Student', 'garcialisa@ortiz-mejia.info', 'melissa11', 'wN6Xamd9H&WX');
INSERT INTO user (id, role, email, userName, password) VALUES (8, 'Student', 'lisajackson@gmail.com', 'frank40', '+L7oTdC$h(F3');
INSERT INTO user (id, role, email, userName, password) VALUES (9, 'Student', 'brookspatrick@gmail.com', 'mollyhunt', 'cJtRoVmE^2)D');
INSERT INTO user (id, role, email, userName, password) VALUES (10, 'Student', 'williskevin@gmail.com', 'ethanmiller', 'CqTQ_#nA!8Nu');
INSERT INTO user (id, role, email, userName, password) VALUES (11, 'Student', 'grossdanny@hotmail.com', 'gillespieemily', 'D(1JkNuv2Wt$');
INSERT INTO user (id, role, email, userName, password) VALUES (12, 'Student', 'biancavega@mcdonald.com', 'smartin', 'lrP^@Ioko&6N');
INSERT INTO user (id, role, email, userName, password) VALUES (13, 'Student', 'bridgetbrown@hall-silva.info', 'hbradley', 'ohEVOUbY&p1C');
INSERT INTO user (id, role, email, userName, password) VALUES (14, 'Student', 'umitchell@alvarado.net', 'ryanmurphy', 'v75mo7Amu(bo');
INSERT INTO user (id, role, email, userName, password) VALUES (15, 'Company', 'deborahrodriguez@gmail.com', 'brianbrown', '1^7sZ)m7CJ&0');
INSERT INTO user (id, role, email, userName, password) VALUES (16, 'Administrator', 'leslie06@brown.com', 'rwashington', '&a0YGY#d2V3t');
INSERT INTO user (id, role, email, userName, password) VALUES (17, 'Student', 'benjaminpatterson@fitzgerald-gaines.com', 'jmitchell', 'fJ531Th5k(fV');
INSERT INTO user (id, role, email, userName, password) VALUES (18, 'Alumnus', 'ggeorge@gmail.com', 'natalie38', 'k*JW9NEc$+Fr');
INSERT INTO user (id, role, email, userName, password) VALUES (19, 'Student', 'mitchellshelley@hotmail.com', 'carneyheather', 'jS5!lNcNHk1R');
INSERT INTO user (id, role, email, userName, password) VALUES (20, 'Alumnus', 'vasquezlisa@walters-brown.biz', 'wattsrebecca', '389SrR)R+XfN');
INSERT INTO user (id, role, email, userName, password) VALUES (21, 'Student', 'tiffanyjohnson@roach-kemp.org', 'joshua21', '1y5ZWko^&4WZ');
INSERT INTO user (id, role, email, userName, password) VALUES (22, 'Company', 'pamelalittle@gmail.com', 'jamespaul', 'rX!1kMJa+@ax');
INSERT INTO user (id, role, email, userName, password) VALUES (23, 'Student', 'cliu@hendrix.com', 'spearson', 'Sr(dISp@5A5A');
INSERT INTO user (id, role, email, userName, password) VALUES (24, 'Student', 'daniellewheeler@foster.com', 'bradley25', '@Mp+cNyARE5w');
INSERT INTO user (id, role, email, userName, password) VALUES (25, 'Student', 'zcarpenter@hotmail.com', 'millertyler', '$C2%TTzCGZOn');
INSERT INTO user (id, role, email, userName, password) VALUES (26, 'Student', 'teresa58@yahoo.com', 'brenda40', '+1XFqQ&gk03L');
INSERT INTO user (id, role, email, userName, password) VALUES (27, 'Student', 'brandon21@rivera.com', 'mcintoshgabriela', '_B%dc@DuEK0X');
INSERT INTO user (id, role, email, userName, password) VALUES (28, 'Student', 'heather82@wheeler.com', 'bbrown', '$1DVlt2BT*5O');
INSERT INTO user (id, role, email, userName, password) VALUES (29, 'Student', 'sara74@middleton.com', 'raymondnelson', '*DUuLy!ldc7p');
INSERT INTO user (id, role, email, userName, password) VALUES (30, 'Alumnus', 'scottpugh@bryan.com', 'samanthahawkins', '&1ZD+fvbdRBU');
INSERT INTO user (id, role, email, userName, password) VALUES (31, 'Student', 'bbutler@grant.info', 'nathan95', 'MGos5#Jb(T#2');
INSERT INTO user (id, role, email, userName, password) VALUES (32, 'Student', 'sharonmartin@nguyen.com', 'lpitts', 'O9AD+tWh%)Z2');
INSERT INTO user (id, role, email, userName, password) VALUES (33, 'Student', 'christophergross@hotmail.com', 'mcdanielmarcus', '!6FxBDOm%+)t');
INSERT INTO user (id, role, email, userName, password) VALUES (34, 'Student', 'theresa05@morgan-jenkins.org', 'logan58', '*a1TvKXv^s1r');
INSERT INTO user (id, role, email, userName, password) VALUES (35, 'Student', 'daniellegonzalez@mcdonald.com', 'benjamin28', '%3tLzOkcugJ+');
INSERT INTO user (id, role, email, userName, password) VALUES (36, 'Student', 'fcastaneda@hotmail.com', 'gravespatricia', 'E9x7!K0doE__');
INSERT INTO user (id, role, email, userName, password) VALUES (37, 'Student', 'haneybruce@hotmail.com', 'zavalasteven', 'UszWwZdm!Z6H');
INSERT INTO user (id, role, email, userName, password) VALUES (38, 'Student', 'vmays@yahoo.com', 'raymondbray', 'OuS9VPcq@Bt1');
INSERT INTO user (id, role, email, userName, password) VALUES (39, 'Student', 'fbentley@yahoo.com', 'garciakatie', '&4kOecL0cI5&');
INSERT INTO user (id, role, email, userName, password) VALUES (40, 'Student', 'dking@gmail.com', 'steve88', 'weX2G6qJp)M+');
INSERT INTO user (id, role, email, userName, password) VALUES (41, 'Advisor', 'palmercarrie@hotmail.com', 'bhansen', 'Zo3D1w4r%o+B');
INSERT INTO user (id, role, email, userName, password) VALUES (42, 'Alumnus', 'merrittharold@cole.com', 'corey80', 'y456)4Se$ht!');
INSERT INTO user (id, role, email, userName, password) VALUES (43, 'Student', 'whitebrian@martin-khan.com', 'vferrell', '4TUm2QgM(9lF');
INSERT INTO user (id, role, email, userName, password) VALUES (44, 'Student', 'mnelson@yahoo.com', 'jenniferburns', 'GN50dlic5)pB');
INSERT INTO user (id, role, email, userName, password) VALUES (45, 'Student', 'jessicarhodes@hotmail.com', 'vgill', 'ZSCPHTmdPt@9');
INSERT INTO user (id, role, email, userName, password) VALUES (46, 'Student', 'valerie48@anderson.com', 'emma12', '2r4Ekeyj%oQ9');
INSERT INTO user (id, role, email, userName, password) VALUES (47, 'Student', 'littlesteven@mcclure.com', 'marvin26', 'gr+bHdux*7Ne');
INSERT INTO user (id, role, email, userName, password) VALUES (48, 'Student', 'sharpnatalie@hotmail.com', 'ncook', '(V#8AIqt!02&');
INSERT INTO user (id, role, email, userName, password) VALUES (49, 'Student', 'kimberly76@sanders.com', 'jacksondanielle', '_P1hKd8jtlH@');
INSERT INTO user (id, role, email, userName, password) VALUES (50, 'Student', 'ethanstout@yahoo.com', 'nicoledaniels', 'qQqL3va34%1o');
INSERT INTO user (id, role, email, userName, password) VALUES (51, 'Student', 'xkelley@morris.org', 'richard31', '6Kg6J5#sI+^b');
INSERT INTO user (id, role, email, userName, password) VALUES (52, 'Student', 'jhawkins@gmail.com', 'rdaniels', 'S$N6LeJwqydv');
INSERT INTO user (id, role, email, userName, password) VALUES (53, 'Company', 'ballardtara@hotmail.com', 'matthewmcdaniel', '#@KXEqQEz7Gp');
INSERT INTO user (id, role, email, userName, password) VALUES (54, 'Student', 'stephaniepruitt@hotmail.com', 'carrjack', 'yY_Hx5Xrf^0b');
INSERT INTO user (id, role, email, userName, password) VALUES (55, 'Student', 'hsantana@yahoo.com', 'joseph59', 'N2ImpyrE^AOy');
INSERT INTO user (id, role, email, userName, password) VALUES (56, 'Advisor', 'mcdowellkevin@gmail.com', 'pwells', '*!4xaIjex23Z');
INSERT INTO user (id, role, email, userName, password) VALUES (57, 'Company', 'shawnsantiago@roberts.com', 'rachelbarnes', 'JnD63Jpn9H!T');
INSERT INTO user (id, role, email, userName, password) VALUES (58, 'Company', 'chambersjessica@williams.com', 'shannonowens', 'a9ZPuGQvL$1b');
INSERT INTO user (id, role, email, userName, password) VALUES (59, 'Alumnus', 'dustin11@gregory-le.biz', 'luis74', 'O*Zy)uPuo3Sh');
INSERT INTO user (id, role, email, userName, password) VALUES (60, 'Student', 'shannon56@gmail.com', 'yolanda70', '$uNjM9yfXX0E');
INSERT INTO user (id, role, email, userName, password) VALUES (61, 'Advisor', 'yangbecky@rice-trujillo.com', 'dianematthews', '5&Iw_pCjcg0A');
INSERT INTO user (id, role, email, userName, password) VALUES (62, 'Student', 'clairewilliams@rocha.net', 'davisgerald', 'm&PEEmi8!m90');
INSERT INTO user (id, role, email, userName, password) VALUES (63, 'Student', 'kimberlydunlap@yahoo.com', 'jasongarcia', '%CSDMPFlzl*0');
INSERT INTO user (id, role, email, userName, password) VALUES (64, 'Alumnus', 'michaelcontreras@bright.org', 'emmaromero', '5nb#$ktjp^6N');
INSERT INTO user (id, role, email, userName, password) VALUES (65, 'Student', 'martinsusan@hotmail.com', 'john34', 'W9ueDuQj&zQE');
INSERT INTO user (id, role, email, userName, password) VALUES (66, 'Alumnus', 'tarawood@hotmail.com', 'danielmorgan', 'Gf9+aIyaFd@k');
INSERT INTO user (id, role, email, userName, password) VALUES (67, 'Student', 'floresmeghan@hotmail.com', 'ynichols', '%LUruGwkU3T+');
INSERT INTO user (id, role, email, userName, password) VALUES (68, 'Student', 'mooreerik@hotmail.com', 'francisvictor', '$TgpmdXe$s4Z');
INSERT INTO user (id, role, email, userName, password) VALUES (69, 'Student', 'anthonyrichardson@flores.net', 'stevensmaria', 'Q#23jBOfP+M%');
INSERT INTO user (id, role, email, userName, password) VALUES (70, 'Student', 'sanchezgeorge@clark.org', 'amandaclarke', 'SOCOX0@kX_3A');
INSERT INTO user (id, role, email, userName, password) VALUES (71, 'Student', 'cnicholson@yahoo.com', 'miguel19', 'z6nIEx(q_5Qr');
INSERT INTO user (id, role, email, userName, password) VALUES (72, 'Student', 'jennakrueger@smith-jones.com', 'richardswyatt', '#e8QmpRBMM8B');
INSERT INTO user (id, role, email, userName, password) VALUES (73, 'Student', 'jasmine71@yahoo.com', 'vkelley', '%jNssKDb3@6Q');
INSERT INTO user (id, role, email, userName, password) VALUES (74, 'Student', 'gonzalezvanessa@abbott-king.com', 'savannah83', '3f#U0I_AM_p(');
INSERT INTO user (id, role, email, userName, password) VALUES (75, 'Student', 'kmartinez@bowman.com', 'tracymartinez', '&aw2ZnHCY0Br');
INSERT INTO user (id, role, email, userName, password) VALUES (76, 'Student', 'wthomas@johnson.info', 'mitchelljessica', 'ML*H*htiQ$5L');
INSERT INTO user (id, role, email, userName, password) VALUES (77, 'Student', 'john76@gmail.com', 'david08', 'T0CidX0Y@B2Y');
INSERT INTO user (id, role, email, userName, password) VALUES (78, 'Student', 'josegreene@hotmail.com', 'christineallen', '_CbFnBGnM7Uz');
INSERT INTO user (id, role, email, userName, password) VALUES (79, 'Student', 'martinariel@hotmail.com', 'autumn85', '5BrMnBjW(U73');
INSERT INTO user (id, role, email, userName, password) VALUES (80, 'Student', 'yreed@mcgee.com', 'ythompson', '^2PzHQzp@PoL');
INSERT INTO user (id, role, email, userName, password) VALUES (81, 'Student', 'jporter@yahoo.com', 'bgarcia', '$^98!ZMGlb66');
INSERT INTO user (id, role, email, userName, password) VALUES (82, 'Company', 'brenda47@wagner-anderson.com', 'paulcook', '_6SA(tB1%$&R');
INSERT INTO user (id, role, email, userName, password) VALUES (83, 'Student', 'karen64@smith.biz', 'fitzpatrickrobert', 'u(PjyuOU$c3w');
INSERT INTO user (id, role, email, userName, password) VALUES (84, 'Administrator', 'twilson@thompson.com', 'castillomichael', 'YlfIGhw7+n6Y');
INSERT INTO user (id, role, email, userName, password) VALUES (85, 'Student', 'lestrada@watkins.com', 'jevans', 'm7U_Pw*h)R1s');
INSERT INTO user (id, role, email, userName, password) VALUES (86, 'Student', 'jessicaaguirre@hopkins-davis.com', 'marissaperkins', '2z%r3#X4meFw');
INSERT INTO user (id, role, email, userName, password) VALUES (87, 'Administrator', 'kevin49@hotmail.com', 'hallchristopher', '#wk8r7oq#Y2A');
INSERT INTO user (id, role, email, userName, password) VALUES (88, 'Student', 'csantiago@gmail.com', 'jamesespinoza', 'M7I3hlQn#C7N');
INSERT INTO user (id, role, email, userName, password) VALUES (89, 'Student', 'sarah68@yahoo.com', 'brian76', 'u6UzhIp*#1Z_');
INSERT INTO user (id, role, email, userName, password) VALUES (90, 'Company', 'smithfernando@moran.com', 'leestephanie', '@lgClTmDWg4B');
INSERT INTO user (id, role, email, userName, password) VALUES (91, 'Alumnus', 'jennifer49@vega.com', 'ibyrd', '#0ODySDr5vn6');
INSERT INTO user (id, role, email, userName, password) VALUES (92, 'Student', 'pkelley@atkins.info', 'john90', '6*1l6OCu%jPA');
INSERT INTO user (id, role, email, userName, password) VALUES (93, 'Student', 'howardcopeland@stevens.org', 'allengregory', 'V3!KcWb9_9Kz');
INSERT INTO user (id, role, email, userName, password) VALUES (94, 'Student', 'karen65@webster-baxter.info', 'lfowler', 'olL4$JbT(7kc');
INSERT INTO user (id, role, email, userName, password) VALUES (95, 'Advisor', 'jacksonjenna@smith.com', 'qjones', '+6ThICa(%1DW');
INSERT INTO user (id, role, email, userName, password) VALUES (96, 'Student', 'fullertheresa@yahoo.com', 'philipballard', 'n1cy5LngD!$X');
INSERT INTO user (id, role, email, userName, password) VALUES (97, 'Student', 'jesse23@gmail.com', 'alicemacdonald', '$2Yffz_5Hg3h');
INSERT INTO user (id, role, email, userName, password) VALUES (98, 'Student', 'lori73@drake.com', 'xnelson', '^CR7+M%t@0FZ');
INSERT INTO user (id, role, email, userName, password) VALUES (99, 'Company', 'randywilson@yahoo.com', 'gbrown', ')OC^K%b^5bxv');
INSERT INTO user (id, role, email, userName, password) VALUES (100, 'Student', 'paul72@armstrong-miller.com', 'davidramirez', '%7WPlAadx4NU');
INSERT INTO user (id, role, email, userName, password) VALUES (101, 'Student', 'grosshelen@wilson.com', 'kbradshaw', '@HR+y3@Gv8&1');
INSERT INTO user (id, role, email, userName, password) VALUES (102, 'Student', 'donaldbrown@hotmail.com', 'newtonjonathan', 'Q979F9mAm@q)');
INSERT INTO user (id, role, email, userName, password) VALUES (103, 'Alumnus', 'jeffrey50@gmail.com', 'cgill', 'Y$8t6Frqq6Ps');
INSERT INTO user (id, role, email, userName, password) VALUES (104, 'Student', 'sjensen@gmail.com', 'jeremyyoder', '&_7HmlvrEq3S');
INSERT INTO user (id, role, email, userName, password) VALUES (105, 'Student', 'bettycross@mckay-moore.com', 'awoodward', '^4euwVjrm@Q0');
INSERT INTO user (id, role, email, userName, password) VALUES (106, 'Student', 'srobinson@keller-newton.com', 'marcus03', 'dXH8xrEucVp$');
INSERT INTO user (id, role, email, userName, password) VALUES (107, 'Company', 'hmcgee@frank.com', 'christopherlee', '*)61l_cFwp)H');
INSERT INTO user (id, role, email, userName, password) VALUES (108, 'Student', 'jimeneztracey@hotmail.com', 'james22', '#&5UmNLWw_MW');
INSERT INTO user (id, role, email, userName, password) VALUES (109, 'Student', 'vasquezchristopher@lopez.com', 'rodriguezmadison', '9qJj&5LlN7$k');
INSERT INTO user (id, role, email, userName, password) VALUES (110, 'Alumnus', 'kristinsmith@harris.com', 'mackenzie42', 'wF@QUnjk^3Pb');
INSERT INTO user (id, role, email, userName, password) VALUES (111, 'Student', 'kimberly59@warren-estrada.info', 'christopher91', 'LL&0IsUHQ&cG');
INSERT INTO user (id, role, email, userName, password) VALUES (112, 'Student', 'ashley70@hotmail.com', 'martintaylor', '(O!P77Tj#7e+');
INSERT INTO user (id, role, email, userName, password) VALUES (113, 'Student', 'alison39@yahoo.com', 'whitelisa', '4%gGG^bj5#+8');
INSERT INTO user (id, role, email, userName, password) VALUES (114, 'Alumnus', 'jeffreyhutchinson@miller.com', 'sherry39', '*b1PAr&qM3OK');
INSERT INTO user (id, role, email, userName, password) VALUES (115, 'Student', 'gwilliams@yu.com', 'martha44', 'b15GJraKY@fR');
INSERT INTO user (id, role, email, userName, password) VALUES (116, 'Student', 'luis75@hotmail.com', 'charles00', '+rUrl72U(601');
INSERT INTO user (id, role, email, userName, password) VALUES (117, 'Company', 'katherineflores@hotmail.com', 'ashleyromero', 'g8*GE@Hc)MO9');
INSERT INTO user (id, role, email, userName, password) VALUES (118, 'Student', 'aaronwashington@johnson.org', 'hmcgrath', '$V*0OfjS2PVJ');
INSERT INTO user (id, role, email, userName, password) VALUES (119, 'Student', 'christinestanton@gmail.com', 'erin18', '!#6yP#c6Kfu9');
INSERT INTO user (id, role, email, userName, password) VALUES (120, 'Student', 'mary48@montgomery.info', 'philip33', 'M@9j(zVdFlVY');
INSERT INTO user (id, role, email, userName, password) VALUES (121, 'Student', 'ilopez@gmail.com', 'hessbobby', '1htvU)Dn&9Ob');
INSERT INTO user (id, role, email, userName, password) VALUES (122, 'Student', 'gcarter@sullivan-underwood.com', 'lisa31', 'Ej7AzIo0Ez@X');
INSERT INTO user (id, role, email, userName, password) VALUES (123, 'Student', 'david98@faulkner-shannon.net', 'fdavis', '+E_I#aywJ73k');
INSERT INTO user (id, role, email, userName, password) VALUES (124, 'Administrator', 'wrightchristina@hotmail.com', 'egibson', '5V&3SIg&isl%');
INSERT INTO user (id, role, email, userName, password) VALUES (125, 'Student', 'avazquez@yahoo.com', 'lindsaylopez', 's$x%BBji8s7)');
INSERT INTO user (id, role, email, userName, password) VALUES (126, 'Student', 'anna04@gmail.com', 'kennethcooper', '%)tsE1NbDkf5');
INSERT INTO user (id, role, email, userName, password) VALUES (127, 'Student', 'henry90@stafford.net', 'nicholaspham', 'wjWUwlYs!n4R');
INSERT INTO user (id, role, email, userName, password) VALUES (128, 'Alumnus', 'burnsgina@yahoo.com', 'robertrandolph', '))Ud4I2nnHf*');
INSERT INTO user (id, role, email, userName, password) VALUES (129, 'Student', 'teresamorton@hendricks-weber.info', 'richardsonpriscilla', '&u7er3v(^4ZV');
INSERT INTO user (id, role, email, userName, password) VALUES (130, 'Student', 'laura39@guzman.com', 'david38', 'yRs92X^y_!l%');
INSERT INTO user (id, role, email, userName, password) VALUES (131, 'Company', 'johnspencer@hotmail.com', 'catherine22', '81cXi*z8!kw(');
INSERT INTO user (id, role, email, userName, password) VALUES (132, 'Student', 'houselisa@hotmail.com', 'pattersonmichael', 'oOdXG3s2M!6r');
INSERT INTO user (id, role, email, userName, password) VALUES (133, 'Student', 'amberrusso@bullock.info', 'claysara', '23R&mdUcf$K7');
INSERT INTO user (id, role, email, userName, password) VALUES (134, 'Student', 'barnettjames@jones.com', 'destiny17', 'Z*14TRn5N1_+');
INSERT INTO user (id, role, email, userName, password) VALUES (135, 'Student', 'ebrown@hotmail.com', 'dominique57', '%YZ9Jm%Zp8+%');
INSERT INTO user (id, role, email, userName, password) VALUES (136, 'Student', 'eatonnicholas@young-brown.com', 'randy73', '$w6Xrn_c_C5V');
INSERT INTO user (id, role, email, userName, password) VALUES (137, 'Student', 'nadams@madden.com', 'nrogers', 's61CoTl+_YRe');
INSERT INTO user (id, role, email, userName, password) VALUES (138, 'Student', 'david69@fisher.com', 'jameswood', '#9EnX_EdI2AD');
INSERT INTO user (id, role, email, userName, password) VALUES (139, 'Student', 'michaelshea@navarro-hopkins.biz', 'uhines', ')o#(b9gyRQ6W');
INSERT INTO user (id, role, email, userName, password) VALUES (140, 'Student', 'brittany90@gmail.com', 'paul28', 'H2BBrLVc$(HY');
INSERT INTO user (id, role, email, userName, password) VALUES (141, 'Student', 'conniegarza@dunn.com', 'bettyknox', 'a+FCs^nB@D9S');
INSERT INTO user (id, role, email, userName, password) VALUES (142, 'Advisor', 'judith24@martinez.biz', 'lindaoliver', 'd+U7FkoP5is@');
INSERT INTO user (id, role, email, userName, password) VALUES (143, 'Student', 'janet41@moore.org', 'ycarlson', 'KtQ7PYw38&JT');
INSERT INTO user (id, role, email, userName, password) VALUES (144, 'Student', 'danieltorres@cole.net', 'richard83', 'VelNUK2jDW^8');
INSERT INTO user (id, role, email, userName, password) VALUES (145, 'Student', 'alvarezrobert@dawson.com', 'emiller', 'NfI(7LbYGPTm');
INSERT INTO user (id, role, email, userName, password) VALUES (146, 'Administrator', 'patricia82@miller.com', 'scottmcdonald', 'usfRIVHo2^9S');
INSERT INTO user (id, role, email, userName, password) VALUES (147, 'Student', 'gmoore@yahoo.com', 'qanderson', 'C&3MhtVbIGJn');
INSERT INTO user (id, role, email, userName, password) VALUES (148, 'Administrator', 'burtoncurtis@ford-carter.com', 'christine33', '%fW)Mkt#)99*');
INSERT INTO user (id, role, email, userName, password) VALUES (149, 'Company', 'catherinebarajas@neal.com', 'ustevens', '*pJvEgd6m3o!');
INSERT INTO user (id, role, email, userName, password) VALUES (150, 'Student', 'william11@hotmail.com', 'urobinson', 'ChBFZ9jP_vG8');
INSERT INTO user (id, role, email, userName, password) VALUES (151, 'Student', 'lpark@gmail.com', 'browndominic', 'b%86t$%wLRZ#');
INSERT INTO user (id, role, email, userName, password) VALUES (152, 'Student', 'stephen87@gaines.com', 'laura80', 'd_Fu*D&@(8Db');
INSERT INTO user (id, role, email, userName, password) VALUES (153, 'Student', 'donnataylor@gomez-gonzalez.com', 'shill', '_&zbC)(fc5DU');
INSERT INTO user (id, role, email, userName, password) VALUES (154, 'Student', 'mackjoseph@yahoo.com', 'ronald02', '&y1AvVciJToX');
INSERT INTO user (id, role, email, userName, password) VALUES (155, 'Company', 'jadetravis@yahoo.com', 'ghall', 'kaZPDTnW%k83');
INSERT INTO user (id, role, email, userName, password) VALUES (156, 'Student', 'williamschwartz@yahoo.com', 'olivia61', '*BW2AGeeg^m$');
INSERT INTO user (id, role, email, userName, password) VALUES (157, 'Student', 'hfreeman@yahoo.com', 'lisacampbell', 'e3n*(Fimd+S3');
INSERT INTO user (id, role, email, userName, password) VALUES (158, 'Administrator', 'melissa85@brown.com', 'xmacdonald', '(Ji&5nxdm6ZG');
INSERT INTO user (id, role, email, userName, password) VALUES (159, 'Student', 'paulcole@neal-love.com', 'qjohnson', 'j)M#YUneg5U2');
INSERT INTO user (id, role, email, userName, password) VALUES (160, 'Student', 'richard05@george.com', 'bwall', '%8diLOx^7Or0');
INSERT INTO user (id, role, email, userName, password) VALUES (161, 'Student', 'dsmith@gmail.com', 'garrettmichelle', 'C5M+a78s!wrF');
INSERT INTO user (id, role, email, userName, password) VALUES (162, 'Student', 'jasmine63@gmail.com', 'vpacheco', 'sW7Gpoox(g(+');
INSERT INTO user (id, role, email, userName, password) VALUES (163, 'Student', 'ianderson@anderson-king.com', 'kalvarado', '_KUs14#rt7%#');
INSERT INTO user (id, role, email, userName, password) VALUES (164, 'Student', 'wmason@gmail.com', 'mcconnellstephen', 'pZ7mpjqjc!iJ');
INSERT INTO user (id, role, email, userName, password) VALUES (165, 'Alumnus', 'williamroth@mitchell.com', 'zperkins', 'nYcj6O@d_x4G');
INSERT INTO user (id, role, email, userName, password) VALUES (166, 'Student', 'gregory71@yahoo.com', 'williamorr', '_4N6oVVwhUJw');
INSERT INTO user (id, role, email, userName, password) VALUES (167, 'Alumnus', 'thompsonedward@kennedy.biz', 'kpoole', '!S*8FimCKv$(');
INSERT INTO user (id, role, email, userName, password) VALUES (168, 'Student', 'paulhowell@hotmail.com', 'kmyers', 'k!^15YqZgx@d');
INSERT INTO user (id, role, email, userName, password) VALUES (169, 'Alumnus', 'thomas36@dougherty-mathis.org', 'melody49', 'r0LHh(DDqto+');
INSERT INTO user (id, role, email, userName, password) VALUES (170, 'Administrator', 'patricia36@ortiz.org', 'marshallkatie', 'H_7%MJqrs+B0');
INSERT INTO user (id, role, email, userName, password) VALUES (171, 'Student', 'ebaker@gmail.com', 'howardpamela', '_y)0rOtefDeJ');
INSERT INTO user (id, role, email, userName, password) VALUES (172, 'Student', 'emilyking@hotmail.com', 'schultzjose', '09fvpdrQ!!F1');
INSERT INTO user (id, role, email, userName, password) VALUES (173, 'Student', 'smithwillie@coleman.com', 'hayeswilliam', 'j@3I3GvUjV1&');
INSERT INTO user (id, role, email, userName, password) VALUES (174, 'Student', 'crawfordcatherine@benjamin-francis.com', 'johnsonashley', '78VgJudp$h7k');
INSERT INTO user (id, role, email, userName, password) VALUES (175, 'Company', 'harperkimberly@hotmail.com', 'xmendoza', '!7+WJLGyJg6H');
INSERT INTO user (id, role, email, userName, password) VALUES (176, 'Student', 'eric67@yahoo.com', 'wallen', '$8f9dxdvD2tF');
INSERT INTO user (id, role, email, userName, password) VALUES (177, 'Administrator', 'oroy@marshall.com', 'barbarapatterson', '_41MvSmwoD4T');
INSERT INTO user (id, role, email, userName, password) VALUES (178, 'Student', 'kristen13@yahoo.com', 'rkirby', '7d3(UonWOJFg');
INSERT INTO user (id, role, email, userName, password) VALUES (179, 'Student', 'abarrera@gmail.com', 'adamsutton', 'Q5Nk#ffm+fDV');
INSERT INTO user (id, role, email, userName, password) VALUES (180, 'Student', 'leonardjuan@hotmail.com', 'james93', '_tRxR9y8q2Cl');
INSERT INTO user (id, role, email, userName, password) VALUES (181, 'Advisor', 'ythomas@yahoo.com', 'kathrynmorris', '$kn#S%FwYdE2');
INSERT INTO user (id, role, email, userName, password) VALUES (182, 'Company', 'wheelermelissa@gmail.com', 'brian90', 'e30Fe0@xT@3G');
INSERT INTO user (id, role, email, userName, password) VALUES (183, 'Company', 'lauravalencia@leach-harper.com', 'smithemily', '&o%s9JSgfP!F');
INSERT INTO user (id, role, email, userName, password) VALUES (184, 'Student', 'charlottebradford@hotmail.com', 'erika14', 'M+jYAE5w8b7V');
INSERT INTO user (id, role, email, userName, password) VALUES (185, 'Student', 'murraygreg@keller.net', 'bobbyortega', 'HJP$fJ)7)i3I');
INSERT INTO user (id, role, email, userName, password) VALUES (186, 'Student', 'darellano@yahoo.com', 'brownbrandi', '&)B9paVTlJtQ');
INSERT INTO user (id, role, email, userName, password) VALUES (187, 'Student', 'daniel35@webster.info', 'xstrong', 't8sAjmWs_64R');
INSERT INTO user (id, role, email, userName, password) VALUES (188, 'Student', 'thompsonkelly@yahoo.com', 'brian18', '%$6X3jgqvJLd');
INSERT INTO user (id, role, email, userName, password) VALUES (189, 'Student', 'kmitchell@yahoo.com', 'joseph34', '&*lqcoF#90QN');
INSERT INTO user (id, role, email, userName, password) VALUES (190, 'Student', 'esmith@adams.com', 'billychurch', '#6Z%rtS%HoSZ');
INSERT INTO user (id, role, email, userName, password) VALUES (191, 'Alumnus', 'garrisonfrancisco@burke-davis.com', 'rfleming', '*P52VD+cGnB&');
INSERT INTO user (id, role, email, userName, password) VALUES (192, 'Alumnus', 'carol15@owens.com', 'michaelyork', 'C@#16QVfIeDh');
INSERT INTO user (id, role, email, userName, password) VALUES (193, 'Student', 'mary81@allen-johnson.com', 'hamiltonjessica', 'Dhl%#UxlK@6E');
INSERT INTO user (id, role, email, userName, password) VALUES (194, 'Administrator', 'saralewis@yahoo.com', 'vanessathompson', 'L7c))7_2RuiQ');
INSERT INTO user (id, role, email, userName, password) VALUES (195, 'Company', 'jeffrey69@hotmail.com', 'harpersamantha', 'Y@8DorKeBOC8');
INSERT INTO user (id, role, email, userName, password) VALUES (196, 'Administrator', 'nancy39@hotmail.com', 'hartsonya', 'eR4#in@j8paE');
INSERT INTO user (id, role, email, userName, password) VALUES (197, 'Alumnus', 'mariemason@hotmail.com', 'holly20', '@KDwi8mGw19(');
INSERT INTO user (id, role, email, userName, password) VALUES (198, 'Student', 'bmoses@yahoo.com', 'csmith', 'Mj!T8zEebZx1');
INSERT INTO user (id, role, email, userName, password) VALUES (199, 'Advisor', 'benjamin82@hotmail.com', 'james62', '#6jRMoHQ$FHs');
INSERT INTO user (id, role, email, userName, password) VALUES (200, 'Student', 'jessicabennett@cole.biz', 'lisajohnson', 'U!2FvBgh*smD');
INSERT INTO user (id, role, email, userName, password) VALUES (201, 'Student', 'kelly57@smith.com', 'lhernandez', '0t4mAw*f%lLq');
INSERT INTO user (id, role, email, userName, password) VALUES (202, 'Advisor', 'qrodriguez@cooper.com', 'zhill', 'ydFbRuj4_jv3');
INSERT INTO user (id, role, email, userName, password) VALUES (203, 'Advisor', 'james15@austin-smith.com', 'brandonjohnson', '81Pn_%K@(c)*');
INSERT INTO user (id, role, email, userName, password) VALUES (204, 'Student', 'louismartinez@hotmail.com', 'christensenbrittany', '_9G5WDHfHysZ');
INSERT INTO user (id, role, email, userName, password) VALUES (205, 'Student', 'mboyer@rush.com', 'kristinamitchell', 'IwA7GHfW6&U3');
INSERT INTO user (id, role, email, userName, password) VALUES (206, 'Student', 'powellisaac@gmail.com', 'garydavidson', '!)EqW7Wu8T4v');
INSERT INTO user (id, role, email, userName, password) VALUES (207, 'Student', 'millersamantha@yahoo.com', 'kimberly27', '^mH&j2na5N^H');
INSERT INTO user (id, role, email, userName, password) VALUES (208, 'Student', 'mmeyer@yahoo.com', 'jacquelinecunningham', ')lcBSSt8MY4m');
INSERT INTO user (id, role, email, userName, password) VALUES (209, 'Student', 'jonathanharrison@gmail.com', 'stephanieblevins', 'i7Z5OByzv^%3');
INSERT INTO user (id, role, email, userName, password) VALUES (210, 'Administrator', 'jerome15@smith-davis.info', 'hoodraymond', 'Akk2Kay5c&+D');
INSERT INTO user (id, role, email, userName, password) VALUES (211, 'Student', 'danieljones@marsh.biz', 'waltonlindsay', 'i)OP0$EpgPEN');
INSERT INTO user (id, role, email, userName, password) VALUES (212, 'Student', 'kristenewing@yahoo.com', 'ronald55', 'PC_aIlOQRD51');
INSERT INTO user (id, role, email, userName, password) VALUES (213, 'Student', 'hernandezmatthew@hotmail.com', 'burnsalexis', '@J4G2ZIcStV^');
INSERT INTO user (id, role, email, userName, password) VALUES (214, 'Student', 'rrichardson@smith-edwards.biz', 'marymarks', 'ww9UoJ98X$zL');
INSERT INTO user (id, role, email, userName, password) VALUES (215, 'Student', 'brentthompson@yahoo.com', 'baileyamanda', '&RS5ObFxQ67A');
INSERT INTO user (id, role, email, userName, password) VALUES (216, 'Student', 'llowery@gmail.com', 'rachelfuller', '+D5EtuD!)iZ$');
INSERT INTO user (id, role, email, userName, password) VALUES (217, 'Company', 'gsmith@russell.info', 'richardreyes', '_yXf!atGC5J%');
INSERT INTO user (id, role, email, userName, password) VALUES (218, 'Administrator', 'kelleysheila@yahoo.com', 'ajohnson', 'N4u8VyRo#HDA');
INSERT INTO user (id, role, email, userName, password) VALUES (219, 'Student', 'kimberlywolf@garza.com', 'frankthomas', 'Q(7U6pnwA@qY');
INSERT INTO user (id, role, email, userName, password) VALUES (220, 'Alumnus', 'tanner91@rodriguez.com', 'kelly66', '%(I+8Foga56K');
INSERT INTO user (id, role, email, userName, password) VALUES (221, 'Student', 'michelleperez@hotmail.com', 'jonesstephanie', 'x41cMCflK$r%');
INSERT INTO user (id, role, email, userName, password) VALUES (222, 'Student', 'obanks@lopez.info', 'sullivanroberta', '5$6_N#ZB4tDZ');
INSERT INTO user (id, role, email, userName, password) VALUES (223, 'Student', 'joshua91@yahoo.com', 'charles00', 'Mt8T#3cy!4SO');
INSERT INTO user (id, role, email, userName, password) VALUES (224, 'Student', 'michaelwhite@edwards.com', 'rachelbaker', '3Rye3c7y*tOP');
INSERT INTO user (id, role, email, userName, password) VALUES (225, 'Student', 'suzannepace@yahoo.com', 'smithaustin', 'wTi#xd(p7C4T');
INSERT INTO user (id, role, email, userName, password) VALUES (226, 'Student', 'reynoldsjason@yahoo.com', 'qdiaz', 'mLdE7KgjZG(c');
INSERT INTO user (id, role, email, userName, password) VALUES (227, 'Student', 'paul65@yahoo.com', 'obrewer', '#ZC$LM6rD9BR');
INSERT INTO user (id, role, email, userName, password) VALUES (228, 'Student', 'thernandez@williams.com', 'ppatterson', 'As77wu@iM$Db');
INSERT INTO user (id, role, email, userName, password) VALUES (229, 'Student', 'franklewis@lawrence.com', 'walexander', 'YK%RnRySr69$');
INSERT INTO user (id, role, email, userName, password) VALUES (230, 'Student', 'jimmy33@baker-fowler.com', 'lmiller', 'S#2JoCyk#ML+');
INSERT INTO user (id, role, email, userName, password) VALUES (231, 'Student', 'howellkevin@gmail.com', 'timothy57', 'c^Dm9Pf6^CO4');
INSERT INTO user (id, role, email, userName, password) VALUES (232, 'Alumnus', 'alicia75@phillips-shaw.biz', 'rachelgibson', 'evrPlQKu(Km4');
INSERT INTO user (id, role, email, userName, password) VALUES (233, 'Company', 'scottjames@perry.com', 'maymichael', '+&7vkTnNACM@');
INSERT INTO user (id, role, email, userName, password) VALUES (234, 'Alumnus', 'lynngregory@hotmail.com', 'fpena', 'N@)7hezK$7J&');
INSERT INTO user (id, role, email, userName, password) VALUES (235, 'Alumnus', 'eroberts@gmail.com', 'marknelson', '$5o(OMNBihX2');
INSERT INTO user (id, role, email, userName, password) VALUES (236, 'Student', 'stevenphillips@wilson.com', 'patrickphillip', '*4tmLA43loQe');
INSERT INTO user (id, role, email, userName, password) VALUES (237, 'Student', 'janice56@gmail.com', 'zjones', '3B%H+se^(SZc');
INSERT INTO user (id, role, email, userName, password) VALUES (238, 'Student', 'grahameric@hotmail.com', 'umorris', 'G3WGrhyaY&$g');
INSERT INTO user (id, role, email, userName, password) VALUES (239, 'Student', 'davidcarter@yahoo.com', 'madisonvasquez', '1S0WDCh$Z+6q');
INSERT INTO user (id, role, email, userName, password) VALUES (240, 'Student', 'jeffery48@leon.com', 'rogersjesus', 'fl(33Aka@_NS');
INSERT INTO user (id, role, email, userName, password) VALUES (241, 'Student', 'norrislindsey@hays.info', 'washingtoneduardo', '!S+Uohxci2Q7');
INSERT INTO user (id, role, email, userName, password) VALUES (242, 'Student', 'osbornnancy@gmail.com', 'veronicaoneill', 'Dx4Ro+7%!Ej$');
INSERT INTO user (id, role, email, userName, password) VALUES (243, 'Student', 'ravenmorgan@larsen-dalton.biz', 'cruzkevin', '@xGQyl0B!8!k');
INSERT INTO user (id, role, email, userName, password) VALUES (244, 'Company', 'mariaconley@gmail.com', 'obauer', '#FXrPAO23s9C');
INSERT INTO user (id, role, email, userName, password) VALUES (245, 'Student', 'wesleyjohnson@gmail.com', 'matthew18', 'h!4XCvs)1(Q0');
INSERT INTO user (id, role, email, userName, password) VALUES (246, 'Student', 'april11@wright.biz', 'herrerajudy', ')lYCnNz_T2#g');
INSERT INTO user (id, role, email, userName, password) VALUES (247, 'Student', 'lorimendoza@sandoval.biz', 'liutimothy', '6x$y1UqJ*ltQ');
INSERT INTO user (id, role, email, userName, password) VALUES (248, 'Student', 'xrowe@aguirre.info', 'omcguire', 'S4l5CNw)ry^!');
INSERT INTO user (id, role, email, userName, password) VALUES (249, 'Student', 'john90@rios.biz', 'hclay', 'gY_2$WaO$(wf');
INSERT INTO user (id, role, email, userName, password) VALUES (250, 'Alumnus', 'thomasdominic@yahoo.com', 'mendozacheryl', 'L$j%0UMlh@+j');
INSERT INTO user (id, role, email, userName, password) VALUES (251, 'Student', 'robert26@perez.com', 'znicholson', 'BX2Nxz4UtT(q');
INSERT INTO user (id, role, email, userName, password) VALUES (252, 'Student', 'jenniferlee@little.biz', 'dcruz', '7KTAdcs)!gE2');
INSERT INTO user (id, role, email, userName, password) VALUES (253, 'Alumnus', 'iperkins@cross.com', 'roberta59', '9_*(YBge@5R)');
INSERT INTO user (id, role, email, userName, password) VALUES (254, 'Student', 'schmidtgeorge@ferrell-mclaughlin.biz', 'john48', 'L^_1ViZd8uK5');
INSERT INTO user (id, role, email, userName, password) VALUES (255, 'Student', 'james92@coleman-pierce.com', 'thompsoncalvin', 'pn!^MQynS^8C');
INSERT INTO user (id, role, email, userName, password) VALUES (256, 'Student', 'xwilson@gmail.com', 'jeremy20', 'g4sIRnE2_0h3');
INSERT INTO user (id, role, email, userName, password) VALUES (257, 'Alumnus', 'chapmanwilliam@yahoo.com', 'kevin13', '^!0YohKQEVl7');
INSERT INTO user (id, role, email, userName, password) VALUES (258, 'Student', 'laurathompson@yahoo.com', 'jholmes', 'IMZO8KeOcVr&');
INSERT INTO user (id, role, email, userName, password) VALUES (259, 'Student', 'rturner@yang.com', 'steventownsend', 'VFvi4Ezcm1*8');
INSERT INTO user (id, role, email, userName, password) VALUES (260, 'Student', 'laurenlopez@lynch.info', 'robbinsstephanie', 'KfFe0cpq%5BW');
INSERT INTO user (id, role, email, userName, password) VALUES (261, 'Student', 'brian36@bailey.com', 'wbowman', '@NgWeS%q&2s4');
INSERT INTO user (id, role, email, userName, password) VALUES (262, 'Student', 'ewaters@yahoo.com', 'michaelbuck', 'TygO4VqC1M!%');
INSERT INTO user (id, role, email, userName, password) VALUES (263, 'Student', 'megan45@carroll-smith.com', 'jerry55', 'U7R+wYc!_GRz');
INSERT INTO user (id, role, email, userName, password) VALUES (264, 'Student', 'john45@hotmail.com', 'martinezmonica', 'BtSq9U$avy*%');
INSERT INTO user (id, role, email, userName, password) VALUES (265, 'Administrator', 'savagetristan@gmail.com', 'pduffy', 'M#hAZcwQ@(f6');
INSERT INTO user (id, role, email, userName, password) VALUES (266, 'Student', 'dana08@best-garza.com', 'saradaniels', 'L*NdLJ@zwx6$');
INSERT INTO user (id, role, email, userName, password) VALUES (267, 'Student', 'murphykatherine@hotmail.com', 'alexandriahouston', '$svJFf9rD9qm');
INSERT INTO user (id, role, email, userName, password) VALUES (268, 'Student', 'brittanystewart@morales-townsend.info', 'davisjeffery', '*lDWjWD#(%37');
INSERT INTO user (id, role, email, userName, password) VALUES (269, 'Alumnus', 'kbuckley@lee.com', 'johndelacruz', '@mg13QmOM^hK');
INSERT INTO user (id, role, email, userName, password) VALUES (270, 'Student', 'kevinphelps@hotmail.com', 'bgalloway', '*USkSZs3z9!i');
INSERT INTO user (id, role, email, userName, password) VALUES (271, 'Advisor', 'jaredvance@nguyen.net', 'michaelmiller', '9g!GLDXl5UN8');
INSERT INTO user (id, role, email, userName, password) VALUES (272, 'Student', 'savannah49@yahoo.com', 'rossryan', '2^RBU4Et$7f$');
INSERT INTO user (id, role, email, userName, password) VALUES (273, 'Student', 'alexanderisaac@gmail.com', 'timothy56', '1+nZcHA&^2(M');
INSERT INTO user (id, role, email, userName, password) VALUES (274, 'Student', 'collinsmaria@myers.com', 'kristenramirez', '@tZ&(@oV^m4#');
INSERT INTO user (id, role, email, userName, password) VALUES (275, 'Student', 'daniel25@yahoo.com', 'mjimenez', 'l$2YVYcj1GW3');
INSERT INTO user (id, role, email, userName, password) VALUES (276, 'Student', 'chadlewis@montgomery-wallace.biz', 'ujames', 'o)8TqyNeyLVW');
INSERT INTO user (id, role, email, userName, password) VALUES (277, 'Administrator', 'kklein@thomas.com', 'radams', 'VR6@FgNw!z(q');
INSERT INTO user (id, role, email, userName, password) VALUES (278, 'Student', 'lharper@yahoo.com', 'atkinsalexander', '!#e5r2NmXTWc');
INSERT INTO user (id, role, email, userName, password) VALUES (279, 'Company', 'amy21@morris-molina.info', 'cathy71', 'W^2oV1sm)GA4');
INSERT INTO user (id, role, email, userName, password) VALUES (280, 'Student', 'kelleystacy@davis-cooke.com', 'emilywilliams', 'O28Ul4JgT!H7');
INSERT INTO user (id, role, email, userName, password) VALUES (281, 'Student', 'steven08@scott.com', 'charlesthompson', '#@OKjz*F!3nm');
INSERT INTO user (id, role, email, userName, password) VALUES (282, 'Student', 'anagross@gmail.com', 'jason06', 'Fw3RPgnY(RSA');
INSERT INTO user (id, role, email, userName, password) VALUES (283, 'Student', 'jessica90@keller-hicks.info', 'shaungordon', 'Z$)!5$+n&9Li');
INSERT INTO user (id, role, email, userName, password) VALUES (284, 'Student', 'darrylyoung@hotmail.com', 'tracymoody', 'Tn+MxspS#7CF');
INSERT INTO user (id, role, email, userName, password) VALUES (285, 'Student', 'crystalbright@moore.net', 'jasmine40', '&6tyv(@k7KKi');
INSERT INTO user (id, role, email, userName, password) VALUES (286, 'Alumnus', 'mcline@yahoo.com', 'qnelson', '*A0g^tfM)nQV');
INSERT INTO user (id, role, email, userName, password) VALUES (287, 'Student', 'juanadkins@yahoo.com', 'boydisaac', '!iuOBqq_BM0w');
INSERT INTO user (id, role, email, userName, password) VALUES (288, 'Administrator', 'larsonjasmine@powell-jackson.com', 'melissa05', 'C5ar$Jee_sCs');
INSERT INTO user (id, role, email, userName, password) VALUES (289, 'Alumnus', 'ygonzalez@yahoo.com', 'cschultz', '_h43dMu1542J');
INSERT INTO user (id, role, email, userName, password) VALUES (290, 'Student', 'garnerbrandon@gmail.com', 'hogankimberly', '!zWm&0FSf0lY');
INSERT INTO user (id, role, email, userName, password) VALUES (291, 'Student', 'jbrooks@gmail.com', 'brandon18', '!qvOlrd9#6VP');
INSERT INTO user (id, role, email, userName, password) VALUES (292, 'Student', 'andre18@hotmail.com', 'patrick11', 'hv4ATnnn7*W6');
INSERT INTO user (id, role, email, userName, password) VALUES (293, 'Student', 'marytorres@ward.com', 'coryolson', '*MPv1rGcr*NI');
INSERT INTO user (id, role, email, userName, password) VALUES (294, 'Student', 'wendymccoy@drake.com', 'williamarmstrong', '+2KpdRHm64Oq');
INSERT INTO user (id, role, email, userName, password) VALUES (295, 'Alumnus', 'tiffany46@richardson.info', 'zoe66', '%o1APLcloTK7');
INSERT INTO user (id, role, email, userName, password) VALUES (296, 'Student', 'hamiltonheather@white-alexander.com', 'uknight', 'mT(eCvt7*&P7');
INSERT INTO user (id, role, email, userName, password) VALUES (297, 'Student', 'sabrina88@hotmail.com', 'mariamorrison', '12dzUpqE$mFi');
INSERT INTO user (id, role, email, userName, password) VALUES (298, 'Alumnus', 'leah98@gmail.com', 'phillip38', 'p+CFgEGK_S9m');
INSERT INTO user (id, role, email, userName, password) VALUES (299, 'Student', 'stantonsusan@knox.net', 'xcisneros', '%zWqI$#smB5h');
INSERT INTO user (id, role, email, userName, password) VALUES (300, 'Student', 'shawncraig@yahoo.com', 'keithlopez', '53VReiRy(JOW');


INSERT INTO administrator (id, salary, firstName, lastName, startDate) VALUES (16, 78541, 'Brittany', 'Brown', '2024-11-28');
INSERT INTO administrator (id, salary, firstName, lastName, startDate) VALUES (84, 73881, 'Melanie', 'Cunningham', '2024-07-01');
INSERT INTO administrator (id, salary, firstName, lastName, startDate) VALUES (87, 76168, 'Lisa', 'Gray', '2023-09-18');
INSERT INTO administrator (id, salary, firstName, lastName, startDate) VALUES (124, 73313, 'David', 'Morgan', '2024-08-24');
INSERT INTO administrator (id, salary, firstName, lastName, startDate) VALUES (146, 75779, 'Allison', 'Hobbs', '2024-06-30');
INSERT INTO administrator (id, salary, firstName, lastName, startDate) VALUES (148, 67155, 'David', 'Curry', '2023-12-01');
INSERT INTO administrator (id, salary, firstName, lastName, startDate) VALUES (158, 66051, 'Hannah', 'Vargas', '2023-02-25');
INSERT INTO administrator (id, salary, firstName, lastName, startDate) VALUES (170, 68085, 'Timothy', 'Hartman', '2023-06-03');
INSERT INTO administrator (id, salary, firstName, lastName, startDate) VALUES (177, 68775, 'Elizabeth', 'Callahan', '2023-04-10');
INSERT INTO administrator (id, salary, firstName, lastName, startDate) VALUES (194, 68554, 'Aaron', 'Steele', '2023-03-07');
INSERT INTO administrator (id, salary, firstName, lastName, startDate) VALUES (196, 73154, 'Kelly', 'Meyer', '2023-10-07');
INSERT INTO administrator (id, salary, firstName, lastName, startDate) VALUES (210, 73759, 'Robert', 'Larson', '2023-08-05');
INSERT INTO administrator (id, salary, firstName, lastName, startDate) VALUES (218, 72895, 'Christina', 'Tran', '2024-07-25');
INSERT INTO administrator (id, salary, firstName, lastName, startDate) VALUES (265, 74005, 'Anna', 'Jackson', '2023-03-17');
INSERT INTO administrator (id, salary, firstName, lastName, startDate) VALUES (277, 76214, 'Scott', 'Garcia', '2024-07-30');
INSERT INTO administrator (id, salary, firstName, lastName, startDate) VALUES (288, 71051, 'Sheryl', 'Maldonado', '2023-07-17');

INSERT INTO advisor (id, firstName, lastName) VALUES (41, 'Jennifer', 'Hughes');
INSERT INTO advisor (id, firstName, lastName) VALUES (56, 'Joshua', 'Williams');
INSERT INTO advisor (id, firstName, lastName) VALUES (61, 'Miguel', 'Fischer');
INSERT INTO advisor (id, firstName, lastName) VALUES (95, 'Richard', 'Hendricks');
INSERT INTO advisor (id, firstName, lastName) VALUES (142, 'Marc', 'Johnson');
INSERT INTO advisor (id, firstName, lastName) VALUES (181, 'Judy', 'Rice');
INSERT INTO advisor (id, firstName, lastName) VALUES (199, 'Christopher', 'Werner');
INSERT INTO advisor (id, firstName, lastName) VALUES (202, 'Collin', 'Stewart');
INSERT INTO advisor (id, firstName, lastName) VALUES (203, 'Adam', 'Jones');
INSERT INTO advisor (id, firstName, lastName) VALUES (271, 'Stephanie', 'Bright');


INSERT INTO student (id, firstName, lastName, bio, resume, major, minor, gpa, advisorID) VALUES (2, 'Samantha', 'Walker', 'Bio of Samantha Walker', 'Resume of Samantha Walker', 'Chemistry', NULL, 2.24, 271);
INSERT INTO student (id, firstName, lastName, bio, resume, major, minor, gpa, advisorID) VALUES (3, 'Carrie', 'Parker', 'Bio of Carrie Parker', 'Resume of Carrie Parker', 'Computer Science', 'Physics', 2.81, 56);
INSERT INTO student (id, firstName, lastName, bio, resume, major, minor, gpa, advisorID) VALUES (6, 'Aaron', 'Fernandez', 'Bio of Aaron Fernandez', 'Resume of Aaron Fernandez', 'Biology', 'Physics', 3.92, 181);
INSERT INTO student (id, firstName, lastName, bio, resume, major, minor, gpa, advisorID) VALUES (7, 'Ryan', 'Johnson', 'Bio of Ryan Johnson', 'Resume of Ryan Johnson', 'Engineering', 'Literature', 3.82, 95);
INSERT INTO student (id, firstName, lastName, bio, resume, major, minor, gpa, advisorID) VALUES (8, 'Amber', 'Martinez', 'Bio of Amber Martinez', 'Resume of Amber Martinez', 'Engineering', NULL, 3.56, 142);
INSERT INTO student (id, firstName, lastName, bio, resume, major, minor, gpa, advisorID) VALUES (12, 'Daniel', 'Brown', 'Bio of Daniel Brown', 'Resume of Daniel Brown', 'Computer Science', 'Literature', 3.72, 61);
INSERT INTO student (id, firstName, lastName, bio, resume, major, minor, gpa, advisorID) VALUES (13, 'Rickey', 'Anderson', 'Bio of Rickey Anderson', 'Resume of Rickey Anderson', 'Engineering', 'Literature', 2.12, 56);
INSERT INTO student (id, firstName, lastName, bio, resume, major, minor, gpa, advisorID) VALUES (14, 'Michael', 'Jones', 'Bio of Michael Jones', 'Resume of Michael Jones', 'Physics', 'Physics', 2.75, 61);
INSERT INTO student (id, firstName, lastName, bio, resume, major, minor, gpa, advisorID) VALUES (15, 'Patricia', 'Finley', 'Bio of Patricia Finley', 'Resume of Patricia Finley', 'Chemistry', 'Chemistry', 2.92, 199);
INSERT INTO student (id, firstName, lastName, bio, resume, major, minor, gpa, advisorID) VALUES (16, 'Jason', 'Mitchell', 'Bio of Jason Mitchell', 'Resume of Jason Mitchell', 'Physics', 'Literature', 3.39, 202);
INSERT INTO student (id, firstName, lastName, bio, resume, major, minor, gpa, advisorID) VALUES (18, 'Bryan', 'Singh', 'Bio of Bryan Singh', 'Resume of Bryan Singh', 'Biology', 'Literature', 2.38, 271);
INSERT INTO student (id, firstName, lastName, bio, resume, major, minor, gpa, advisorID) VALUES (19, 'Valerie', 'Green', 'Bio of Valerie Green', 'Resume of Valerie Green', 'Computer Science', 'Math', 2.67, 202);
INSERT INTO student (id, firstName, lastName, bio, resume, major, minor, gpa, advisorID) VALUES (20, 'Wayne', 'Clarke', 'Bio of Wayne Clarke', 'Resume of Wayne Clarke', 'Computer Science', 'Math', 3.95, 142);
INSERT INTO student (id, firstName, lastName, bio, resume, major, minor, gpa, advisorID) VALUES (21, 'Anthony', 'Green', 'Bio of Anthony Green', 'Resume of Anthony Green', 'Physics', 'Math', 3.86, 181);
INSERT INTO student (id, firstName, lastName, bio, resume, major, minor, gpa, advisorID) VALUES (23, 'Cynthia', 'Hill', 'Bio of Cynthia Hill', 'Resume of Cynthia Hill', 'Biology', 'Math', 2.37, 142);
INSERT INTO student (id, firstName, lastName, bio, resume, major, minor, gpa, advisorID) VALUES (24, 'George', 'Wallace', 'Bio of George Wallace', 'Resume of George Wallace', 'Mathematics', NULL, 2.2, 95);
INSERT INTO student (id, firstName, lastName, bio, resume, major, minor, gpa, advisorID) VALUES (25, 'Daniel', 'Parker', 'Bio of Daniel Parker', 'Resume of Daniel Parker', 'Engineering', 'Physics', 2.62, 271);
INSERT INTO student (id, firstName, lastName, bio, resume, major, minor, gpa, advisorID) VALUES (26, 'Randall', 'Stevenson', 'Bio of Randall Stevenson', 'Resume of Randall Stevenson', 'Chemistry', 'Physics', 2.61, 95);
INSERT INTO student (id, firstName, lastName, bio, resume, major, minor, gpa, advisorID) VALUES (28, 'David', 'Smith', 'Bio of David Smith', 'Resume of David Smith', 'Biology', NULL, 3.46, 41);
INSERT INTO student (id, firstName, lastName, bio, resume, major, minor, gpa, advisorID) VALUES (29, 'Alexandra', 'Hill', 'Bio of Alexandra Hill', 'Resume of Alexandra Hill', 'Chemistry', 'Literature', 2.51, 199);
INSERT INTO student (id, firstName, lastName, bio, resume, major, minor, gpa, advisorID) VALUES (30, 'Alicia', 'Thornton', 'Bio of Alicia Thornton', 'Resume of Alicia Thornton', 'Computer Science', 'Literature', 2.94, 199);
INSERT INTO student (id, firstName, lastName, bio, resume, major, minor, gpa, advisorID) VALUES (33, 'David', 'Avila', 'Bio of David Avila', 'Resume of David Avila', 'Computer Science', NULL, 3.65, 271);
INSERT INTO student (id, firstName, lastName, bio, resume, major, minor, gpa, advisorID) VALUES (36, 'Derek', 'Wilson', 'Bio of Derek Wilson', 'Resume of Derek Wilson', 'Computer Science', 'Chemistry', 2.78, 142);
INSERT INTO student (id, firstName, lastName, bio, resume, major, minor, gpa, advisorID) VALUES (38, 'Patrick', 'Farley', 'Bio of Patrick Farley', 'Resume of Patrick Farley', 'Computer Science', 'Chemistry', 2.61, 203);
INSERT INTO student (id, firstName, lastName, bio, resume, major, minor, gpa, advisorID) VALUES (41, 'Kim', 'King', 'Bio of Kim King', 'Resume of Kim King', 'Computer Science', 'Math', 2.22, 61);
INSERT INTO student (id, firstName, lastName, bio, resume, major, minor, gpa, advisorID) VALUES (42, 'Mallory', 'Mason', 'Bio of Mallory Mason', 'Resume of Mallory Mason', 'Biology', NULL, 3.61, 202);
INSERT INTO student (id, firstName, lastName, bio, resume, major, minor, gpa, advisorID) VALUES (43, 'Mary', 'Lewis', 'Bio of Mary Lewis', 'Resume of Mary Lewis', 'Biology', 'Math', 3.88, 202);
INSERT INTO student (id, firstName, lastName, bio, resume, major, minor, gpa, advisorID) VALUES (44, 'Christian', 'Melton', 'Bio of Christian Melton', 'Resume of Christian Melton', 'Computer Science', 'Chemistry', 3.11, 41);
INSERT INTO student (id, firstName, lastName, bio, resume, major, minor, gpa, advisorID) VALUES (45, 'Destiny', 'Moran', 'Bio of Destiny Moran', 'Resume of Destiny Moran', 'Computer Science', 'Physics', 2.85, 271);
INSERT INTO student (id, firstName, lastName, bio, resume, major, minor, gpa, advisorID) VALUES (46, 'Eric', 'Villa', 'Bio of Eric Villa', 'Resume of Eric Villa', 'Chemistry', 'Chemistry', 2.08, 61);
INSERT INTO student (id, firstName, lastName, bio, resume, major, minor, gpa, advisorID) VALUES (47, 'Jennifer', 'Cameron', 'Bio of Jennifer Cameron', 'Resume of Jennifer Cameron', 'Chemistry', 'Literature', 3.34, 41);
INSERT INTO student (id, firstName, lastName, bio, resume, major, minor, gpa, advisorID) VALUES (48, 'Scott', 'Washington', 'Bio of Scott Washington', 'Resume of Scott Washington', 'Physics', 'Literature', 2.81, 203);
INSERT INTO student (id, firstName, lastName, bio, resume, major, minor, gpa, advisorID) VALUES (49, 'Mariah', 'Phillips', 'Bio of Mariah Phillips', 'Resume of Mariah Phillips', 'Physics', 'Literature', 3.74, 56);
INSERT INTO student (id, firstName, lastName, bio, resume, major, minor, gpa, advisorID) VALUES (50, 'Alicia', 'Shields', 'Bio of Alicia Shields', 'Resume of Alicia Shields', 'Computer Science', 'Literature', 3.47, 56);
INSERT INTO student (id, firstName, lastName, bio, resume, major, minor, gpa, advisorID) VALUES (53, 'Brittany', 'Holt', 'Bio of Brittany Holt', 'Resume of Brittany Holt', 'Chemistry', 'Literature', 3.0, 56);
INSERT INTO student (id, firstName, lastName, bio, resume, major, minor, gpa, advisorID) VALUES (55, 'Christine', 'Flores', 'Bio of Christine Flores', 'Resume of Christine Flores', 'Engineering', NULL, 3.3, 142);
INSERT INTO student (id, firstName, lastName, bio, resume, major, minor, gpa, advisorID) VALUES (56, 'Robert', 'Goodman', 'Bio of Robert Goodman', 'Resume of Robert Goodman', 'Biology', 'Math', 3.25, 199);
INSERT INTO student (id, firstName, lastName, bio, resume, major, minor, gpa, advisorID) VALUES (57, 'Gina', 'Johnson', 'Bio of Gina Johnson', 'Resume of Gina Johnson', 'Engineering', NULL, 3.77, 95);
INSERT INTO student (id, firstName, lastName, bio, resume, major, minor, gpa, advisorID) VALUES (58, 'Erik', 'Velazquez', 'Bio of Erik Velazquez', 'Resume of Erik Velazquez', 'Chemistry', 'Physics', 3.82, 95);
INSERT INTO student (id, firstName, lastName, bio, resume, major, minor, gpa, advisorID) VALUES (60, 'David', 'Benjamin', 'Bio of David Benjamin', 'Resume of David Benjamin', 'Chemistry', 'Literature', 3.71, 61);
INSERT INTO student (id, firstName, lastName, bio, resume, major, minor, gpa, advisorID) VALUES (63, 'Kevin', 'Kane', 'Bio of Kevin Kane', 'Resume of Kevin Kane', 'Mathematics', 'Math', 3.18, 199);
INSERT INTO student (id, firstName, lastName, bio, resume, major, minor, gpa, advisorID) VALUES (64, 'David', 'Lambert', 'Bio of David Lambert', 'Resume of David Lambert', 'Mathematics', 'Chemistry', 3.87, 181);
INSERT INTO student (id, firstName, lastName, bio, resume, major, minor, gpa, advisorID) VALUES (67, 'Jeremy', 'Jackson', 'Bio of Jeremy Jackson', 'Resume of Jeremy Jackson', 'Computer Science', 'Literature', 3.23, 41);
INSERT INTO student (id, firstName, lastName, bio, resume, major, minor, gpa, advisorID) VALUES (68, 'Angela', 'Thompson', 'Bio of Angela Thompson', 'Resume of Angela Thompson', 'Engineering', 'Literature', 2.83, 199);
INSERT INTO student (id, firstName, lastName, bio, resume, major, minor, gpa, advisorID) VALUES (69, 'Evan', 'Mcdonald', 'Bio of Evan Mcdonald', 'Resume of Evan Mcdonald', 'Biology', 'Literature', 3.87, 181);
INSERT INTO student (id, firstName, lastName, bio, resume, major, minor, gpa, advisorID) VALUES (70, 'Sandra', 'Knight', 'Bio of Sandra Knight', 'Resume of Sandra Knight', 'Mathematics', 'Literature', 3.84, 202);
INSERT INTO student (id, firstName, lastName, bio, resume, major, minor, gpa, advisorID) VALUES (71, 'Andrea', 'Wade', 'Bio of Andrea Wade', 'Resume of Andrea Wade', 'Engineering', 'Literature', 3.88, 271);
INSERT INTO student (id, firstName, lastName, bio, resume, major, minor, gpa, advisorID) VALUES (72, 'Eric', 'Ramirez', 'Bio of Eric Ramirez', 'Resume of Eric Ramirez', 'Mathematics', 'Math', 2.21, 202);
INSERT INTO student (id, firstName, lastName, bio, resume, major, minor, gpa, advisorID) VALUES (73, 'Marvin', 'Moore', 'Bio of Marvin Moore', 'Resume of Marvin Moore', 'Engineering', 'Literature', 2.15, 203);
INSERT INTO student (id, firstName, lastName, bio, resume, major, minor, gpa, advisorID) VALUES (74, 'Brad', 'Gross', 'Bio of Brad Gross', 'Resume of Brad Gross', 'Computer Science', 'Physics', 2.83, 56);
INSERT INTO student (id, firstName, lastName, bio, resume, major, minor, gpa, advisorID) VALUES (75, 'Kathryn', 'Jimenez', 'Bio of Kathryn Jimenez', 'Resume of Kathryn Jimenez', 'Chemistry', 'Literature', 2.49, 203);
INSERT INTO student (id, firstName, lastName, bio, resume, major, minor, gpa, advisorID) VALUES (76, 'Jennifer', 'Martin', 'Bio of Jennifer Martin', 'Resume of Jennifer Martin', 'Computer Science', 'Math', 2.25, 271);
INSERT INTO student (id, firstName, lastName, bio, resume, major, minor, gpa, advisorID) VALUES (77, 'Pamela', 'Hammond', 'Bio of Pamela Hammond', 'Resume of Pamela Hammond', 'Physics', 'Chemistry', 2.18, 142);
INSERT INTO student (id, firstName, lastName, bio, resume, major, minor, gpa, advisorID) VALUES (79, 'Matthew', 'Evans', 'Bio of Matthew Evans', 'Resume of Matthew Evans', 'Computer Science', 'Literature', 2.12, 203);
INSERT INTO student (id, firstName, lastName, bio, resume, major, minor, gpa, advisorID) VALUES (81, 'Nicole', 'Ortiz', 'Bio of Nicole Ortiz', 'Resume of Nicole Ortiz', 'Computer Science', 'Literature', 2.71, 271);
INSERT INTO student (id, firstName, lastName, bio, resume, major, minor, gpa, advisorID) VALUES (83, 'George', 'Arnold', 'Bio of George Arnold', 'Resume of George Arnold', 'Computer Science', NULL, 3.71, 56);
INSERT INTO student (id, firstName, lastName, bio, resume, major, minor, gpa, advisorID) VALUES (84, 'Whitney', 'Jones', 'Bio of Whitney Jones', 'Resume of Whitney Jones', 'Mathematics', 'Physics', 3.52, 95);
INSERT INTO student (id, firstName, lastName, bio, resume, major, minor, gpa, advisorID) VALUES (85, 'James', 'Jones', 'Bio of James Jones', 'Resume of James Jones', 'Computer Science', 'Math', 2.21, 56);
INSERT INTO student (id, firstName, lastName, bio, resume, major, minor, gpa, advisorID) VALUES (87, 'Ernest', 'Hale', 'Bio of Ernest Hale', 'Resume of Ernest Hale', 'Mathematics', 'Math', 2.58, 95);
INSERT INTO student (id, firstName, lastName, bio, resume, major, minor, gpa, advisorID) VALUES (89, 'Nathan', 'Moore', 'Bio of Nathan Moore', 'Resume of Nathan Moore', 'Biology', 'Literature', 2.73, 271);
INSERT INTO student (id, firstName, lastName, bio, resume, major, minor, gpa, advisorID) VALUES (90, 'Elizabeth', 'Ortiz', 'Bio of Elizabeth Ortiz', 'Resume of Elizabeth Ortiz', 'Computer Science', 'Literature', 2.64, 181);
INSERT INTO student (id, firstName, lastName, bio, resume, major, minor, gpa, advisorID) VALUES (91, 'Caitlin', 'Bentley', 'Bio of Caitlin Bentley', 'Resume of Caitlin Bentley', 'Computer Science', NULL, 2.61, 95);
INSERT INTO student (id, firstName, lastName, bio, resume, major, minor, gpa, advisorID) VALUES (92, 'Mary', 'Jenkins', 'Bio of Mary Jenkins', 'Resume of Mary Jenkins', 'Chemistry', 'Math', 2.39, 56);
INSERT INTO student (id, firstName, lastName, bio, resume, major, minor, gpa, advisorID) VALUES (93, 'Maurice', 'Rose', 'Bio of Maurice Rose', 'Resume of Maurice Rose', 'Engineering', 'Literature', 2.61, 181);
INSERT INTO student (id, firstName, lastName, bio, resume, major, minor, gpa, advisorID) VALUES (94, 'Jane', 'Ramirez', 'Bio of Jane Ramirez', 'Resume of Jane Ramirez', 'Engineering', 'Literature', 3.69, 199);
INSERT INTO student (id, firstName, lastName, bio, resume, major, minor, gpa, advisorID) VALUES (95, 'Megan', 'Harris', 'Bio of Megan Harris', 'Resume of Megan Harris', 'Chemistry', 'Chemistry', 2.23, 95);
INSERT INTO student (id, firstName, lastName, bio, resume, major, minor, gpa, advisorID) VALUES (97, 'Elizabeth', 'Floyd', 'Bio of Elizabeth Floyd', 'Resume of Elizabeth Floyd', 'Biology', 'Literature', 3.28, 56);
INSERT INTO student (id, firstName, lastName, bio, resume, major, minor, gpa, advisorID) VALUES (98, 'Tommy', 'Mitchell', 'Bio of Tommy Mitchell', 'Resume of Tommy Mitchell', 'Biology', 'Literature', 2.34, 203);
INSERT INTO student (id, firstName, lastName, bio, resume, major, minor, gpa, advisorID) VALUES (99, 'Steven', 'Newman', 'Bio of Steven Newman', 'Resume of Steven Newman', 'Mathematics', 'Physics', 2.62, 41);
INSERT INTO student (id, firstName, lastName, bio, resume, major, minor, gpa, advisorID) VALUES (100, 'Cathy', 'Booth', 'Bio of Cathy Booth', 'Resume of Cathy Booth', 'Engineering', 'Chemistry', 3.83, 181);
INSERT INTO student (id, firstName, lastName, bio, resume, major, minor, gpa, advisorID) VALUES (101, 'Timothy', 'Williams', 'Bio of Timothy Williams', 'Resume of Timothy Williams', 'Chemistry', 'Physics', 2.65, 56);
INSERT INTO student (id, firstName, lastName, bio, resume, major, minor, gpa, advisorID) VALUES (104, 'Kelly', 'Anderson', 'Bio of Kelly Anderson', 'Resume of Kelly Anderson', 'Biology', 'Literature', 2.49, 203);
INSERT INTO student (id, firstName, lastName, bio, resume, major, minor, gpa, advisorID) VALUES (105, 'Richard', 'Oneill', 'Bio of Richard Oneill', 'Resume of Richard Oneill', 'Biology', 'Math', 3.01, 271);
INSERT INTO student (id, firstName, lastName, bio, resume, major, minor, gpa, advisorID) VALUES (106, 'Joseph', 'Brown', 'Bio of Joseph Brown', 'Resume of Joseph Brown', 'Biology', 'Physics', 2.26, 203);
INSERT INTO student (id, firstName, lastName, bio, resume, major, minor, gpa, advisorID) VALUES (109, 'Autumn', 'Brock', 'Bio of Autumn Brock', 'Resume of Autumn Brock', 'Computer Science', 'Physics', 2.98, 203);
INSERT INTO student (id, firstName, lastName, bio, resume, major, minor, gpa, advisorID) VALUES (110, 'Christine', 'Walton', 'Bio of Christine Walton', 'Resume of Christine Walton', 'Mathematics', NULL, 2.96, 95);
INSERT INTO student (id, firstName, lastName, bio, resume, major, minor, gpa, advisorID) VALUES (111, 'Jillian', 'Reeves', 'Bio of Jillian Reeves', 'Resume of Jillian Reeves', 'Engineering', 'Chemistry', 3.72, 95);
INSERT INTO student (id, firstName, lastName, bio, resume, major, minor, gpa, advisorID) VALUES (112, 'Courtney', 'Hill', 'Bio of Courtney Hill', 'Resume of Courtney Hill', 'Mathematics', 'Math', 2.03, 203);
INSERT INTO student (id, firstName, lastName, bio, resume, major, minor, gpa, advisorID) VALUES (113, 'Lisa', 'Brown', 'Bio of Lisa Brown', 'Resume of Lisa Brown', 'Chemistry', 'Math', 3.21, 142);
INSERT INTO student (id, firstName, lastName, bio, resume, major, minor, gpa, advisorID) VALUES (115, 'David', 'Carter', 'Bio of David Carter', 'Resume of David Carter', 'Biology', 'Physics', 3.09, 95);
INSERT INTO student (id, firstName, lastName, bio, resume, major, minor, gpa, advisorID) VALUES (116, 'Shannon', 'Kennedy', 'Bio of Shannon Kennedy', 'Resume of Shannon Kennedy', 'Chemistry', 'Math', 3.09, 202);
INSERT INTO student (id, firstName, lastName, bio, resume, major, minor, gpa, advisorID) VALUES (118, 'William', 'Nunez', 'Bio of William Nunez', 'Resume of William Nunez', 'Chemistry', 'Literature', 2.94, 56);
INSERT INTO student (id, firstName, lastName, bio, resume, major, minor, gpa, advisorID) VALUES (120, 'Caitlin', 'Curry', 'Bio of Caitlin Curry', 'Resume of Caitlin Curry', 'Physics', 'Literature', 2.39, 142);
INSERT INTO student (id, firstName, lastName, bio, resume, major, minor, gpa, advisorID) VALUES (121, 'Lisa', 'Garcia', 'Bio of Lisa Garcia', 'Resume of Lisa Garcia', 'Chemistry', 'Physics', 2.69, 271);
INSERT INTO student (id, firstName, lastName, bio, resume, major, minor, gpa, advisorID) VALUES (123, 'Angelica', 'Wall', 'Bio of Angelica Wall', 'Resume of Angelica Wall', 'Chemistry', NULL, 2.88, 41);
INSERT INTO student (id, firstName, lastName, bio, resume, major, minor, gpa, advisorID) VALUES (124, 'Sandra', 'Bell', 'Bio of Sandra Bell', 'Resume of Sandra Bell', 'Biology', 'Physics', 2.58, 61);
INSERT INTO student (id, firstName, lastName, bio, resume, major, minor, gpa, advisorID) VALUES (126, 'David', 'Clayton', 'Bio of David Clayton', 'Resume of David Clayton', 'Chemistry', 'Chemistry', 2.65, 203);
INSERT INTO student (id, firstName, lastName, bio, resume, major, minor, gpa, advisorID) VALUES (127, 'Lisa', 'Wilson', 'Bio of Lisa Wilson', 'Resume of Lisa Wilson', 'Engineering', 'Literature', 2.58, 199);
INSERT INTO student (id, firstName, lastName, bio, resume, major, minor, gpa, advisorID) VALUES (129, 'Rachel', 'Jordan', 'Bio of Rachel Jordan', 'Resume of Rachel Jordan', 'Chemistry', 'Chemistry', 3.58, 181);
INSERT INTO student (id, firstName, lastName, bio, resume, major, minor, gpa, advisorID) VALUES (130, 'Stuart', 'Roth', 'Bio of Stuart Roth', 'Resume of Stuart Roth', 'Engineering', NULL, 2.5, 95);
INSERT INTO student (id, firstName, lastName, bio, resume, major, minor, gpa, advisorID) VALUES (132, 'Robert', 'Curry', 'Bio of Robert Curry', 'Resume of Robert Curry', 'Biology', NULL, 2.22, 271);
INSERT INTO student (id, firstName, lastName, bio, resume, major, minor, gpa, advisorID) VALUES (133, 'Haley', 'Brooks', 'Bio of Haley Brooks', 'Resume of Haley Brooks', 'Computer Science', 'Math', 3.91, 199);
INSERT INTO student (id, firstName, lastName, bio, resume, major, minor, gpa, advisorID) VALUES (134, 'Cindy', 'Johnson', 'Bio of Cindy Johnson', 'Resume of Cindy Johnson', 'Biology', 'Physics', 3.58, 142);
INSERT INTO student (id, firstName, lastName, bio, resume, major, minor, gpa, advisorID) VALUES (135, 'Spencer', 'Robinson', 'Bio of Spencer Robinson', 'Resume of Spencer Robinson', 'Computer Science', 'Literature', 2.88, 142);
INSERT INTO student (id, firstName, lastName, bio, resume, major, minor, gpa, advisorID) VALUES (136, 'Helen', 'Baker', 'Bio of Helen Baker', 'Resume of Helen Baker', 'Engineering', 'Physics', 2.84, 41);
INSERT INTO student (id, firstName, lastName, bio, resume, major, minor, gpa, advisorID) VALUES (137, 'Edward', 'Mullen', 'Bio of Edward Mullen', 'Resume of Edward Mullen', 'Biology', NULL, 3.04, 142);
INSERT INTO student (id, firstName, lastName, bio, resume, major, minor, gpa, advisorID) VALUES (138, 'Elizabeth', 'Diaz', 'Bio of Elizabeth Diaz', 'Resume of Elizabeth Diaz', 'Chemistry', 'Chemistry', 2.37, 142);
INSERT INTO student (id, firstName, lastName, bio, resume, major, minor, gpa, advisorID) VALUES (140, 'Megan', 'Ortiz', 'Bio of Megan Ortiz', 'Resume of Megan Ortiz', 'Mathematics', NULL, 2.82, 142);
INSERT INTO student (id, firstName, lastName, bio, resume, major, minor, gpa, advisorID) VALUES (142, 'Erin', 'Fox', 'Bio of Erin Fox', 'Resume of Erin Fox', 'Chemistry', 'Literature', 2.74, 41);
INSERT INTO student (id, firstName, lastName, bio, resume, major, minor, gpa, advisorID) VALUES (144, 'Melissa', 'Thompson', 'Bio of Melissa Thompson', 'Resume of Melissa Thompson', 'Engineering', 'Physics', 3.84, 56);
INSERT INTO student (id, firstName, lastName, bio, resume, major, minor, gpa, advisorID) VALUES (145, 'Philip', 'Johnson', 'Bio of Philip Johnson', 'Resume of Philip Johnson', 'Chemistry', 'Physics', 2.85, 202);
INSERT INTO student (id, firstName, lastName, bio, resume, major, minor, gpa, advisorID) VALUES (146, 'Richard', 'Kramer', 'Bio of Richard Kramer', 'Resume of Richard Kramer', 'Physics', 'Literature', 2.39, 95);
INSERT INTO student (id, firstName, lastName, bio, resume, major, minor, gpa, advisorID) VALUES (147, 'Roberto', 'Ward', 'Bio of Roberto Ward', 'Resume of Roberto Ward', 'Computer Science', NULL, 2.11, 181);
INSERT INTO student (id, firstName, lastName, bio, resume, major, minor, gpa, advisorID) VALUES (148, 'Catherine', 'Swanson', 'Bio of Catherine Swanson', 'Resume of Catherine Swanson', 'Computer Science', NULL, 2.85, 41);
INSERT INTO student (id, firstName, lastName, bio, resume, major, minor, gpa, advisorID) VALUES (150, 'Anthony', 'Murphy', 'Bio of Anthony Murphy', 'Resume of Anthony Murphy', 'Computer Science', 'Chemistry', 2.25, 61);
INSERT INTO student (id, firstName, lastName, bio, resume, major, minor, gpa, advisorID) VALUES (151, 'Daniel', 'Owen', 'Bio of Daniel Owen', 'Resume of Daniel Owen', 'Computer Science', 'Literature', 3.25, 95);
INSERT INTO student (id, firstName, lastName, bio, resume, major, minor, gpa, advisorID) VALUES (152, 'Michael', 'Vega', 'Bio of Michael Vega', 'Resume of Michael Vega', 'Computer Science', 'Chemistry', 2.29, 41);
INSERT INTO student (id, firstName, lastName, bio, resume, major, minor, gpa, advisorID) VALUES (153, 'Anne', 'Stevenson', 'Bio of Anne Stevenson', 'Resume of Anne Stevenson', 'Engineering', 'Math', 2.31, 271);
INSERT INTO student (id, firstName, lastName, bio, resume, major, minor, gpa, advisorID) VALUES (154, 'Angela', 'Petersen', 'Bio of Angela Petersen', 'Resume of Angela Petersen', 'Physics', 'Chemistry', 2.55, 202);
INSERT INTO student (id, firstName, lastName, bio, resume, major, minor, gpa, advisorID) VALUES (160, 'Andrew', 'Edwards', 'Bio of Andrew Edwards', 'Resume of Andrew Edwards', 'Computer Science', 'Physics', 3.35, 56);
INSERT INTO student (id, firstName, lastName, bio, resume, major, minor, gpa, advisorID) VALUES (161, 'James', 'Walker', 'Bio of James Walker', 'Resume of James Walker', 'Biology', 'Physics', 2.73, 61);
INSERT INTO student (id, firstName, lastName, bio, resume, major, minor, gpa, advisorID) VALUES (163, 'Edward', 'Patton', 'Bio of Edward Patton', 'Resume of Edward Patton', 'Biology', 'Chemistry', 2.09, 41);
INSERT INTO student (id, firstName, lastName, bio, resume, major, minor, gpa, advisorID) VALUES (164, 'Justin', 'Best', 'Bio of Justin Best', 'Resume of Justin Best', 'Biology', 'Physics', 3.85, 181);
INSERT INTO student (id, firstName, lastName, bio, resume, major, minor, gpa, advisorID) VALUES (165, 'Felicia', 'Chavez', 'Bio of Felicia Chavez', 'Resume of Felicia Chavez', 'Chemistry', 'Math', 2.48, 203);
INSERT INTO student (id, firstName, lastName, bio, resume, major, minor, gpa, advisorID) VALUES (166, 'Christina', 'Riley', 'Bio of Christina Riley', 'Resume of Christina Riley', 'Engineering', 'Chemistry', 3.33, 202);
INSERT INTO student (id, firstName, lastName, bio, resume, major, minor, gpa, advisorID) VALUES (167, 'Jennifer', 'Mitchell', 'Bio of Jennifer Mitchell', 'Resume of Jennifer Mitchell', 'Physics', 'Literature', 3.52, 61);
INSERT INTO student (id, firstName, lastName, bio, resume, major, minor, gpa, advisorID) VALUES (168, 'Carrie', 'Williams', 'Bio of Carrie Williams', 'Resume of Carrie Williams', 'Biology', 'Chemistry', 2.8, 203);
INSERT INTO student (id, firstName, lastName, bio, resume, major, minor, gpa, advisorID) VALUES (170, 'Kevin', 'Bradshaw', 'Bio of Kevin Bradshaw', 'Resume of Kevin Bradshaw', 'Engineering', NULL, 2.15, 95);
INSERT INTO student (id, firstName, lastName, bio, resume, major, minor, gpa, advisorID) VALUES (172, 'Robert', 'Krueger', 'Bio of Robert Krueger', 'Resume of Robert Krueger', 'Biology', 'Physics', 2.61, 181);
INSERT INTO student (id, firstName, lastName, bio, resume, major, minor, gpa, advisorID) VALUES (173, 'Crystal', 'Howe', 'Bio of Crystal Howe', 'Resume of Crystal Howe', 'Engineering', 'Literature', 2.28, 142);
INSERT INTO student (id, firstName, lastName, bio, resume, major, minor, gpa, advisorID) VALUES (175, 'Tara', 'Torres', 'Bio of Tara Torres', 'Resume of Tara Torres', 'Engineering', NULL, 2.68, 61);
INSERT INTO student (id, firstName, lastName, bio, resume, major, minor, gpa, advisorID) VALUES (176, 'Kyle', 'Peck', 'Bio of Kyle Peck', 'Resume of Kyle Peck', 'Biology', 'Chemistry', 3.22, 41);
INSERT INTO student (id, firstName, lastName, bio, resume, major, minor, gpa, advisorID) VALUES (178, 'Nathaniel', 'Juarez', 'Bio of Nathaniel Juarez', 'Resume of Nathaniel Juarez', 'Engineering', 'Chemistry', 3.39, 271);
INSERT INTO student (id, firstName, lastName, bio, resume, major, minor, gpa, advisorID) VALUES (179, 'Aaron', 'Spence', 'Bio of Aaron Spence', 'Resume of Aaron Spence', 'Mathematics', 'Math', 2.64, 95);
INSERT INTO student (id, firstName, lastName, bio, resume, major, minor, gpa, advisorID) VALUES (180, 'Alex', 'Michael', 'Bio of Alex Michael', 'Resume of Alex Michael', 'Engineering', 'Math', 2.91, 95);
INSERT INTO student (id, firstName, lastName, bio, resume, major, minor, gpa, advisorID) VALUES (181, 'Tonya', 'French', 'Bio of Tonya French', 'Resume of Tonya French', 'Mathematics', 'Chemistry', 3.34, 271);
INSERT INTO student (id, firstName, lastName, bio, resume, major, minor, gpa, advisorID) VALUES (182, 'Kiara', 'Butler', 'Bio of Kiara Butler', 'Resume of Kiara Butler', 'Mathematics', 'Chemistry', 3.31, 203);
INSERT INTO student (id, firstName, lastName, bio, resume, major, minor, gpa, advisorID) VALUES (183, 'Austin', 'Medina', 'Bio of Austin Medina', 'Resume of Austin Medina', 'Computer Science', NULL, 3.22, 95);
INSERT INTO student (id, firstName, lastName, bio, resume, major, minor, gpa, advisorID) VALUES (184, 'Matthew', 'Green', 'Bio of Matthew Green', 'Resume of Matthew Green', 'Biology', 'Literature', 3.6, 61);
INSERT INTO student (id, firstName, lastName, bio, resume, major, minor, gpa, advisorID) VALUES (187, 'James', 'Harris', 'Bio of James Harris', 'Resume of James Harris', 'Engineering', 'Physics', 3.16, 181);
INSERT INTO student (id, firstName, lastName, bio, resume, major, minor, gpa, advisorID) VALUES (189, 'Paula', 'Hansen', 'Bio of Paula Hansen', 'Resume of Paula Hansen', 'Physics', 'Math', 3.84, 61);
INSERT INTO student (id, firstName, lastName, bio, resume, major, minor, gpa, advisorID) VALUES (190, 'Isaac', 'Ross', 'Bio of Isaac Ross', 'Resume of Isaac Ross', 'Chemistry', 'Physics', 3.58, 271);
INSERT INTO student (id, firstName, lastName, bio, resume, major, minor, gpa, advisorID) VALUES (191, 'Rickey', 'Bradley', 'Bio of Rickey Bradley', 'Resume of Rickey Bradley', 'Physics', 'Physics', 2.14, 56);
INSERT INTO student (id, firstName, lastName, bio, resume, major, minor, gpa, advisorID) VALUES (192, 'Cindy', 'Smith', 'Bio of Cindy Smith', 'Resume of Cindy Smith', 'Engineering', NULL, 2.76, 142);
INSERT INTO student (id, firstName, lastName, bio, resume, major, minor, gpa, advisorID) VALUES (193, 'Sydney', 'Guerrero', 'Bio of Sydney Guerrero', 'Resume of Sydney Guerrero', 'Mathematics', 'Physics', 3.26, 61);
INSERT INTO student (id, firstName, lastName, bio, resume, major, minor, gpa, advisorID) VALUES (194, 'Diane', 'Fleming', 'Bio of Diane Fleming', 'Resume of Diane Fleming', 'Engineering', 'Physics', 2.86, 142);
INSERT INTO student (id, firstName, lastName, bio, resume, major, minor, gpa, advisorID) VALUES (195, 'Laura', 'Baker', 'Bio of Laura Baker', 'Resume of Laura Baker', 'Computer Science', 'Literature', 2.75, 41);
INSERT INTO student (id, firstName, lastName, bio, resume, major, minor, gpa, advisorID) VALUES (197, 'Megan', 'Johnson', 'Bio of Megan Johnson', 'Resume of Megan Johnson', 'Mathematics', 'Literature', 2.7, 203);
INSERT INTO student (id, firstName, lastName, bio, resume, major, minor, gpa, advisorID) VALUES (199, 'Stephanie', 'Fisher', 'Bio of Stephanie Fisher', 'Resume of Stephanie Fisher', 'Computer Science', 'Chemistry', 2.56, 271);
INSERT INTO student (id, firstName, lastName, bio, resume, major, minor, gpa, advisorID) VALUES (200, 'Lisa', 'Bruce', 'Bio of Lisa Bruce', 'Resume of Lisa Bruce', 'Biology', NULL, 2.3, 181);
INSERT INTO student (id, firstName, lastName, bio, resume, major, minor, gpa, advisorID) VALUES (202, 'Renee', 'Montgomery', 'Bio of Renee Montgomery', 'Resume of Renee Montgomery', 'Physics', 'Physics', 2.33, 95);
INSERT INTO student (id, firstName, lastName, bio, resume, major, minor, gpa, advisorID) VALUES (203, 'Christine', 'Richardson', 'Bio of Christine Richardson', 'Resume of Christine Richardson', 'Physics', NULL, 3.04, 56);
INSERT INTO student (id, firstName, lastName, bio, resume, major, minor, gpa, advisorID) VALUES (206, 'Dawn', 'Martinez', 'Bio of Dawn Martinez', 'Resume of Dawn Martinez', 'Computer Science', 'Math', 2.29, 56);
INSERT INTO student (id, firstName, lastName, bio, resume, major, minor, gpa, advisorID) VALUES (207, 'Yvette', 'Farrell', 'Bio of Yvette Farrell', 'Resume of Yvette Farrell', 'Chemistry', 'Physics', 3.23, 203);
INSERT INTO student (id, firstName, lastName, bio, resume, major, minor, gpa, advisorID) VALUES (209, 'Jeff', 'Orozco', 'Bio of Jeff Orozco', 'Resume of Jeff Orozco', 'Engineering', 'Chemistry', 2.54, 56);
INSERT INTO student (id, firstName, lastName, bio, resume, major, minor, gpa, advisorID) VALUES (211, 'Emily', 'Wyatt', 'Bio of Emily Wyatt', 'Resume of Emily Wyatt', 'Mathematics', 'Physics', 2.54, 203);
INSERT INTO student (id, firstName, lastName, bio, resume, major, minor, gpa, advisorID) VALUES (212, 'Brian', 'Turner', 'Bio of Brian Turner', 'Resume of Brian Turner', 'Mathematics', 'Chemistry', 2.6, 41);
INSERT INTO student (id, firstName, lastName, bio, resume, major, minor, gpa, advisorID) VALUES (213, 'Kaitlin', 'Lee', 'Bio of Kaitlin Lee', 'Resume of Kaitlin Lee', 'Physics', 'Physics', 2.95, 203);
INSERT INTO student (id, firstName, lastName, bio, resume, major, minor, gpa, advisorID) VALUES (216, 'Jacob', 'Day', 'Bio of Jacob Day', 'Resume of Jacob Day', 'Computer Science', 'Physics', 3.13, 41);
INSERT INTO student (id, firstName, lastName, bio, resume, major, minor, gpa, advisorID) VALUES (217, 'Carlos', 'Phillips', 'Bio of Carlos Phillips', 'Resume of Carlos Phillips', 'Engineering', NULL, 3.58, 142);
INSERT INTO student (id, firstName, lastName, bio, resume, major, minor, gpa, advisorID) VALUES (219, 'Hunter', 'Underwood', 'Bio of Hunter Underwood', 'Resume of Hunter Underwood', 'Chemistry', 'Math', 2.03, 61);
INSERT INTO student (id, firstName, lastName, bio, resume, major, minor, gpa, advisorID) VALUES (220, 'Tony', 'Rubio', 'Bio of Tony Rubio', 'Resume of Tony Rubio', 'Biology', 'Physics', 3.24, 271);
INSERT INTO student (id, firstName, lastName, bio, resume, major, minor, gpa, advisorID) VALUES (221, 'Angela', 'Gonzales', 'Bio of Angela Gonzales', 'Resume of Angela Gonzales', 'Computer Science', 'Math', 3.96, 142);
INSERT INTO student (id, firstName, lastName, bio, resume, major, minor, gpa, advisorID) VALUES (223, 'Tammy', 'Harris', 'Bio of Tammy Harris', 'Resume of Tammy Harris', 'Biology', 'Chemistry', 2.68, 95);
INSERT INTO student (id, firstName, lastName, bio, resume, major, minor, gpa, advisorID) VALUES (224, 'Ebony', 'Bell', 'Bio of Ebony Bell', 'Resume of Ebony Bell', 'Biology', 'Math', 3.54, 271);
INSERT INTO student (id, firstName, lastName, bio, resume, major, minor, gpa, advisorID) VALUES (227, 'Sherri', 'Preston', 'Bio of Sherri Preston', 'Resume of Sherri Preston', 'Biology', 'Math', 3.79, 41);
INSERT INTO student (id, firstName, lastName, bio, resume, major, minor, gpa, advisorID) VALUES (228, 'John', 'Ruiz', 'Bio of John Ruiz', 'Resume of John Ruiz', 'Chemistry', NULL, 3.25, 203);
INSERT INTO student (id, firstName, lastName, bio, resume, major, minor, gpa, advisorID) VALUES (229, 'Benjamin', 'Campbell', 'Bio of Benjamin Campbell', 'Resume of Benjamin Campbell', 'Computer Science', 'Literature', 2.04, 202);
INSERT INTO student (id, firstName, lastName, bio, resume, major, minor, gpa, advisorID) VALUES (230, 'Mary', 'Chavez', 'Bio of Mary Chavez', 'Resume of Mary Chavez', 'Engineering', 'Chemistry', 3.24, 271);
INSERT INTO student (id, firstName, lastName, bio, resume, major, minor, gpa, advisorID) VALUES (231, 'George', 'Garrison', 'Bio of George Garrison', 'Resume of George Garrison', 'Computer Science', 'Chemistry', 2.69, 95);
INSERT INTO student (id, firstName, lastName, bio, resume, major, minor, gpa, advisorID) VALUES (233, 'Daniel', 'Martinez', 'Bio of Daniel Martinez', 'Resume of Daniel Martinez', 'Engineering', 'Math', 3.66, 41);
INSERT INTO student (id, firstName, lastName, bio, resume, major, minor, gpa, advisorID) VALUES (234, 'Sean', 'Thompson', 'Bio of Sean Thompson', 'Resume of Sean Thompson', 'Biology', NULL, 3.75, 199);
INSERT INTO student (id, firstName, lastName, bio, resume, major, minor, gpa, advisorID) VALUES (235, 'Walter', 'Rowland', 'Bio of Walter Rowland', 'Resume of Walter Rowland', 'Mathematics', 'Chemistry', 3.62, 181);
INSERT INTO student (id, firstName, lastName, bio, resume, major, minor, gpa, advisorID) VALUES (236, 'John', 'Brown', 'Bio of John Brown', 'Resume of John Brown', 'Computer Science', 'Chemistry', 3.69, 95);
INSERT INTO student (id, firstName, lastName, bio, resume, major, minor, gpa, advisorID) VALUES (238, 'Alicia', 'Guerrero', 'Bio of Alicia Guerrero', 'Resume of Alicia Guerrero', 'Physics', 'Math', 2.87, 41);
INSERT INTO student (id, firstName, lastName, bio, resume, major, minor, gpa, advisorID) VALUES (239, 'Juan', 'Cain', 'Bio of Juan Cain', 'Resume of Juan Cain', 'Biology', NULL, 3.76, 271);
INSERT INTO student (id, firstName, lastName, bio, resume, major, minor, gpa, advisorID) VALUES (240, 'Michael', 'Montoya', 'Bio of Michael Montoya', 'Resume of Michael Montoya', 'Chemistry', 'Chemistry', 2.18, 56);
INSERT INTO student (id, firstName, lastName, bio, resume, major, minor, gpa, advisorID) VALUES (242, 'Douglas', 'Glenn', 'Bio of Douglas Glenn', 'Resume of Douglas Glenn', 'Mathematics', 'Physics', 2.6, 271);
INSERT INTO student (id, firstName, lastName, bio, resume, major, minor, gpa, advisorID) VALUES (244, 'Jerry', 'Jackson', 'Bio of Jerry Jackson', 'Resume of Jerry Jackson', 'Biology', 'Chemistry', 2.73, 181);
INSERT INTO student (id, firstName, lastName, bio, resume, major, minor, gpa, advisorID) VALUES (247, 'Stephen', 'Carr', 'Bio of Stephen Carr', 'Resume of Stephen Carr', 'Physics', 'Math', 2.55, 95);
INSERT INTO student (id, firstName, lastName, bio, resume, major, minor, gpa, advisorID) VALUES (248, 'Jane', 'Kramer', 'Bio of Jane Kramer', 'Resume of Jane Kramer', 'Physics', 'Math', 2.49, 271);
INSERT INTO student (id, firstName, lastName, bio, resume, major, minor, gpa, advisorID) VALUES (249, 'Bernard', 'Arias', 'Bio of Bernard Arias', 'Resume of Bernard Arias', 'Physics', NULL, 3.59, 61);
INSERT INTO student (id, firstName, lastName, bio, resume, major, minor, gpa, advisorID) VALUES (252, 'Joseph', 'Chen', 'Bio of Joseph Chen', 'Resume of Joseph Chen', 'Biology', 'Physics', 2.5, 202);
INSERT INTO student (id, firstName, lastName, bio, resume, major, minor, gpa, advisorID) VALUES (254, 'Juan', 'Weaver', 'Bio of Juan Weaver', 'Resume of Juan Weaver', 'Chemistry', 'Physics', 3.91, 271);
INSERT INTO student (id, firstName, lastName, bio, resume, major, minor, gpa, advisorID) VALUES (255, 'Allison', 'Buckley', 'Bio of Allison Buckley', 'Resume of Allison Buckley', 'Engineering', 'Math', 3.11, 202);
INSERT INTO student (id, firstName, lastName, bio, resume, major, minor, gpa, advisorID) VALUES (256, 'Raymond', 'Sims', 'Bio of Raymond Sims', 'Resume of Raymond Sims', 'Chemistry', 'Literature', 2.2, 199);
INSERT INTO student (id, firstName, lastName, bio, resume, major, minor, gpa, advisorID) VALUES (257, 'Mark', 'Hill', 'Bio of Mark Hill', 'Resume of Mark Hill', 'Biology', 'Physics', 2.24, 56);
INSERT INTO student (id, firstName, lastName, bio, resume, major, minor, gpa, advisorID) VALUES (259, 'Daniel', 'Miller', 'Bio of Daniel Miller', 'Resume of Daniel Miller', 'Mathematics', 'Chemistry', 3.26, 41);
INSERT INTO student (id, firstName, lastName, bio, resume, major, minor, gpa, advisorID) VALUES (260, 'Andrew', 'Stevens', 'Bio of Andrew Stevens', 'Resume of Andrew Stevens', 'Computer Science', NULL, 3.42, 203);
INSERT INTO student (id, firstName, lastName, bio, resume, major, minor, gpa, advisorID) VALUES (261, 'David', 'Smith', 'Bio of David Smith', 'Resume of David Smith', 'Physics', 'Math', 3.96, 95);
INSERT INTO student (id, firstName, lastName, bio, resume, major, minor, gpa, advisorID) VALUES (262, 'David', 'Garcia', 'Bio of David Garcia', 'Resume of David Garcia', 'Computer Science', 'Chemistry', 3.99, 95);
INSERT INTO student (id, firstName, lastName, bio, resume, major, minor, gpa, advisorID) VALUES (264, 'John', 'Wall', 'Bio of John Wall', 'Resume of John Wall', 'Computer Science', 'Literature', 3.51, 142);
INSERT INTO student (id, firstName, lastName, bio, resume, major, minor, gpa, advisorID) VALUES (266, 'Tara', 'Mckenzie', 'Bio of Tara Mckenzie', 'Resume of Tara Mckenzie', 'Computer Science', NULL, 3.87, 181);
INSERT INTO student (id, firstName, lastName, bio, resume, major, minor, gpa, advisorID) VALUES (268, 'Allison', 'Chapman', 'Bio of Allison Chapman', 'Resume of Allison Chapman', 'Computer Science', 'Chemistry', 2.23, 56);
INSERT INTO student (id, firstName, lastName, bio, resume, major, minor, gpa, advisorID) VALUES (269, 'Brian', 'Gibbs', 'Bio of Brian Gibbs', 'Resume of Brian Gibbs', 'Biology', NULL, 2.18, 199);
INSERT INTO student (id, firstName, lastName, bio, resume, major, minor, gpa, advisorID) VALUES (270, 'Eric', 'Rogers', 'Bio of Eric Rogers', 'Resume of Eric Rogers', 'Physics', 'Chemistry', 2.83, 95);
INSERT INTO student (id, firstName, lastName, bio, resume, major, minor, gpa, advisorID) VALUES (273, 'Timothy', 'Rodriguez', 'Bio of Timothy Rodriguez', 'Resume of Timothy Rodriguez', 'Mathematics', 'Physics', 2.59, 181);
INSERT INTO student (id, firstName, lastName, bio, resume, major, minor, gpa, advisorID) VALUES (274, 'Rachael', 'Jackson', 'Bio of Rachael Jackson', 'Resume of Rachael Jackson', 'Computer Science', 'Chemistry', 2.18, 199);
INSERT INTO student (id, firstName, lastName, bio, resume, major, minor, gpa, advisorID) VALUES (275, 'Mark', 'Barr', 'Bio of Mark Barr', 'Resume of Mark Barr', 'Physics', 'Literature', 3.42, 271);
INSERT INTO student (id, firstName, lastName, bio, resume, major, minor, gpa, advisorID) VALUES (276, 'Lauren', 'Martinez', 'Bio of Lauren Martinez', 'Resume of Lauren Martinez', 'Mathematics', NULL, 2.62, 142);
INSERT INTO student (id, firstName, lastName, bio, resume, major, minor, gpa, advisorID) VALUES (277, 'Sara', 'Smith', 'Bio of Sara Smith', 'Resume of Sara Smith', 'Biology', 'Literature', 2.79, 142);
INSERT INTO student (id, firstName, lastName, bio, resume, major, minor, gpa, advisorID) VALUES (278, 'Jody', 'Scott', 'Bio of Jody Scott', 'Resume of Jody Scott', 'Biology', 'Chemistry', 2.57, 56);
INSERT INTO student (id, firstName, lastName, bio, resume, major, minor, gpa, advisorID) VALUES (279, 'Jason', 'Coleman', 'Bio of Jason Coleman', 'Resume of Jason Coleman', 'Physics', 'Chemistry', 3.66, 142);
INSERT INTO student (id, firstName, lastName, bio, resume, major, minor, gpa, advisorID) VALUES (280, 'Richard', 'Hickman', 'Bio of Richard Hickman', 'Resume of Richard Hickman', 'Mathematics', 'Chemistry', 3.09, 271);
INSERT INTO student (id, firstName, lastName, bio, resume, major, minor, gpa, advisorID) VALUES (281, 'Natalie', 'Stewart', 'Bio of Natalie Stewart', 'Resume of Natalie Stewart', 'Chemistry', NULL, 3.28, 142);
INSERT INTO student (id, firstName, lastName, bio, resume, major, minor, gpa, advisorID) VALUES (282, 'Daniel', 'Coleman', 'Bio of Daniel Coleman', 'Resume of Daniel Coleman', 'Mathematics', 'Physics', 3.8, 56);
INSERT INTO student (id, firstName, lastName, bio, resume, major, minor, gpa, advisorID) VALUES (283, 'Brianna', 'Hill', 'Bio of Brianna Hill', 'Resume of Brianna Hill', 'Biology', 'Literature', 3.33, 271);
INSERT INTO student (id, firstName, lastName, bio, resume, major, minor, gpa, advisorID) VALUES (286, 'Benjamin', 'Peterson', 'Bio of Benjamin Peterson', 'Resume of Benjamin Peterson', 'Mathematics', 'Chemistry', 2.65, 56);
INSERT INTO student (id, firstName, lastName, bio, resume, major, minor, gpa, advisorID) VALUES (287, 'Cory', 'Brooks', 'Bio of Cory Brooks', 'Resume of Cory Brooks', 'Biology', 'Physics', 2.1, 181);
INSERT INTO student (id, firstName, lastName, bio, resume, major, minor, gpa, advisorID) VALUES (289, 'Julie', 'Patel', 'Bio of Julie Patel', 'Resume of Julie Patel', 'Mathematics', 'Literature', 3.31, 142);
INSERT INTO student (id, firstName, lastName, bio, resume, major, minor, gpa, advisorID) VALUES (290, 'Sherri', 'Terry', 'Bio of Sherri Terry', 'Resume of Sherri Terry', 'Engineering', 'Math', 2.72, 271);
INSERT INTO student (id, firstName, lastName, bio, resume, major, minor, gpa, advisorID) VALUES (291, 'Jennifer', 'Waters', 'Bio of Jennifer Waters', 'Resume of Jennifer Waters', 'Chemistry', 'Literature', 2.43, 199);
INSERT INTO student (id, firstName, lastName, bio, resume, major, minor, gpa, advisorID) VALUES (292, 'Brendan', 'Haas', 'Bio of Brendan Haas', 'Resume of Brendan Haas', 'Chemistry', 'Math', 3.58, 41);
INSERT INTO student (id, firstName, lastName, bio, resume, major, minor, gpa, advisorID) VALUES (293, 'Taylor', 'Mills', 'Bio of Taylor Mills', 'Resume of Taylor Mills', 'Chemistry', 'Physics', 3.31, 142);
INSERT INTO student (id, firstName, lastName, bio, resume, major, minor, gpa, advisorID) VALUES (294, 'Emily', 'Waller', 'Bio of Emily Waller', 'Resume of Emily Waller', 'Engineering', 'Chemistry', 2.64, 56);
INSERT INTO student (id, firstName, lastName, bio, resume, major, minor, gpa, advisorID) VALUES (296, 'Jeffrey', 'King', 'Bio of Jeffrey King', 'Resume of Jeffrey King', 'Mathematics', 'Math', 2.01, 181);
INSERT INTO student (id, firstName, lastName, bio, resume, major, minor, gpa, advisorID) VALUES (297, 'Jared', 'Martin', 'Bio of Jared Martin', 'Resume of Jared Martin', 'Mathematics', 'Literature', 3.45, 181);
INSERT INTO student (id, firstName, lastName, bio, resume, major, minor, gpa, advisorID) VALUES (298, 'Jeanne', 'Palmer', 'Bio of Jeanne Palmer', 'Resume of Jeanne Palmer', 'Biology', NULL, 3.66, 56);
INSERT INTO student (id, firstName, lastName, bio, resume, major, minor, gpa, advisorID) VALUES (299, 'Matthew', 'Simmons', 'Bio of Matthew Simmons', 'Resume of Matthew Simmons', 'Biology', 'Literature', 2.96, 271);
INSERT INTO student (id, firstName, lastName, bio, resume, major, minor, gpa, advisorID) VALUES (300, 'Erika', 'Levine', 'Bio of Erika Levine', 'Resume of Erika Levine', 'Physics', 'Literature', 2.63, 199);
INSERT INTO company (id, name) VALUES (9, 'Miller Group');
INSERT INTO company (id, name) VALUES (31, 'Gardner, Johnson and Garcia');
INSERT INTO company (id, name) VALUES (32, 'Shaw, Wilson and Rios');
INSERT INTO company (id, name) VALUES (35, 'Miller, Cochran and Knight');
INSERT INTO company (id, name) VALUES (37, 'Chapman and Sons');
INSERT INTO company (id, name) VALUES (40, 'Williams-Lowery');
INSERT INTO company (id, name) VALUES (51, 'Lopez-Poole');
INSERT INTO company (id, name) VALUES (61, 'Alvarez, Kramer and Medina');
INSERT INTO company (id, name) VALUES (78, 'Keller, Garcia and Nelson');
INSERT INTO company (id, name) VALUES (102, 'Martin, Schwartz and Robinson');
INSERT INTO company (id, name) VALUES (103, 'Davis-Edwards');
INSERT INTO company (id, name) VALUES (125, 'Oconnell-Adams');
INSERT INTO company (id, name) VALUES (128, 'Bell-Gomez');
INSERT INTO company (id, name) VALUES (149, 'Norris LLC');
INSERT INTO company (id, name) VALUES (177, 'Strong Group');
INSERT INTO company (id, name) VALUES (185, 'Spencer-Santana');
INSERT INTO company (id, name) VALUES (188, 'Miller LLC');
INSERT INTO company (id, name) VALUES (196, 'Gates-Dunn');
INSERT INTO company (id, name) VALUES (204, 'Perez-Rosales');
INSERT INTO company (id, name) VALUES (208, 'Myers-Rodriguez');
INSERT INTO company (id, name) VALUES (214, 'Hughes LLC');
INSERT INTO company (id, name) VALUES (215, 'Gardner-Simmons');
INSERT INTO company (id, name) VALUES (226, 'Anthony-Alexander');
INSERT INTO company (id, name) VALUES (241, 'Bernard Inc');
INSERT INTO company (id, name) VALUES (265, 'Bhlarma Advance');

-- Populate the position table
INSERT INTO position (id, comment, companyID) VALUES (1, 'Chiropractor Position', 214);
INSERT INTO position (comment, companyID) VALUES ('Financial manager Position', 185);
INSERT INTO position (comment, companyID) VALUES ('Secretary, company Position', 241);
INSERT INTO position (comment, companyID) VALUES ('Land/geomatics surveyor Position', 208);
INSERT INTO position (comment, companyID) VALUES ('Engineer, agricultural Position', 196);
INSERT INTO position (comment, companyID) VALUES ('Horticulturist, commercial Position', 37);
INSERT INTO position (comment, companyID) VALUES ('Charity officer Position', 215);
INSERT INTO position (comment, companyID) VALUES ('Fish farm manager Position', 32);
INSERT INTO position (comment, companyID) VALUES ('Chief Financial Officer Position', 35);
INSERT INTO position (comment, companyID) VALUES ('Lighting technician, broadcasting/film/video Position', 51);
INSERT INTO position (comment, companyID) VALUES ('Electronics engineer Position', 177);
INSERT INTO position (comment, companyID) VALUES ('Accountant, chartered Position', 208);
INSERT INTO position (comment, companyID) VALUES ('Designer, furniture Position', 103);
INSERT INTO position (comment, companyID) VALUES ('Special effects artist Position', 241);
INSERT INTO position (comment, companyID) VALUES ('Barrister Position', 102);
INSERT INTO position (comment, companyID) VALUES ('Secretary, company Position', 185);
INSERT INTO position (comment, companyID) VALUES ('Bonds trader Position', 125);
INSERT INTO position (comment, companyID) VALUES ('Editor, film/video Position', 31);
INSERT INTO position (comment, companyID) VALUES ('Product designer Position', 226);
INSERT INTO position (comment, companyID) VALUES ('Estate agent Position', 35);
INSERT INTO position (comment, companyID) VALUES ('Newspaper journalist Position', 35);
INSERT INTO position (comment, companyID) VALUES ('Trade union research officer Position', 214);
INSERT INTO position (comment, companyID) VALUES ('Programmer, multimedia Position', 188);
INSERT INTO position (comment, companyID) VALUES ('Pharmacologist Position', 9);
INSERT INTO position (comment, companyID) VALUES ('Writer Position', 51);
INSERT INTO position (comment, companyID) VALUES ('Advertising copywriter Position', 185);
INSERT INTO position (comment, companyID) VALUES ('Nurse, learning disability Position', 78);
INSERT INTO position (comment, companyID) VALUES ('Trade mark attorney Position', 102);
INSERT INTO position (comment, companyID) VALUES ('Hospital pharmacist Position', 61);
INSERT INTO position (comment, companyID) VALUES ('Lighting technician, broadcasting/film/video Position', 215);
INSERT INTO position (comment, companyID) VALUES ('Local government officer Position', 215);
INSERT INTO position (comment, companyID) VALUES ('Horticulturist, amenity Position', 226);
INSERT INTO position (comment, companyID) VALUES ('Personnel officer Position', 188);
INSERT INTO position (comment, companyID) VALUES ('Barristers clerk Position', 215);
INSERT INTO position (comment, companyID) VALUES ('Designer, multimedia Position', 226);
INSERT INTO position (comment, companyID) VALUES ('Special effects artist Position', 188);
INSERT INTO position (comment, companyID) VALUES ('Embryologist, clinical Position', 128);
INSERT INTO position (comment, companyID) VALUES ('Information systems manager Position', 31);
INSERT INTO position (comment, companyID) VALUES ('Computer games developer Position', 32);
INSERT INTO position (comment, companyID) VALUES ('Chartered legal executive (England and Wales) Position', 241);
INSERT INTO position (comment, companyID) VALUES ('Risk manager Position', 208);
INSERT INTO position (comment, companyID) VALUES ('Research officer, political party Position', 37);
INSERT INTO position (comment, companyID) VALUES ('Civil Service administrator Position', 149);
INSERT INTO position (comment, companyID) VALUES ('Education officer, environmental Position', 61);
INSERT INTO position (comment, companyID) VALUES ('Medical secretary Position', 208);
INSERT INTO position (comment, companyID) VALUES ('Field trials officer Position', 125);
INSERT INTO position (comment, companyID) VALUES ('Retail manager Position', 128);
INSERT INTO position (comment, companyID) VALUES ('Adult nurse Position', 196);
INSERT INTO position (comment, companyID) VALUES ('Engineer, biomedical Position', 102);
INSERT INTO position (comment, companyID) VALUES ('Buyer, industrial Position', 149);
INSERT INTO position (comment, companyID) VALUES ('Data processing manager Position', 215);
INSERT INTO position (comment, companyID) VALUES ('Interior and spatial designer Position', 32);
INSERT INTO position (comment, companyID) VALUES ('Wellsite geologist Position', 78);
INSERT INTO position (comment, companyID) VALUES ('Engineer, building services Position', 215);
INSERT INTO position (comment, companyID) VALUES ('Public librarian Position', 149);
INSERT INTO position (comment, companyID) VALUES ('Emergency planning/management officer Position', 226);
INSERT INTO position (comment, companyID) VALUES ('Chemical engineer Position', 31);
INSERT INTO position (comment, companyID) VALUES ('Optometrist Position', 103);
INSERT INTO position (comment, companyID) VALUES ('Insurance claims handler Position', 215);
INSERT INTO position (comment, companyID) VALUES ('Musician Position', 149);
INSERT INTO position (comment, companyID) VALUES ('Broadcast presenter Position', 35);
INSERT INTO position (comment, companyID) VALUES ('Careers information officer Position', 32);
INSERT INTO position (comment, companyID) VALUES ('Designer, television/film set Position', 188);
INSERT INTO position (comment, companyID) VALUES ('Teacher, music Position', 61);
INSERT INTO position (comment, companyID) VALUES ('Architectural technologist Position', 102);
INSERT INTO position (comment, companyID) VALUES ('Nurse, childrens Position', 35);
INSERT INTO position (comment, companyID) VALUES ('Television production assistant Position', 32);
INSERT INTO position (comment, companyID) VALUES ('Tree surgeon Position', 177);
INSERT INTO position (comment, companyID) VALUES ('Engineer, technical sales Position', 9);
INSERT INTO position (comment, companyID) VALUES ('Accountant, chartered Position', 32);
INSERT INTO position (comment, companyID) VALUES ('Building control surveyor Position', 149);
INSERT INTO position (comment, companyID) VALUES ('Printmaker Position', 188);
INSERT INTO position (comment, companyID) VALUES ('Hospital pharmacist Position', 204);
INSERT INTO position (comment, companyID) VALUES ('Volunteer coordinator Position', 31);
INSERT INTO position (comment, companyID) VALUES ('Police officer Position', 226);
INSERT INTO position (comment, companyID) VALUES ('Structural engineer Position', 103);
INSERT INTO position (comment, companyID) VALUES ('Engineer, mining Position', 185);
INSERT INTO position (comment, companyID) VALUES ('Estate agent Position', 35);
INSERT INTO position (comment, companyID) VALUES ('Audiological scientist Position', 35);
INSERT INTO position (comment, companyID) VALUES ('Psychiatric nurse Position', 9);
INSERT INTO position (comment, companyID) VALUES ('Television production assistant Position', 149);
INSERT INTO position (comment, companyID) VALUES ('Forensic scientist Position', 214);
INSERT INTO position (comment, companyID) VALUES ('Administrator, sports Position', 35);
INSERT INTO position (comment, companyID) VALUES ('Press sub Position', 61);
INSERT INTO position (comment, companyID) VALUES ('Fast food restaurant manager Position', 196);
INSERT INTO position (comment, companyID) VALUES ('Chartered certified accountant Position', 78);
INSERT INTO position (comment, companyID) VALUES ('Proofreader Position', 102);
INSERT INTO position (comment, companyID) VALUES ('Secretary, company Position', 35);
INSERT INTO position (comment, companyID) VALUES ('Fitness centre manager Position', 188);
INSERT INTO position (comment, companyID) VALUES ('Armed forces technical officer Position', 61);
INSERT INTO position (comment, companyID) VALUES ('Development worker, community Position', 103);
INSERT INTO position (comment, companyID) VALUES ('Tourism officer Position', 177);
INSERT INTO position (comment, companyID) VALUES ('Psychologist, clinical Position', 32);
INSERT INTO position (comment, companyID) VALUES ('Interpreter Position', 241);
INSERT INTO position (comment, companyID) VALUES ('Computer games developer Position', 61);
INSERT INTO position (comment, companyID) VALUES ('Programmer, applications Position', 40);
INSERT INTO position (comment, companyID) VALUES ('Emergency planning/management officer Position', 9);
INSERT INTO position (comment, companyID) VALUES ('Corporate investment banker Position', 31);
INSERT INTO position (comment, companyID) VALUES ('International aid/development worker Position', 51);
INSERT INTO position (comment, companyID) VALUES ('Chartered management accountant Position', 149);

-- Populate the jobListing table
INSERT INTO jobListing (requiredGPA, numOpenings, applicationDeadline, payPerHour, numApplicants, description, title, companyID) VALUES (3.2, 6, '2024-12-02', 49.93, 30, 'Total global success at Brooks-Collins', 'Magazine journalist', 102);
INSERT INTO jobListing (requiredGPA, numOpenings, applicationDeadline, payPerHour, numApplicants, description, title, companyID) VALUES (3.3, 4, '2024-12-02', 22.63, 3, 'Advanced zero administration strategy at Reynolds-Graham', 'Secretary, company', 177);
INSERT INTO jobListing (requiredGPA, numOpenings, applicationDeadline, payPerHour, numApplicants, description, title, companyID) VALUES (2.9, 10, '2024-12-02', 39.93, 33, 'Compatible asymmetric architecture at Ortega Inc', 'Community pharmacist', 31);
INSERT INTO jobListing (requiredGPA, numOpenings, applicationDeadline, payPerHour, numApplicants, description, title, companyID) VALUES (2.5, 10, '2024-12-02', 42.63, 6, 'Re-engineered dynamic superstructure at Jones PLC', 'Transport planner', 214);
INSERT INTO jobListing (requiredGPA, numOpenings, applicationDeadline, payPerHour, numApplicants, description, title, companyID) VALUES (2.9, 6, '2024-12-02', 26.98, 4, 'Advanced composite frame at Mcintosh-Ross', 'Publishing rights manager', 185);
INSERT INTO jobListing (requiredGPA, numOpenings, applicationDeadline, payPerHour, numApplicants, description, title, companyID) VALUES (3.8, 1, '2024-12-02', 33.4, 49, 'Enhanced scalable toolset at Brown Ltd', 'Bonds trader', 128);
INSERT INTO jobListing (requiredGPA, numOpenings, applicationDeadline, payPerHour, numApplicants, description, title, companyID) VALUES (2.1, 7, '2024-12-02', 45.76, 25, 'Focused system-worthy flexibility at Whitaker-Flores', 'Investment analyst', 265);
INSERT INTO jobListing (requiredGPA, numOpenings, applicationDeadline, payPerHour, numApplicants, description, title, companyID) VALUES (3.3, 3, '2024-12-02', 46.73, 29, 'Re-engineered secondary emulation at Clark-Mckay', 'Education officer, museum', 185);
INSERT INTO jobListing (requiredGPA, numOpenings, applicationDeadline, payPerHour, numApplicants, description, title, companyID) VALUES (2.8, 8, '2024-12-02', 40.72, 7, 'Fundamental maximized forecast at Contreras Ltd', 'Acupuncturist', 31);
INSERT INTO jobListing (requiredGPA, numOpenings, applicationDeadline, payPerHour, numApplicants, description, title, companyID) VALUES (2.8, 2, '2024-12-02', 31.85, 18, 'Diverse non-volatile Internet solution at Ryan, Rios and Miles', 'Engineer, energy', 37);
INSERT INTO jobListing (requiredGPA, numOpenings, applicationDeadline, payPerHour, numApplicants, description, title, companyID) VALUES (2.4, 4, '2024-12-02', 38.52, 3, 'Innovative eco-centric framework at Black, Beck and Munoz', 'Armed forces logistics/support/administrative officer', 185);
INSERT INTO jobListing (requiredGPA, numOpenings, applicationDeadline, payPerHour, numApplicants, description, title, companyID) VALUES (2.1, 10, '2024-12-02', 48.97, 17, 'Distributed object-oriented approach at Griffin LLC', 'Careers adviser', 226);
INSERT INTO jobListing (requiredGPA, numOpenings, applicationDeadline, payPerHour, numApplicants, description, title, companyID) VALUES (2.2, 2, '2024-12-02', 36.74, 1, 'Customer-focused discrete knowledgebase at Lee, Erickson and Gentry', 'Civil engineer, contracting', 188);
INSERT INTO jobListing (requiredGPA, numOpenings, applicationDeadline, payPerHour, numApplicants, description, title, companyID) VALUES (2.1, 6, '2024-12-02', 46.45, 11, 'Profound impactful portal at Williams PLC', 'Health service manager', 78);
INSERT INTO jobListing (requiredGPA, numOpenings, applicationDeadline, payPerHour, numApplicants, description, title, companyID) VALUES (3.0, 6, '2024-12-02', 21.25, 27, 'Down-sized mobile productivity at Rodriguez Group', 'Printmaker', 265);
INSERT INTO jobListing (requiredGPA, numOpenings, applicationDeadline, payPerHour, numApplicants, description, title, companyID) VALUES (3.0, 5, '2024-12-02', 37.25, 0, 'Profit-focused value-added standardization at Bass, Castillo and Perez', 'Commercial horticulturist', 226);
INSERT INTO jobListing (requiredGPA, numOpenings, applicationDeadline, payPerHour, numApplicants, description, title, companyID) VALUES (2.3, 1, '2024-12-02', 18.4, 24, 'Proactive secondary initiative at Simpson PLC', 'Editor, magazine features', 214);
INSERT INTO jobListing (requiredGPA, numOpenings, applicationDeadline, payPerHour, numApplicants, description, title, companyID) VALUES (3.0, 2, '2024-12-02', 44.61, 39, 'Persevering foreground middleware at Butler, Martinez and Nelson', 'Public librarian', 149);
INSERT INTO jobListing (requiredGPA, numOpenings, applicationDeadline, payPerHour, numApplicants, description, title, companyID) VALUES (2.5, 10, '2024-12-02', 49.56, 45, 'Decentralized real-time infrastructure at Hickman Group', 'Solicitor, Scotland', 61);
INSERT INTO jobListing (requiredGPA, numOpenings, applicationDeadline, payPerHour, numApplicants, description, title, companyID) VALUES (2.2, 7, '2024-12-02', 38.81, 2, 'Managed client-server knowledgebase at Fisher Ltd', 'Geophysicist/field seismologist', 241);
INSERT INTO jobListing (requiredGPA, numOpenings, applicationDeadline, payPerHour, numApplicants, description, title, companyID) VALUES (2.9, 1, '2024-12-02', 29.08, 31, 'Re-contextualized systematic service-desk at Smith-Perry', 'Clinical cytogeneticist', 125);
INSERT INTO jobListing (requiredGPA, numOpenings, applicationDeadline, payPerHour, numApplicants, description, title, companyID) VALUES (2.7, 8, '2024-12-02', 42.31, 27, 'Synergistic content-based protocol at Nguyen-Vincent', 'Designer, blown glass/stained glass', 78);
INSERT INTO jobListing (requiredGPA, numOpenings, applicationDeadline, payPerHour, numApplicants, description, title, companyID) VALUES (2.4, 7, '2024-12-02', 25.26, 15, 'Networked radical alliance at Caldwell-Garcia', 'Dispensing optician', 128);
INSERT INTO jobListing (requiredGPA, numOpenings, applicationDeadline, payPerHour, numApplicants, description, title, companyID) VALUES (2.2, 2, '2024-12-02', 15.27, 30, 'Robust full-range artificial intelligence at Kent and Sons', 'Buyer, retail', 35);
INSERT INTO jobListing (requiredGPA, numOpenings, applicationDeadline, payPerHour, numApplicants, description, title, companyID) VALUES (3.2, 8, '2024-12-02', 31.91, 28, 'Function-based even-keeled array at Floyd, Harrison and Thomas', 'Geologist, engineering', 51);
INSERT INTO jobListing (requiredGPA, numOpenings, applicationDeadline, payPerHour, numApplicants, description, title, companyID) VALUES (2.8, 9, '2024-12-02', 15.15, 26, 'Optional 3rdgeneration moderator at Smith Ltd', 'Firefighter', 149);
INSERT INTO jobListing (requiredGPA, numOpenings, applicationDeadline, payPerHour, numApplicants, description, title, companyID) VALUES (3.1, 9, '2024-12-02', 25.56, 39, 'User-friendly didactic workforce at Anderson Group', 'Building services engineer', 78);
INSERT INTO jobListing (requiredGPA, numOpenings, applicationDeadline, payPerHour, numApplicants, description, title, companyID) VALUES (3.1, 9, '2024-12-02', 35.83, 45, 'Pre-emptive dynamic protocol at Rogers-Moore', 'Sales executive', 61);
INSERT INTO jobListing (requiredGPA, numOpenings, applicationDeadline, payPerHour, numApplicants, description, title, companyID) VALUES (2.3, 5, '2024-12-02', 35.0, 44, 'Customer-focused attitude-oriented time-frame at Davis LLC', 'Horticulturist, amenity', 188);
INSERT INTO jobListing (requiredGPA, numOpenings, applicationDeadline, payPerHour, numApplicants, description, title, companyID) VALUES (3.6, 4, '2024-12-02', 36.57, 15, 'Robust multi-tasking focus group at Smith Inc', 'Scientist, forensic', 208);
INSERT INTO jobListing (requiredGPA, numOpenings, applicationDeadline, payPerHour, numApplicants, description, title, companyID) VALUES (3.7, 3, '2024-12-02', 26.63, 26, 'Visionary next generation product at Estes, Merritt and Smith', 'Event organiser', 125);
INSERT INTO jobListing (requiredGPA, numOpenings, applicationDeadline, payPerHour, numApplicants, description, title, companyID) VALUES (3.2, 5, '2024-12-02', 28.13, 26, 'Front-line client-server database at Smith, Austin and Weaver', 'Musician', 265);
INSERT INTO jobListing (requiredGPA, numOpenings, applicationDeadline, payPerHour, numApplicants, description, title, companyID) VALUES (2.5, 10, '2024-12-02', 22.48, 31, 'Customer-focused 6thgeneration artificial intelligence at Williams, Williams and Ray', 'Radio broadcast assistant', 9);
INSERT INTO jobListing (requiredGPA, numOpenings, applicationDeadline, payPerHour, numApplicants, description, title, companyID) VALUES (3.9, 2, '2024-12-02', 25.61, 37, 'Decentralized systematic middleware at Coffey-Jones', 'Market researcher', 9);
INSERT INTO jobListing (requiredGPA, numOpenings, applicationDeadline, payPerHour, numApplicants, description, title, companyID) VALUES (3.0, 2, '2024-12-02', 32.21, 17, 'De-engineered multi-state Graphic Interface at Smith, Burke and Ewing', 'Counsellor', 188);
INSERT INTO jobListing (requiredGPA, numOpenings, applicationDeadline, payPerHour, numApplicants, description, title, companyID) VALUES (2.3, 9, '2024-12-02', 23.16, 28, 'Assimilated reciprocal migration at Hines Group', 'Engineer, building services', 149);
INSERT INTO jobListing (requiredGPA, numOpenings, applicationDeadline, payPerHour, numApplicants, description, title, companyID) VALUES (3.7, 9, '2024-12-02', 42.51, 16, 'Switchable object-oriented software at Foster-Evans', 'Editor, film/video', 149);
INSERT INTO jobListing (requiredGPA, numOpenings, applicationDeadline, payPerHour, numApplicants, description, title, companyID) VALUES (3.1, 10, '2024-12-02', 41.2, 25, 'Cloned holistic framework at Marshall-Lindsey', 'Product designer', 125);
INSERT INTO jobListing (requiredGPA, numOpenings, applicationDeadline, payPerHour, numApplicants, description, title, companyID) VALUES (3.0, 3, '2024-12-02', 15.23, 3, 'Cloned heuristic Graphic Interface at Wright and Sons', 'Call centre manager', 40);
INSERT INTO jobListing (requiredGPA, numOpenings, applicationDeadline, payPerHour, numApplicants, description, title, companyID) VALUES (3.6, 9, '2024-12-02', 19.95, 40, 'Ameliorated needs-based paradigm at Jones-Walls', 'Engineer, chemical', 103);
INSERT INTO jobListing (requiredGPA, numOpenings, applicationDeadline, payPerHour, numApplicants, description, title, companyID) VALUES (3.5, 1, '2024-12-02', 39.08, 22, 'Diverse executive focus group at Burns PLC', 'Catering manager', 196);
INSERT INTO jobListing (requiredGPA, numOpenings, applicationDeadline, payPerHour, numApplicants, description, title, companyID) VALUES (2.3, 5, '2024-12-02', 39.94, 14, 'Versatile transitional orchestration at Mills PLC', 'Scientist, biomedical', 226);
INSERT INTO jobListing (requiredGPA, numOpenings, applicationDeadline, payPerHour, numApplicants, description, title, companyID) VALUES (3.9, 6, '2024-12-02', 40.72, 35, 'Right-sized radical policy at Ochoa, Jordan and Phillips', 'Exercise physiologist', 208);
INSERT INTO jobListing (requiredGPA, numOpenings, applicationDeadline, payPerHour, numApplicants, description, title, companyID) VALUES (3.5, 2, '2024-12-02', 32.18, 18, 'Enhanced leadingedge utilization at White LLC', 'Social worker', 215);
INSERT INTO jobListing (requiredGPA, numOpenings, applicationDeadline, payPerHour, numApplicants, description, title, companyID) VALUES (2.5, 1, '2024-12-02', 48.4, 10, 'Fully-configurable solution-oriented algorithm at Holland LLC', 'Visual merchandiser', 226);
INSERT INTO jobListing (requiredGPA, numOpenings, applicationDeadline, payPerHour, numApplicants, description, title, companyID) VALUES (3.2, 2, '2024-12-02', 29.8, 43, 'Multi-tiered value-added encoding at Hayes-Gibson', 'Homeopath', 37);
INSERT INTO jobListing (requiredGPA, numOpenings, applicationDeadline, payPerHour, numApplicants, description, title, companyID) VALUES (2.5, 5, '2024-12-02', 37.91, 49, 'Business-focused holistic implementation at Kerr and Sons', 'Psychiatrist', 78);
INSERT INTO jobListing (requiredGPA, numOpenings, applicationDeadline, payPerHour, numApplicants, description, title, companyID) VALUES (2.9, 10, '2024-12-02', 34.9, 22, 'Sharable responsive extranet at Thornton-Harrell', 'Engineer, drilling', 226);
INSERT INTO jobListing (requiredGPA, numOpenings, applicationDeadline, payPerHour, numApplicants, description, title, companyID) VALUES (3.3, 5, '2024-12-02', 31.89, 25, 'Open-source asynchronous interface at Peterson-Stewart', 'Quarry manager', 102);
INSERT INTO jobListing (requiredGPA, numOpenings, applicationDeadline, payPerHour, numApplicants, description, title, companyID) VALUES (3.8, 5, '2024-12-02', 23.92, 0, 'Exclusive fault-tolerant database at Blevins, Wilkins and Reynolds', 'Physicist, medical', 128);
INSERT INTO jobListing (requiredGPA, numOpenings, applicationDeadline, payPerHour, numApplicants, description, title, companyID) VALUES (2.5, 6, '2024-12-02', 26.24, 25, 'Integrated dedicated projection at Williams, Kaiser and Maddox', 'Patent examiner', 78);
INSERT INTO jobListing (requiredGPA, numOpenings, applicationDeadline, payPerHour, numApplicants, description, title, companyID) VALUES (3.3, 10, '2024-12-02', 20.21, 19, 'Optional well-modulated pricing structure at Nichols Ltd', 'Music tutor', 103);
INSERT INTO jobListing (requiredGPA, numOpenings, applicationDeadline, payPerHour, numApplicants, description, title, companyID) VALUES (2.2, 4, '2024-12-02', 36.02, 37, 'Adaptive empowering interface at Brown Ltd', 'Chartered loss adjuster', 214);
INSERT INTO jobListing (requiredGPA, numOpenings, applicationDeadline, payPerHour, numApplicants, description, title, companyID) VALUES (3.8, 2, '2024-12-02', 47.93, 34, 'Reduced systemic Local Area Network at Church, Ortiz and Sullivan', 'Accountant, chartered', 177);
INSERT INTO jobListing (requiredGPA, numOpenings, applicationDeadline, payPerHour, numApplicants, description, title, companyID) VALUES (3.0, 2, '2024-12-02', 17.05, 9, 'Stand-alone fault-tolerant archive at Williams, Harper and Benjamin', 'Biomedical scientist', 31);
INSERT INTO jobListing (requiredGPA, numOpenings, applicationDeadline, payPerHour, numApplicants, description, title, companyID) VALUES (3.0, 7, '2024-12-02', 27.32, 16, 'Customizable heuristic toolset at English PLC', 'Orthoptist', 196);
INSERT INTO jobListing (requiredGPA, numOpenings, applicationDeadline, payPerHour, numApplicants, description, title, companyID) VALUES (2.9, 2, '2024-12-02', 35.26, 5, 'Fully-configurable value-added Internet solution at Taylor-Harris', 'Designer, furniture', 265);
INSERT INTO jobListing (requiredGPA, numOpenings, applicationDeadline, payPerHour, numApplicants, description, title, companyID) VALUES (3.8, 1, '2024-12-02', 21.61, 22, 'Front-line needs-based alliance at Durham, Strickland and Torres', 'Facilities manager', 215);
INSERT INTO jobListing (requiredGPA, numOpenings, applicationDeadline, payPerHour, numApplicants, description, title, companyID) VALUES (2.6, 3, '2024-12-02', 39.37, 9, 'Stand-alone responsive attitude at Hamilton-Brown', 'Designer, interior/spatial', 185);
INSERT INTO jobListing (requiredGPA, numOpenings, applicationDeadline, payPerHour, numApplicants, description, title, companyID) VALUES (3.4, 10, '2024-12-02', 47.56, 8, 'Grass-roots 24hour architecture at Gibson-Sparks', 'Camera operator', 9);
INSERT INTO jobListing (requiredGPA, numOpenings, applicationDeadline, payPerHour, numApplicants, description, title, companyID) VALUES (3.9, 3, '2024-12-02', 30.97, 33, 'Virtual intangible installation at Smith-Ferrell', 'Teacher, primary school', 265);
INSERT INTO jobListing (requiredGPA, numOpenings, applicationDeadline, payPerHour, numApplicants, description, title, companyID) VALUES (3.4, 10, '2024-12-02', 42.0, 6, 'Synergized zero-defect knowledge user at Robinson-Nielsen', 'Maintenance engineer', 185);
INSERT INTO jobListing (requiredGPA, numOpenings, applicationDeadline, payPerHour, numApplicants, description, title, companyID) VALUES (3.6, 5, '2024-12-02', 20.56, 40, 'Proactive local task-force at Smith-Bullock', 'Veterinary surgeon', 215);
INSERT INTO jobListing (requiredGPA, numOpenings, applicationDeadline, payPerHour, numApplicants, description, title, companyID) VALUES (2.5, 10, '2024-12-02', 36.11, 43, 'Open-source responsive algorithm at Cross Inc', 'Furniture designer', 204);
INSERT INTO jobListing (requiredGPA, numOpenings, applicationDeadline, payPerHour, numApplicants, description, title, companyID) VALUES (3.2, 10, '2024-12-02', 17.77, 49, 'Re-engineered solution-oriented orchestration at Hobbs-Mccarthy', 'Research scientist (life sciences)', 215);
INSERT INTO jobListing (requiredGPA, numOpenings, applicationDeadline, payPerHour, numApplicants, description, title, companyID) VALUES (3.6, 5, '2024-12-02', 46.95, 34, 'Reverse-engineered mission-critical customer loyalty at Randolph, Valentine and Hurley', 'Applications developer', 185);
INSERT INTO jobListing (requiredGPA, numOpenings, applicationDeadline, payPerHour, numApplicants, description, title, companyID) VALUES (2.8, 5, '2024-12-02', 39.94, 1, 'Up-sized fault-tolerant monitoring at Edwards Inc', 'Geographical information systems officer', 128);
INSERT INTO jobListing (requiredGPA, numOpenings, applicationDeadline, payPerHour, numApplicants, description, title, companyID) VALUES (3.3, 8, '2024-12-02', 38.15, 34, 'Ameliorated directional definition at Richardson-Martin', 'Colour technologist', 149);
INSERT INTO jobListing (requiredGPA, numOpenings, applicationDeadline, payPerHour, numApplicants, description, title, companyID) VALUES (3.9, 9, '2024-12-02', 38.38, 50, 'Synchronized foreground infrastructure at Gordon-Smith', 'Equities trader', 35);
INSERT INTO jobListing (requiredGPA, numOpenings, applicationDeadline, payPerHour, numApplicants, description, title, companyID) VALUES (2.1, 5, '2024-12-02', 40.26, 0, 'Persistent zero tolerance approach at Crawford, Griffith and Smith', 'Armed forces technical officer', 196);
INSERT INTO jobListing (requiredGPA, numOpenings, applicationDeadline, payPerHour, numApplicants, description, title, companyID) VALUES (2.4, 4, '2024-12-02', 42.44, 40, 'De-engineered 24hour budgetary management at Rogers-Blair', 'Health physicist', 31);
INSERT INTO jobListing (requiredGPA, numOpenings, applicationDeadline, payPerHour, numApplicants, description, title, companyID) VALUES (3.7, 2, '2024-12-02', 28.1, 8, 'Horizontal didactic service-desk at Rivera-Sanders', 'Field trials officer', 188);
INSERT INTO jobListing (requiredGPA, numOpenings, applicationDeadline, payPerHour, numApplicants, description, title, companyID) VALUES (2.2, 10, '2024-12-02', 23.32, 14, 'Re-contextualized value-added success at Cruz, Scott and Garrett', 'Visual merchandiser', 241);
INSERT INTO jobListing (requiredGPA, numOpenings, applicationDeadline, payPerHour, numApplicants, description, title, companyID) VALUES (3.2, 2, '2024-12-02', 25.55, 6, 'Decentralized composite moratorium at Brown-Roberts', 'Embryologist, clinical', 35);
INSERT INTO jobListing (requiredGPA, numOpenings, applicationDeadline, payPerHour, numApplicants, description, title, companyID) VALUES (3.1, 6, '2024-12-02', 18.68, 8, 'Reduced national methodology at Mcgee-Flores', 'Surveyor, planning and development', 37);
INSERT INTO jobListing (requiredGPA, numOpenings, applicationDeadline, payPerHour, numApplicants, description, title, companyID) VALUES (3.8, 5, '2024-12-02', 16.04, 48, 'Persistent motivating middleware at Frazier, Gates and Miller', 'Medical illustrator', 78);
INSERT INTO jobListing (requiredGPA, numOpenings, applicationDeadline, payPerHour, numApplicants, description, title, companyID) VALUES (3.7, 10, '2024-12-02', 33.26, 18, 'Open-architected leadingedge analyzer at Miller and Sons', 'Sales promotion account executive', 40);
INSERT INTO jobListing (requiredGPA, numOpenings, applicationDeadline, payPerHour, numApplicants, description, title, companyID) VALUES (2.2, 5, '2024-12-02', 25.27, 11, 'Synergistic 5thgeneration emulation at Johnson, Marks and Clark', 'Geoscientist', 35);
INSERT INTO jobListing (requiredGPA, numOpenings, applicationDeadline, payPerHour, numApplicants, description, title, companyID) VALUES (2.7, 4, '2024-12-02', 38.76, 37, 'Quality-focused 24/7 strategy at Leon-White', 'Speech and language therapist', 226);
INSERT INTO jobListing (requiredGPA, numOpenings, applicationDeadline, payPerHour, numApplicants, description, title, companyID) VALUES (3.7, 7, '2024-12-02', 40.32, 46, 'Pre-emptive transitional neural-net at Yang Group', 'Editorial assistant', 35);
INSERT INTO jobListing (requiredGPA, numOpenings, applicationDeadline, payPerHour, numApplicants, description, title, companyID) VALUES (2.6, 2, '2024-12-02', 33.67, 8, 'Business-focused multi-tasking secured line at Holland PLC', 'Energy manager', 31);
INSERT INTO jobListing (requiredGPA, numOpenings, applicationDeadline, payPerHour, numApplicants, description, title, companyID) VALUES (3.8, 1, '2024-12-02', 15.1, 10, 'Down-sized optimal hierarchy at Stevens Inc', 'Building control surveyor', 103);
INSERT INTO jobListing (requiredGPA, numOpenings, applicationDeadline, payPerHour, numApplicants, description, title, companyID) VALUES (3.0, 10, '2024-12-02', 25.04, 33, 'Devolved zero tolerance initiative at Hernandez, White and Shields', 'Fish farm manager', 208);
INSERT INTO jobListing (requiredGPA, numOpenings, applicationDeadline, payPerHour, numApplicants, description, title, companyID) VALUES (2.5, 3, '2024-12-02', 47.56, 0, 'Function-based system-worthy budgetary management at Fernandez-Levy', 'Producer, radio', 226);
INSERT INTO jobListing (requiredGPA, numOpenings, applicationDeadline, payPerHour, numApplicants, description, title, companyID) VALUES (2.5, 2, '2024-12-02', 47.98, 3, 'Synergized logistical methodology at Munoz-Watson', 'Sales executive', 226);
INSERT INTO jobListing (requiredGPA, numOpenings, applicationDeadline, payPerHour, numApplicants, description, title, companyID) VALUES (2.6, 1, '2024-12-02', 38.63, 23, 'Triple-buffered radical complexity at Miller, Francis and Howard', 'Administrator', 196);
INSERT INTO jobListing (requiredGPA, numOpenings, applicationDeadline, payPerHour, numApplicants, description, title, companyID) VALUES (2.3, 10, '2024-12-02', 34.83, 43, 'Total static methodology at Reynolds, Lewis and Richardson', 'Surveyor, minerals', 188);
INSERT INTO jobListing (requiredGPA, numOpenings, applicationDeadline, payPerHour, numApplicants, description, title, companyID) VALUES (2.0, 1, '2024-12-02', 21.08, 36, 'Up-sized exuding conglomeration at Taylor and Sons', 'Metallurgist', 40);
INSERT INTO jobListing (requiredGPA, numOpenings, applicationDeadline, payPerHour, numApplicants, description, title, companyID) VALUES (2.1, 6, '2024-12-02', 23.49, 30, 'Advanced next generation attitude at Burke-Santiago', 'Engineer, agricultural', 103);
INSERT INTO jobListing (requiredGPA, numOpenings, applicationDeadline, payPerHour, numApplicants, description, title, companyID) VALUES (2.8, 7, '2024-12-02', 32.99, 22, 'Reverse-engineered full-range process improvement at Potter PLC', 'Leisure centre manager', 185);
INSERT INTO jobListing (requiredGPA, numOpenings, applicationDeadline, payPerHour, numApplicants, description, title, companyID) VALUES (4.0, 3, '2024-12-02', 38.97, 26, 'Expanded hybrid customer loyalty at Roberts Group', 'Hydrologist', 265);
INSERT INTO jobListing (requiredGPA, numOpenings, applicationDeadline, payPerHour, numApplicants, description, title, companyID) VALUES (3.9, 5, '2024-12-02', 35.94, 11, 'Ameliorated radical toolset at Martinez-Perkins', 'Estate agent', 102);
INSERT INTO jobListing (requiredGPA, numOpenings, applicationDeadline, payPerHour, numApplicants, description, title, companyID) VALUES (2.9, 8, '2024-12-02', 37.87, 12, 'Horizontal disintermediate Graphical User Interface at Donovan, Ross and Noble', 'Optician, dispensing', 51);
INSERT INTO jobListing (requiredGPA, numOpenings, applicationDeadline, payPerHour, numApplicants, description, title, companyID) VALUES (3.2, 1, '2024-12-02', 22.09, 30, 'Organized optimizing utilization at Hawkins LLC', 'Homeopath', 214);
INSERT INTO jobListing (requiredGPA, numOpenings, applicationDeadline, payPerHour, numApplicants, description, title, companyID) VALUES (3.4, 7, '2024-12-02', 47.03, 10, 'Managed zero tolerance algorithm at Woods-Ball', 'Theatre director', 226);
INSERT INTO jobListing (requiredGPA, numOpenings, applicationDeadline, payPerHour, numApplicants, description, title, companyID) VALUES (2.6, 4, '2024-12-02', 40.81, 30, 'Streamlined responsive attitude at Morris, Maldonado and Copeland', 'Designer, multimedia', 125);
INSERT INTO jobListing (requiredGPA, numOpenings, applicationDeadline, payPerHour, numApplicants, description, title, companyID) VALUES (3.0, 5, '2024-12-02', 37.47, 37, 'Cross-group next generation product at Anderson PLC', 'Administrator, sports', 128);
INSERT INTO jobListing (requiredGPA, numOpenings, applicationDeadline, payPerHour, numApplicants, description, title, companyID) VALUES (3.5, 4, '2024-12-02', 29.27, 27, 'Grass-roots zero-defect Internet solution at Ramsey, Williams and Wells', 'Embryologist, clinical', 149);
INSERT INTO jobListing (requiredGPA, numOpenings, applicationDeadline, payPerHour, numApplicants, description, title, companyID) VALUES (3.6, 10, '2024-12-02', 44.44, 5, 'Optional non-volatile application at Diaz and Sons', 'Investment banker, operational', 61);
INSERT INTO jobListing (requiredGPA, numOpenings, applicationDeadline, payPerHour, numApplicants, description, title, companyID) VALUES (2.9, 3, '2024-12-02', 19.31, 50, 'Re-contextualized high-level orchestration at Keller-Freeman', 'Television camera operator', 35);


INSERT INTO application (applicantID, listingID, coverLetter) VALUES (2, 1, 'Cover letter from Tiffany Smith for listing 1');
INSERT INTO application (applicantID, listingID, coverLetter) VALUES (3, 2, 'Cover letter from Larry Walker for listing 2');
INSERT INTO application (applicantID, listingID, coverLetter) VALUES (6, 3, 'Cover letter from Carla Graves for listing 3');
INSERT INTO application (applicantID, listingID, coverLetter) VALUES (7, 4, 'Cover letter from Bryan Allen for listing 4');
INSERT INTO application (applicantID, listingID, coverLetter) VALUES (8, 5, 'Cover letter from Lisa Brennan for listing 5');
INSERT INTO application (applicantID, listingID, coverLetter) VALUES (12, 6, 'Cover letter from Sarah Parks for listing 6');
INSERT INTO application (applicantID, listingID, coverLetter) VALUES (13, 7, 'Cover letter from Paul Davis for listing 7');
INSERT INTO application (applicantID, listingID, coverLetter) VALUES (14, 8, 'Cover letter from Matthew Hunter for listing 8');
INSERT INTO application (applicantID, listingID, coverLetter) VALUES (15, 9, 'Cover letter from Frank Robinson for listing 9');
INSERT INTO application (applicantID, listingID, coverLetter) VALUES (16, 10, 'Cover letter from Timothy Taylor for listing 10');
INSERT INTO application (applicantID, listingID, coverLetter) VALUES (18, 11, 'Cover letter from James Jordan for listing 11');
INSERT INTO application (applicantID, listingID, coverLetter) VALUES (19, 12, 'Cover letter from Kyle Cross for listing 12');
INSERT INTO application (applicantID, listingID, coverLetter) VALUES (20, 13, 'Cover letter from April Gilbert for listing 13');
INSERT INTO application (applicantID, listingID, coverLetter) VALUES (21, 14, 'Cover letter from Bryan Lane for listing 14');
INSERT INTO application (applicantID, listingID, coverLetter) VALUES (23, 15, 'Cover letter from Kathy Sanchez for listing 15');
INSERT INTO application (applicantID, listingID, coverLetter) VALUES (24, 16, 'Cover letter from Michelle Blevins for listing 16');
INSERT INTO application (applicantID, listingID, coverLetter) VALUES (25, 17, 'Cover letter from Michael Shaw for listing 17');
INSERT INTO application (applicantID, listingID, coverLetter) VALUES (26, 18, 'Cover letter from Karina Buck for listing 18');
INSERT INTO application (applicantID, listingID, coverLetter) VALUES (28, 19, 'Cover letter from Eric Jensen for listing 19');
INSERT INTO application (applicantID, listingID, coverLetter) VALUES (29, 20, 'Cover letter from Robert Welch for listing 20');
INSERT INTO application (applicantID, listingID, coverLetter) VALUES (30, 21, 'Cover letter from Dennis Robertson for listing 21');
INSERT INTO application (applicantID, listingID, coverLetter) VALUES (33, 22, 'Cover letter from Bailey Brown for listing 22');
INSERT INTO application (applicantID, listingID, coverLetter) VALUES (36, 23, 'Cover letter from Caleb Patton for listing 23');
INSERT INTO application (applicantID, listingID, coverLetter) VALUES (38, 24, 'Cover letter from Shannon Warner for listing 24');
INSERT INTO application (applicantID, listingID, coverLetter) VALUES (41, 25, 'Cover letter from Alexis Davidson for listing 25');
INSERT INTO application (applicantID, listingID, coverLetter) VALUES (42, 26, 'Cover letter from Adam Pineda for listing 26');
INSERT INTO application (applicantID, listingID, coverLetter) VALUES (43, 27, 'Cover letter from Carrie Kelly for listing 27');
INSERT INTO application (applicantID, listingID, coverLetter) VALUES (44, 28, 'Cover letter from Bradley Cooley for listing 28');
INSERT INTO application (applicantID, listingID, coverLetter) VALUES (45, 29, 'Cover letter from Jared Wright for listing 29');
INSERT INTO application (applicantID, listingID, coverLetter) VALUES (46, 30, 'Cover letter from Christopher Wagner for listing 30');
INSERT INTO application (applicantID, listingID, coverLetter) VALUES (47, 31, 'Cover letter from David Frazier for listing 31');
INSERT INTO application (applicantID, listingID, coverLetter) VALUES (48, 32, 'Cover letter from Wayne Arellano for listing 32');
INSERT INTO application (applicantID, listingID, coverLetter) VALUES (49, 33, 'Cover letter from Jonathan Young for listing 33');
INSERT INTO application (applicantID, listingID, coverLetter) VALUES (50, 34, 'Cover letter from Autumn Roberts for listing 34');
INSERT INTO application (applicantID, listingID, coverLetter) VALUES (53, 35, 'Cover letter from Anthony Mills for listing 35');
INSERT INTO application (applicantID, listingID, coverLetter) VALUES (55, 36, 'Cover letter from Carolyn Stevenson for listing 36');
INSERT INTO application (applicantID, listingID, coverLetter) VALUES (56, 37, 'Cover letter from Brenda Rodriguez for listing 37');
INSERT INTO application (applicantID, listingID, coverLetter) VALUES (57, 38, 'Cover letter from Donald Pratt for listing 38');
INSERT INTO application (applicantID, listingID, coverLetter) VALUES (58, 39, 'Cover letter from Richard Moreno for listing 39');
INSERT INTO application (applicantID, listingID, coverLetter) VALUES (60, 40, 'Cover letter from Mary Yoder for listing 40');
INSERT INTO application (applicantID, listingID, coverLetter) VALUES (63, 41, 'Cover letter from Shane Estes for listing 41');
INSERT INTO application (applicantID, listingID, coverLetter) VALUES (64, 42, 'Cover letter from Shelly Garcia for listing 42');
INSERT INTO application (applicantID, listingID, coverLetter) VALUES (67, 43, 'Cover letter from Brian Stewart for listing 43');
INSERT INTO application (applicantID, listingID, coverLetter) VALUES (68, 44, 'Cover letter from Renee Cole for listing 44');
INSERT INTO application (applicantID, listingID, coverLetter) VALUES (69, 45, 'Cover letter from Anthony Porter for listing 45');
INSERT INTO application (applicantID, listingID, coverLetter) VALUES (70, 46, 'Cover letter from Cheryl Solis for listing 46');
INSERT INTO application (applicantID, listingID, coverLetter) VALUES (71, 47, 'Cover letter from Lisa Turner for listing 47');
INSERT INTO application (applicantID, listingID, coverLetter) VALUES (72, 48, 'Cover letter from Joseph Smith for listing 48');
INSERT INTO application (applicantID, listingID, coverLetter) VALUES (73, 49, 'Cover letter from Christopher Collins for listing 49');
INSERT INTO application (applicantID, listingID, coverLetter) VALUES (74, 50, 'Cover letter from Heather Bradford for listing 50');
INSERT INTO application (applicantID, listingID, coverLetter) VALUES (75, 51, 'Cover letter from Jason Jones for listing 51');
INSERT INTO application (applicantID, listingID, coverLetter) VALUES (76, 52, 'Cover letter from Michael Gutierrez for listing 52');
INSERT INTO application (applicantID, listingID, coverLetter) VALUES (77, 53, 'Cover letter from Ian Cobb for listing 53');
INSERT INTO application (applicantID, listingID, coverLetter) VALUES (79, 54, 'Cover letter from Jennifer Brown for listing 54');
INSERT INTO application (applicantID, listingID, coverLetter) VALUES (81, 55, 'Cover letter from Matthew Morrison for listing 55');
INSERT INTO application (applicantID, listingID, coverLetter) VALUES (83, 56, 'Cover letter from Jon Bridges for listing 56');
INSERT INTO application (applicantID, listingID, coverLetter) VALUES (84, 57, 'Cover letter from William Rose for listing 57');
INSERT INTO application (applicantID, listingID, coverLetter) VALUES (85, 58, 'Cover letter from Christina Jones for listing 58');
INSERT INTO application (applicantID, listingID, coverLetter) VALUES (87, 59, 'Cover letter from Paul Taylor for listing 59');
INSERT INTO application (applicantID, listingID, coverLetter) VALUES (89, 60, 'Cover letter from Shelley Anderson for listing 60');
INSERT INTO application (applicantID, listingID, coverLetter) VALUES (90, 61, 'Cover letter from Zachary Newton for listing 61');
INSERT INTO application (applicantID, listingID, coverLetter) VALUES (91, 62, 'Cover letter from Crystal White for listing 62');
INSERT INTO application (applicantID, listingID, coverLetter) VALUES (92, 63, 'Cover letter from Kathleen Chen for listing 63');
INSERT INTO application (applicantID, listingID, coverLetter) VALUES (93, 64, 'Cover letter from Alexander Moore for listing 64');
INSERT INTO application (applicantID, listingID, coverLetter) VALUES (94, 65, 'Cover letter from John Martinez for listing 65');
INSERT INTO application (applicantID, listingID, coverLetter) VALUES (95, 66, 'Cover letter from Heather Ryan for listing 66');
INSERT INTO application (applicantID, listingID, coverLetter) VALUES (97, 67, 'Cover letter from Jennifer Anderson for listing 67');
INSERT INTO application (applicantID, listingID, coverLetter) VALUES (98, 68, 'Cover letter from Bryan Oliver for listing 68');
INSERT INTO application (applicantID, listingID, coverLetter) VALUES (99, 69, 'Cover letter from Carrie Watson for listing 69');
INSERT INTO application (applicantID, listingID, coverLetter) VALUES (100, 70, 'Cover letter from Albert Beard for listing 70');
INSERT INTO application (applicantID, listingID, coverLetter) VALUES (101, 71, 'Cover letter from Kenneth Murray for listing 71');
INSERT INTO application (applicantID, listingID, coverLetter) VALUES (104, 72, 'Cover letter from Christy Clark for listing 72');
INSERT INTO application (applicantID, listingID, coverLetter) VALUES (105, 73, 'Cover letter from Aaron Owens for listing 73');
INSERT INTO application (applicantID, listingID, coverLetter) VALUES (106, 74, 'Cover letter from Jeremy Peterson for listing 74');
INSERT INTO application (applicantID, listingID, coverLetter) VALUES (109, 75, 'Cover letter from Anthony Kim for listing 75');
INSERT INTO application (applicantID, listingID, coverLetter) VALUES (110, 76, 'Cover letter from Pam George for listing 76');
INSERT INTO application (applicantID, listingID, coverLetter) VALUES (111, 77, 'Cover letter from Robin Vazquez for listing 77');
INSERT INTO application (applicantID, listingID, coverLetter) VALUES (112, 78, 'Cover letter from Emily Campbell for listing 78');
INSERT INTO application (applicantID, listingID, coverLetter) VALUES (113, 79, 'Cover letter from Ethan Pena for listing 79');
INSERT INTO application (applicantID, listingID, coverLetter) VALUES (115, 80, 'Cover letter from Lauren Mccullough for listing 80');
INSERT INTO application (applicantID, listingID, coverLetter) VALUES (116, 81, 'Cover letter from Aaron Koch for listing 81');
INSERT INTO application (applicantID, listingID, coverLetter) VALUES (118, 82, 'Cover letter from Lauren Perez for listing 82');
INSERT INTO application (applicantID, listingID, coverLetter) VALUES (120, 83, 'Cover letter from Daniel Flores for listing 83');
INSERT INTO application (applicantID, listingID, coverLetter) VALUES (121, 84, 'Cover letter from David George for listing 84');
INSERT INTO application (applicantID, listingID, coverLetter) VALUES (123, 85, 'Cover letter from Rodney Wood for listing 85');
INSERT INTO application (applicantID, listingID, coverLetter) VALUES (124, 86, 'Cover letter from Jeremy Rodriguez for listing 86');
INSERT INTO application (applicantID, listingID, coverLetter) VALUES (126, 87, 'Cover letter from Kayla Benson for listing 87');
INSERT INTO application (applicantID, listingID, coverLetter) VALUES (127, 88, 'Cover letter from Patrick Orozco for listing 88');
INSERT INTO application (applicantID, listingID, coverLetter) VALUES (129, 89, 'Cover letter from Susan Gomez for listing 89');
INSERT INTO application (applicantID, listingID, coverLetter) VALUES (130, 90, 'Cover letter from Katherine Yates for listing 90');
INSERT INTO application (applicantID, listingID, coverLetter) VALUES (132, 91, 'Cover letter from Nicholas Lowe for listing 91');
INSERT INTO application (applicantID, listingID, coverLetter) VALUES (133, 92, 'Cover letter from Brenda Gordon for listing 92');
INSERT INTO application (applicantID, listingID, coverLetter) VALUES (134, 93, 'Cover letter from Stefanie Martin for listing 93');
INSERT INTO application (applicantID, listingID, coverLetter) VALUES (135, 94, 'Cover letter from Terri Thomas for listing 94');
INSERT INTO application (applicantID, listingID, coverLetter) VALUES (136, 95, 'Cover letter from Elizabeth Jones for listing 95');
INSERT INTO application (applicantID, listingID, coverLetter) VALUES (137, 96, 'Cover letter from Erin Benson for listing 96');
INSERT INTO application (applicantID, listingID, coverLetter) VALUES (138, 97, 'Cover letter from Rebecca Simmons for listing 97');
INSERT INTO application (applicantID, listingID, coverLetter) VALUES (140, 98, 'Cover letter from Ashley York for listing 98');
INSERT INTO application (applicantID, listingID, coverLetter) VALUES (142, 99, 'Cover letter from Jessica Roberts for listing 99');
INSERT INTO application (applicantID, listingID, coverLetter) VALUES (144, 100, 'Cover letter from Julie Curry for listing 100');

-- Populate the alumnus table
INSERT INTO alumnus (id, firstName, lastName, jobID) VALUES (4, 'Alexa', 'Moore', 1);
INSERT INTO alumnus (id, firstName, lastName, jobID) VALUES (5, 'Leslie', 'Gonzalez', 2);
INSERT INTO alumnus (id, firstName, lastName, jobID) VALUES (11, 'Mary', 'Gray', 3);
INSERT INTO alumnus (id, firstName, lastName, jobID) VALUES (22, 'Anthony', 'Ortiz', 4);
INSERT INTO alumnus (id, firstName, lastName, jobID) VALUES (27, 'Corey', 'Brown', 5);
INSERT INTO alumnus (id, firstName, lastName, jobID) VALUES (34, 'Mary', 'Munoz', 6);
INSERT INTO alumnus (id, firstName, lastName, jobID) VALUES (52, 'Todd', 'Dorsey', 7);
INSERT INTO alumnus (id, firstName, lastName, jobID) VALUES (59, 'Linda', 'Rich', 8);
INSERT INTO alumnus (id, firstName, lastName, jobID) VALUES (62, 'Nicole', 'Diaz', 9);
INSERT INTO alumnus (id, firstName, lastName, jobID) VALUES (65, 'Jeremy', 'Owens', 10);
INSERT INTO alumnus (id, firstName, lastName, jobID) VALUES (66, 'Rebecca', 'Hernandez', 11);
INSERT INTO alumnus (id, firstName, lastName, jobID) VALUES (80, 'Jasmine', 'Cummings', 12);
INSERT INTO alumnus (id, firstName, lastName, jobID) VALUES (82, 'Linda', 'Perez', 13);
INSERT INTO alumnus (id, firstName, lastName, jobID) VALUES (86, 'Amanda', 'Guerrero', 14);
INSERT INTO alumnus (id, firstName, lastName, jobID) VALUES (88, 'Xavier', 'Freeman', 15);
INSERT INTO alumnus (id, firstName, lastName, jobID) VALUES (96, 'Brian', 'Robinson', 16);
INSERT INTO alumnus (id, firstName, lastName, jobID) VALUES (108, 'Daniel', 'Davis', 17);
INSERT INTO alumnus (id, firstName, lastName, jobID) VALUES (119, 'Wayne', 'Hardy', 18);
INSERT INTO alumnus (id, firstName, lastName, jobID) VALUES (139, 'Dylan', 'Gallegos', 19);
INSERT INTO alumnus (id, firstName, lastName, jobID) VALUES (143, 'Julia', 'King', 20);
INSERT INTO alumnus (id, firstName, lastName, jobID) VALUES (157, 'Jessica', 'Miller', 21);
INSERT INTO alumnus (id, firstName, lastName, jobID) VALUES (158, 'Julian', 'Torres', 22);
INSERT INTO alumnus (id, firstName, lastName, jobID) VALUES (159, 'Jennifer', 'Hill', 23);
INSERT INTO alumnus (id, firstName, lastName, jobID) VALUES (169, 'Michael', 'Sweeney', 24);
INSERT INTO alumnus (id, firstName, lastName, jobID) VALUES (186, 'Christopher', 'Thompson', 25);
INSERT INTO alumnus (id, firstName, lastName, jobID) VALUES (201, 'Kurt', 'Nielsen', 26);
INSERT INTO alumnus (id, firstName, lastName, jobID) VALUES (205, 'Matthew', 'Jacobs', 27);
INSERT INTO alumnus (id, firstName, lastName, jobID) VALUES (210, 'Gary', 'Osborne', 28);
INSERT INTO alumnus (id, firstName, lastName, jobID) VALUES (218, 'Stephen', 'Brewer', 29);
INSERT INTO alumnus (id, firstName, lastName, jobID) VALUES (222, 'Erin', 'Garcia', 30);
INSERT INTO alumnus (id, firstName, lastName, jobID) VALUES (225, 'Kathy', 'Dominguez', 31);
INSERT INTO alumnus (id, firstName, lastName, jobID) VALUES (243, 'Lisa', 'Berry', 32);
INSERT INTO alumnus (id, firstName, lastName, jobID) VALUES (250, 'Melanie', 'Montgomery', 33);
INSERT INTO alumnus (id, firstName, lastName, jobID) VALUES (253, 'Michelle', 'Collins', 34);
INSERT INTO alumnus (id, firstName, lastName, jobID) VALUES (263, 'Rebecca', 'Robinson', 35);
INSERT INTO alumnus (id, firstName, lastName, jobID) VALUES (267, 'Cameron', 'Watson', 36);
INSERT INTO alumnus (id, firstName, lastName, jobID) VALUES (272, 'Brenda', 'Reed', 37);
INSERT INTO alumnus (id, firstName, lastName, jobID) VALUES (285, 'Travis', 'Jenkins', 38);
INSERT INTO alumnus (id, firstName, lastName, jobID) VALUES (288, 'Patrick', 'Evans', 39);
INSERT INTO alumnus (id, firstName, lastName, jobID) VALUES (289, 'Jack', 'Richards', 1);

-- Populate the friends table
INSERT INTO friends (friend1ID, friend2ID) VALUES (292, 15);
INSERT INTO friends (friend1ID, friend2ID) VALUES (294, 46);
INSERT INTO friends (friend1ID, friend2ID) VALUES (213, 84);
INSERT INTO friends (friend1ID, friend2ID) VALUES (103, 121);
INSERT INTO friends (friend1ID, friend2ID) VALUES (242, 276);
INSERT INTO friends (friend1ID, friend2ID) VALUES (79, 297);
INSERT INTO friends (friend1ID, friend2ID) VALUES (295, 231);
INSERT INTO friends (friend1ID, friend2ID) VALUES (1, 300);
INSERT INTO friends (friend1ID, friend2ID) VALUES (243, 37);
INSERT INTO friends (friend1ID, friend2ID) VALUES (46, 231);
INSERT INTO friends (friend1ID, friend2ID) VALUES (161, 137);
INSERT INTO friends (friend1ID, friend2ID) VALUES (254, 66);
INSERT INTO friends (friend1ID, friend2ID) VALUES (119, 192);
INSERT INTO friends (friend1ID, friend2ID) VALUES (90, 98);
INSERT INTO friends (friend1ID, friend2ID) VALUES (289, 80);
INSERT INTO friends (friend1ID, friend2ID) VALUES (195, 191);
INSERT INTO friends (friend1ID, friend2ID) VALUES (276, 51);
INSERT INTO friends (friend1ID, friend2ID) VALUES (164, 256);
INSERT INTO friends (friend1ID, friend2ID) VALUES (286, 125);
INSERT INTO friends (friend1ID, friend2ID) VALUES (132, 103);
INSERT INTO friends (friend1ID, friend2ID) VALUES (164, 264);
INSERT INTO friends (friend1ID, friend2ID) VALUES (267, 70);
INSERT INTO friends (friend1ID, friend2ID) VALUES (84, 178);
INSERT INTO friends (friend1ID, friend2ID) VALUES (151, 152);
INSERT INTO friends (friend1ID, friend2ID) VALUES (100, 61);
INSERT INTO friends (friend1ID, friend2ID) VALUES (90, 41);
INSERT INTO friends (friend1ID, friend2ID) VALUES (241, 81);
INSERT INTO friends (friend1ID, friend2ID) VALUES (201, 268);
INSERT INTO friends (friend1ID, friend2ID) VALUES (51, 255);
INSERT INTO friends (friend1ID, friend2ID) VALUES (33, 81);
INSERT INTO friends (friend1ID, friend2ID) VALUES (115, 244);
INSERT INTO friends (friend1ID, friend2ID) VALUES (183, 195);
INSERT INTO friends (friend1ID, friend2ID) VALUES (252, 41);
INSERT INTO friends (friend1ID, friend2ID) VALUES (112, 259);
INSERT INTO friends (friend1ID, friend2ID) VALUES (246, 27);
INSERT INTO friends (friend1ID, friend2ID) VALUES (122, 265);
INSERT INTO friends (friend1ID, friend2ID) VALUES (101, 239);
INSERT INTO friends (friend1ID, friend2ID) VALUES (69, 19);
INSERT INTO friends (friend1ID, friend2ID) VALUES (118, 147);
INSERT INTO friends (friend1ID, friend2ID) VALUES (254, 295);
INSERT INTO friends (friend1ID, friend2ID) VALUES (230, 253);
INSERT INTO friends (friend1ID, friend2ID) VALUES (71, 28);
INSERT INTO friends (friend1ID, friend2ID) VALUES (97, 83);
INSERT INTO friends (friend1ID, friend2ID) VALUES (33, 62);
INSERT INTO friends (friend1ID, friend2ID) VALUES (247, 203);
INSERT INTO friends (friend1ID, friend2ID) VALUES (92, 299);
INSERT INTO friends (friend1ID, friend2ID) VALUES (115, 21);
INSERT INTO friends (friend1ID, friend2ID) VALUES (236, 24);
INSERT INTO friends (friend1ID, friend2ID) VALUES (87, 201);
INSERT INTO friends (friend1ID, friend2ID) VALUES (36, 31);
INSERT INTO friends (friend1ID, friend2ID) VALUES (127, 164);
INSERT INTO friends (friend1ID, friend2ID) VALUES (276, 210);
INSERT INTO friends (friend1ID, friend2ID) VALUES (238, 174);
INSERT INTO friends (friend1ID, friend2ID) VALUES (139, 164);
INSERT INTO friends (friend1ID, friend2ID) VALUES (35, 113);
INSERT INTO friends (friend1ID, friend2ID) VALUES (258, 172);
INSERT INTO friends (friend1ID, friend2ID) VALUES (82, 287);
INSERT INTO friends (friend1ID, friend2ID) VALUES (23, 116);
INSERT INTO friends (friend1ID, friend2ID) VALUES (269, 226);
INSERT INTO friends (friend1ID, friend2ID) VALUES (230, 56);
INSERT INTO friends (friend1ID, friend2ID) VALUES (236, 153);
INSERT INTO friends (friend1ID, friend2ID) VALUES (269, 33);
INSERT INTO friends (friend1ID, friend2ID) VALUES (247, 154);
INSERT INTO friends (friend1ID, friend2ID) VALUES (68, 288);
INSERT INTO friends (friend1ID, friend2ID) VALUES (183, 291);
INSERT INTO friends (friend1ID, friend2ID) VALUES (98, 195);
INSERT INTO friends (friend1ID, friend2ID) VALUES (205, 186);
INSERT INTO friends (friend1ID, friend2ID) VALUES (161, 178);
INSERT INTO friends (friend1ID, friend2ID) VALUES (258, 275);
INSERT INTO friends (friend1ID, friend2ID) VALUES (78, 58);
INSERT INTO friends (friend1ID, friend2ID) VALUES (186, 202);
INSERT INTO friends (friend1ID, friend2ID) VALUES (133, 148);
INSERT INTO friends (friend1ID, friend2ID) VALUES (111, 98);
INSERT INTO friends (friend1ID, friend2ID) VALUES (232, 179);
INSERT INTO friends (friend1ID, friend2ID) VALUES (7, 261);
INSERT INTO friends (friend1ID, friend2ID) VALUES (260, 165);
INSERT INTO friends (friend1ID, friend2ID) VALUES (226, 39);
INSERT INTO friends (friend1ID, friend2ID) VALUES (63, 190);
INSERT INTO friends (friend1ID, friend2ID) VALUES (1, 42);
INSERT INTO friends (friend1ID, friend2ID) VALUES (171, 293);
INSERT INTO friends (friend1ID, friend2ID) VALUES (277, 207);
INSERT INTO friends (friend1ID, friend2ID) VALUES (29, 106);
INSERT INTO friends (friend1ID, friend2ID) VALUES (107, 109);
INSERT INTO friends (friend1ID, friend2ID) VALUES (181, 259);
INSERT INTO friends (friend1ID, friend2ID) VALUES (44, 137);
INSERT INTO friends (friend1ID, friend2ID) VALUES (91, 61);
INSERT INTO friends (friend1ID, friend2ID) VALUES (290, 121);
INSERT INTO friends (friend1ID, friend2ID) VALUES (240, 90);
INSERT INTO friends (friend1ID, friend2ID) VALUES (9, 65);
INSERT INTO friends (friend1ID, friend2ID) VALUES (104, 276);
INSERT INTO friends (friend1ID, friend2ID) VALUES (221, 16);
INSERT INTO friends (friend1ID, friend2ID) VALUES (194, 26);
INSERT INTO friends (friend1ID, friend2ID) VALUES (175, 195);
INSERT INTO friends (friend1ID, friend2ID) VALUES (299, 229);
INSERT INTO friends (friend1ID, friend2ID) VALUES (46, 175);
INSERT INTO friends (friend1ID, friend2ID) VALUES (151, 285);
INSERT INTO friends (friend1ID, friend2ID) VALUES (286, 296);
INSERT INTO friends (friend1ID, friend2ID) VALUES (16, 155);
INSERT INTO friends (friend1ID, friend2ID) VALUES (102, 77);
INSERT INTO friends (friend1ID, friend2ID) VALUES (186, 133);
INSERT INTO friends (friend1ID, friend2ID) VALUES (281, 255);
INSERT INTO friends (friend1ID, friend2ID) VALUES (78, 48);
INSERT INTO friends (friend1ID, friend2ID) VALUES (80, 234);
INSERT INTO friends (friend1ID, friend2ID) VALUES (105, 284);
INSERT INTO friends (friend1ID, friend2ID) VALUES (188, 299);
INSERT INTO friends (friend1ID, friend2ID) VALUES (46, 132);
INSERT INTO friends (friend1ID, friend2ID) VALUES (66, 104);
INSERT INTO friends (friend1ID, friend2ID) VALUES (215, 8);
INSERT INTO friends (friend1ID, friend2ID) VALUES (82, 23);
INSERT INTO friends (friend1ID, friend2ID) VALUES (228, 271);
INSERT INTO friends (friend1ID, friend2ID) VALUES (116, 80);
INSERT INTO friends (friend1ID, friend2ID) VALUES (277, 300);
INSERT INTO friends (friend1ID, friend2ID) VALUES (175, 179);
INSERT INTO friends (friend1ID, friend2ID) VALUES (96, 300);
INSERT INTO friends (friend1ID, friend2ID) VALUES (173, 212);
INSERT INTO friends (friend1ID, friend2ID) VALUES (35, 90);
INSERT INTO friends (friend1ID, friend2ID) VALUES (287, 295);
INSERT INTO friends (friend1ID, friend2ID) VALUES (113, 140);
INSERT INTO friends (friend1ID, friend2ID) VALUES (263, 173);
INSERT INTO friends (friend1ID, friend2ID) VALUES (245, 170);
INSERT INTO friends (friend1ID, friend2ID) VALUES (21, 5);
INSERT INTO friends (friend1ID, friend2ID) VALUES (10, 232);
INSERT INTO friends (friend1ID, friend2ID) VALUES (105, 29);
INSERT INTO friends (friend1ID, friend2ID) VALUES (80, 79);
INSERT INTO friends (friend1ID, friend2ID) VALUES (88, 12);
INSERT INTO friends (friend1ID, friend2ID) VALUES (222, 120);
INSERT INTO friends (friend1ID, friend2ID) VALUES (115, 138);
INSERT INTO friends (friend1ID, friend2ID) VALUES (251, 18);
INSERT INTO friends (friend1ID, friend2ID) VALUES (183, 200);
INSERT INTO friends (friend1ID, friend2ID) VALUES (50, 6);
INSERT INTO friends (friend1ID, friend2ID) VALUES (58, 124);
INSERT INTO friends (friend1ID, friend2ID) VALUES (131, 157);
INSERT INTO friends (friend1ID, friend2ID) VALUES (250, 231);
INSERT INTO friends (friend1ID, friend2ID) VALUES (300, 201);
INSERT INTO friends (friend1ID, friend2ID) VALUES (84, 74);
INSERT INTO friends (friend1ID, friend2ID) VALUES (36, 158);
INSERT INTO friends (friend1ID, friend2ID) VALUES (47, 69);
INSERT INTO friends (friend1ID, friend2ID) VALUES (45, 278);
INSERT INTO friends (friend1ID, friend2ID) VALUES (84, 225);
INSERT INTO friends (friend1ID, friend2ID) VALUES (184, 165);
INSERT INTO friends (friend1ID, friend2ID) VALUES (25, 26);
INSERT INTO friends (friend1ID, friend2ID) VALUES (155, 29);
INSERT INTO friends (friend1ID, friend2ID) VALUES (165, 240);
INSERT INTO friends (friend1ID, friend2ID) VALUES (125, 16);
INSERT INTO friends (friend1ID, friend2ID) VALUES (37, 297);
INSERT INTO friends (friend1ID, friend2ID) VALUES (88, 149);
INSERT INTO friends (friend1ID, friend2ID) VALUES (139, 52);
INSERT INTO friends (friend1ID, friend2ID) VALUES (106, 70);
INSERT INTO friends (friend1ID, friend2ID) VALUES (119, 75);
INSERT INTO friends (friend1ID, friend2ID) VALUES (35, 234);
INSERT INTO friends (friend1ID, friend2ID) VALUES (62, 35);
INSERT INTO friends (friend1ID, friend2ID) VALUES (128, 266);
INSERT INTO friends (friend1ID, friend2ID) VALUES (61, 31);
INSERT INTO friends (friend1ID, friend2ID) VALUES (135, 285);
INSERT INTO friends (friend1ID, friend2ID) VALUES (118, 37);
INSERT INTO friends (friend1ID, friend2ID) VALUES (51, 174);
INSERT INTO friends (friend1ID, friend2ID) VALUES (236, 187);
INSERT INTO friends (friend1ID, friend2ID) VALUES (84, 60);
INSERT INTO friends (friend1ID, friend2ID) VALUES (262, 139);
INSERT INTO friends (friend1ID, friend2ID) VALUES (236, 198);
INSERT INTO friends (friend1ID, friend2ID) VALUES (55, 30);
INSERT INTO friends (friend1ID, friend2ID) VALUES (73, 72);
INSERT INTO friends (friend1ID, friend2ID) VALUES (204, 136);
INSERT INTO friends (friend1ID, friend2ID) VALUES (85, 139);
INSERT INTO friends (friend1ID, friend2ID) VALUES (291, 282);
INSERT INTO friends (friend1ID, friend2ID) VALUES (290, 164);
INSERT INTO friends (friend1ID, friend2ID) VALUES (9, 118);
INSERT INTO friends (friend1ID, friend2ID) VALUES (39, 170);
INSERT INTO friends (friend1ID, friend2ID) VALUES (295, 58);
INSERT INTO friends (friend1ID, friend2ID) VALUES (224, 260);
INSERT INTO friends (friend1ID, friend2ID) VALUES (55, 164);
INSERT INTO friends (friend1ID, friend2ID) VALUES (122, 243);
INSERT INTO friends (friend1ID, friend2ID) VALUES (243, 149);
INSERT INTO friends (friend1ID, friend2ID) VALUES (225, 276);
INSERT INTO friends (friend1ID, friend2ID) VALUES (137, 295);
INSERT INTO friends (friend1ID, friend2ID) VALUES (25, 178);
INSERT INTO friends (friend1ID, friend2ID) VALUES (222, 257);
INSERT INTO friends (friend1ID, friend2ID) VALUES (173, 291);
INSERT INTO friends (friend1ID, friend2ID) VALUES (25, 138);
INSERT INTO friends (friend1ID, friend2ID) VALUES (150, 132);
INSERT INTO friends (friend1ID, friend2ID) VALUES (40, 160);
INSERT INTO friends (friend1ID, friend2ID) VALUES (68, 259);
INSERT INTO friends (friend1ID, friend2ID) VALUES (96, 272);
INSERT INTO friends (friend1ID, friend2ID) VALUES (16, 298);
INSERT INTO friends (friend1ID, friend2ID) VALUES (118, 29);
INSERT INTO friends (friend1ID, friend2ID) VALUES (257, 91);
INSERT INTO friends (friend1ID, friend2ID) VALUES (38, 26);
INSERT INTO friends (friend1ID, friend2ID) VALUES (15, 184);
INSERT INTO friends (friend1ID, friend2ID) VALUES (25, 35);
INSERT INTO friends (friend1ID, friend2ID) VALUES (41, 289);
INSERT INTO friends (friend1ID, friend2ID) VALUES (163, 61);
INSERT INTO friends (friend1ID, friend2ID) VALUES (205, 210);
INSERT INTO friends (friend1ID, friend2ID) VALUES (269, 29);
INSERT INTO friends (friend1ID, friend2ID) VALUES (33, 194);
INSERT INTO friends (friend1ID, friend2ID) VALUES (263, 39);
INSERT INTO friends (friend1ID, friend2ID) VALUES (214, 13);
INSERT INTO friends (friend1ID, friend2ID) VALUES (177, 175);
INSERT INTO friends (friend1ID, friend2ID) VALUES (48, 7);
INSERT INTO friends (friend1ID, friend2ID) VALUES (229, 210);
INSERT INTO friends (friend1ID, friend2ID) VALUES (217, 275);
INSERT INTO friends (friend1ID, friend2ID) VALUES (257, 195);
INSERT INTO friends (friend1ID, friend2ID) VALUES (18, 163);
INSERT INTO friends (friend1ID, friend2ID) VALUES (258, 277);
INSERT INTO friends (friend1ID, friend2ID) VALUES (244, 157);
INSERT INTO friends (friend1ID, friend2ID) VALUES (204, 201);
INSERT INTO friends (friend1ID, friend2ID) VALUES (142, 174);
INSERT INTO friends (friend1ID, friend2ID) VALUES (178, 169);
INSERT INTO friends (friend1ID, friend2ID) VALUES (223, 22);
INSERT INTO friends (friend1ID, friend2ID) VALUES (290, 173);
INSERT INTO friends (friend1ID, friend2ID) VALUES (125, 155);
INSERT INTO friends (friend1ID, friend2ID) VALUES (121, 184);
INSERT INTO friends (friend1ID, friend2ID) VALUES (218, 66);
INSERT INTO friends (friend1ID, friend2ID) VALUES (193, 186);
INSERT INTO friends (friend1ID, friend2ID) VALUES (95, 246);
INSERT INTO friends (friend1ID, friend2ID) VALUES (108, 228);
INSERT INTO friends (friend1ID, friend2ID) VALUES (223, 285);
INSERT INTO friends (friend1ID, friend2ID) VALUES (8, 111);
INSERT INTO friends (friend1ID, friend2ID) VALUES (71, 199);
INSERT INTO friends (friend1ID, friend2ID) VALUES (123, 33);
INSERT INTO friends (friend1ID, friend2ID) VALUES (96, 141);
INSERT INTO friends (friend1ID, friend2ID) VALUES (213, 21);
INSERT INTO friends (friend1ID, friend2ID) VALUES (138, 21);
INSERT INTO friends (friend1ID, friend2ID) VALUES (93, 138);
INSERT INTO friends (friend1ID, friend2ID) VALUES (253, 295);
INSERT INTO friends (friend1ID, friend2ID) VALUES (141, 153);
INSERT INTO friends (friend1ID, friend2ID) VALUES (273, 96);
INSERT INTO friends (friend1ID, friend2ID) VALUES (105, 76);
INSERT INTO friends (friend1ID, friend2ID) VALUES (136, 194);
INSERT INTO friends (friend1ID, friend2ID) VALUES (201, 59);
INSERT INTO friends (friend1ID, friend2ID) VALUES (256, 243);
INSERT INTO friends (friend1ID, friend2ID) VALUES (245, 293);
INSERT INTO friends (friend1ID, friend2ID) VALUES (103, 115);
INSERT INTO friends (friend1ID, friend2ID) VALUES (262, 166);
INSERT INTO friends (friend1ID, friend2ID) VALUES (137, 126);
INSERT INTO friends (friend1ID, friend2ID) VALUES (214, 224);
INSERT INTO friends (friend1ID, friend2ID) VALUES (108, 109);
INSERT INTO friends (friend1ID, friend2ID) VALUES (285, 226);
INSERT INTO friends (friend1ID, friend2ID) VALUES (294, 72);
INSERT INTO friends (friend1ID, friend2ID) VALUES (114, 224);
INSERT INTO friends (friend1ID, friend2ID) VALUES (63, 275);
INSERT INTO friends (friend1ID, friend2ID) VALUES (54, 87);
INSERT INTO friends (friend1ID, friend2ID) VALUES (102, 156);
INSERT INTO friends (friend1ID, friend2ID) VALUES (80, 202);
INSERT INTO friends (friend1ID, friend2ID) VALUES (53, 4);
INSERT INTO friends (friend1ID, friend2ID) VALUES (206, 127);
INSERT INTO friends (friend1ID, friend2ID) VALUES (44, 261);
INSERT INTO friends (friend1ID, friend2ID) VALUES (94, 263);
INSERT INTO friends (friend1ID, friend2ID) VALUES (252, 67);
INSERT INTO friends (friend1ID, friend2ID) VALUES (86, 14);
INSERT INTO friends (friend1ID, friend2ID) VALUES (112, 172);
INSERT INTO friends (friend1ID, friend2ID) VALUES (105, 267);
INSERT INTO friends (friend1ID, friend2ID) VALUES (268, 141);
INSERT INTO friends (friend1ID, friend2ID) VALUES (19, 85);
INSERT INTO friends (friend1ID, friend2ID) VALUES (165, 33);
INSERT INTO friends (friend1ID, friend2ID) VALUES (219, 154);
INSERT INTO friends (friend1ID, friend2ID) VALUES (271, 286);
INSERT INTO friends (friend1ID, friend2ID) VALUES (204, 180);
INSERT INTO friends (friend1ID, friend2ID) VALUES (73, 115);
INSERT INTO friends (friend1ID, friend2ID) VALUES (159, 38);
INSERT INTO friends (friend1ID, friend2ID) VALUES (79, 283);
INSERT INTO friends (friend1ID, friend2ID) VALUES (2, 238);
INSERT INTO friends (friend1ID, friend2ID) VALUES (280, 149);
INSERT INTO friends (friend1ID, friend2ID) VALUES (67, 278);
INSERT INTO friends (friend1ID, friend2ID) VALUES (201, 23);
INSERT INTO friends (friend1ID, friend2ID) VALUES (116, 203);
INSERT INTO friends (friend1ID, friend2ID) VALUES (142, 293);
INSERT INTO friends (friend1ID, friend2ID) VALUES (78, 118);
INSERT INTO friends (friend1ID, friend2ID) VALUES (258, 241);
INSERT INTO friends (friend1ID, friend2ID) VALUES (237, 65);
INSERT INTO friends (friend1ID, friend2ID) VALUES (67, 91);
INSERT INTO friends (friend1ID, friend2ID) VALUES (14, 112);
INSERT INTO friends (friend1ID, friend2ID) VALUES (83, 58);
INSERT INTO friends (friend1ID, friend2ID) VALUES (68, 293);
INSERT INTO friends (friend1ID, friend2ID) VALUES (126, 123);
INSERT INTO friends (friend1ID, friend2ID) VALUES (285, 81);
INSERT INTO friends (friend1ID, friend2ID) VALUES (251, 68);
INSERT INTO friends (friend1ID, friend2ID) VALUES (192, 226);
INSERT INTO friends (friend1ID, friend2ID) VALUES (184, 210);
INSERT INTO friends (friend1ID, friend2ID) VALUES (287, 155);
INSERT INTO friends (friend1ID, friend2ID) VALUES (10, 18);
INSERT INTO friends (friend1ID, friend2ID) VALUES (34, 227);
INSERT INTO friends (friend1ID, friend2ID) VALUES (233, 150);
INSERT INTO friends (friend1ID, friend2ID) VALUES (121, 166);
INSERT INTO friends (friend1ID, friend2ID) VALUES (33, 230);
INSERT INTO friends (friend1ID, friend2ID) VALUES (133, 56);
INSERT INTO friends (friend1ID, friend2ID) VALUES (12, 44);
INSERT INTO friends (friend1ID, friend2ID) VALUES (194, 287);
INSERT INTO friends (friend1ID, friend2ID) VALUES (265, 26);
INSERT INTO friends (friend1ID, friend2ID) VALUES (156, 271);
INSERT INTO friends (friend1ID, friend2ID) VALUES (126, 219);
INSERT INTO friends (friend1ID, friend2ID) VALUES (199, 192);
INSERT INTO friends (friend1ID, friend2ID) VALUES (221, 243);
INSERT INTO friends (friend1ID, friend2ID) VALUES (280, 201);
INSERT INTO friends (friend1ID, friend2ID) VALUES (88, 256);
INSERT INTO friends (friend1ID, friend2ID) VALUES (109, 112);
INSERT INTO friends (friend1ID, friend2ID) VALUES (256, 198);
INSERT INTO friends (friend1ID, friend2ID) VALUES (72, 254);
INSERT INTO friends (friend1ID, friend2ID) VALUES (213, 298);
INSERT INTO friends (friend1ID, friend2ID) VALUES (32, 111);
INSERT INTO friends (friend1ID, friend2ID) VALUES (185, 265);
INSERT INTO friends (friend1ID, friend2ID) VALUES (92, 7);
INSERT INTO friends (friend1ID, friend2ID) VALUES (198, 174);
INSERT INTO friends (friend1ID, friend2ID) VALUES (299, 73);
INSERT INTO friends (friend1ID, friend2ID) VALUES (11, 52);
INSERT INTO friends (friend1ID, friend2ID) VALUES (293, 152);
INSERT INTO friends (friend1ID, friend2ID) VALUES (71, 237);
INSERT INTO friends (friend1ID, friend2ID) VALUES (275, 164);
INSERT INTO friends (friend1ID, friend2ID) VALUES (91, 153);
INSERT INTO friends (friend1ID, friend2ID) VALUES (180, 111);
INSERT INTO friends (friend1ID, friend2ID) VALUES (133, 76);
INSERT INTO friends (friend1ID, friend2ID) VALUES (199, 53);
INSERT INTO friends (friend1ID, friend2ID) VALUES (241, 128);
INSERT INTO friends (friend1ID, friend2ID) VALUES (139, 117);
INSERT INTO friends (friend1ID, friend2ID) VALUES (143, 85);
INSERT INTO friends (friend1ID, friend2ID) VALUES (119, 101);
INSERT INTO friends (friend1ID, friend2ID) VALUES (272, 115);
INSERT INTO friends (friend1ID, friend2ID) VALUES (300, 51);
INSERT INTO friends (friend1ID, friend2ID) VALUES (35, 284);
INSERT INTO friends (friend1ID, friend2ID) VALUES (64, 168);
INSERT INTO friends (friend1ID, friend2ID) VALUES (170, 110);
INSERT INTO friends (friend1ID, friend2ID) VALUES (129, 25);
INSERT INTO friends (friend1ID, friend2ID) VALUES (189, 23);
INSERT INTO friends (friend1ID, friend2ID) VALUES (160, 173);
INSERT INTO friends (friend1ID, friend2ID) VALUES (97, 191);
INSERT INTO friends (friend1ID, friend2ID) VALUES (213, 7);
INSERT INTO friends (friend1ID, friend2ID) VALUES (11, 157);
INSERT INTO friends (friend1ID, friend2ID) VALUES (200, 171);
INSERT INTO friends (friend1ID, friend2ID) VALUES (103, 154);
INSERT INTO friends (friend1ID, friend2ID) VALUES (202, 251);
INSERT INTO friends (friend1ID, friend2ID) VALUES (253, 270);
INSERT INTO friends (friend1ID, friend2ID) VALUES (44, 97);
INSERT INTO friends (friend1ID, friend2ID) VALUES (230, 51);
INSERT INTO friends (friend1ID, friend2ID) VALUES (275, 158);
INSERT INTO friends (friend1ID, friend2ID) VALUES (294, 147);
INSERT INTO friends (friend1ID, friend2ID) VALUES (158, 235);
INSERT INTO friends (friend1ID, friend2ID) VALUES (191, 219);
INSERT INTO friends (friend1ID, friend2ID) VALUES (75, 32);
INSERT INTO friends (friend1ID, friend2ID) VALUES (179, 82);
INSERT INTO friends (friend1ID, friend2ID) VALUES (216, 106);
INSERT INTO friends (friend1ID, friend2ID) VALUES (275, 258);
INSERT INTO friends (friend1ID, friend2ID) VALUES (250, 203);
INSERT INTO friends (friend1ID, friend2ID) VALUES (139, 229);
INSERT INTO friends (friend1ID, friend2ID) VALUES (202, 164);
INSERT INTO friends (friend1ID, friend2ID) VALUES (141, 263);
INSERT INTO friends (friend1ID, friend2ID) VALUES (32, 35);
INSERT INTO friends (friend1ID, friend2ID) VALUES (98, 76);
INSERT INTO friends (friend1ID, friend2ID) VALUES (179, 114);
INSERT INTO friends (friend1ID, friend2ID) VALUES (160, 11);
INSERT INTO friends (friend1ID, friend2ID) VALUES (11, 135);
INSERT INTO friends (friend1ID, friend2ID) VALUES (132, 125);
INSERT INTO friends (friend1ID, friend2ID) VALUES (252, 168);
INSERT INTO friends (friend1ID, friend2ID) VALUES (83, 275);
INSERT INTO friends (friend1ID, friend2ID) VALUES (48, 45);
INSERT INTO friends (friend1ID, friend2ID) VALUES (73, 116);
INSERT INTO friends (friend1ID, friend2ID) VALUES (188, 267);
INSERT INTO friends (friend1ID, friend2ID) VALUES (9, 201);
INSERT INTO friends (friend1ID, friend2ID) VALUES (267, 96);
INSERT INTO friends (friend1ID, friend2ID) VALUES (81, 203);
INSERT INTO friends (friend1ID, friend2ID) VALUES (282, 197);
INSERT INTO friends (friend1ID, friend2ID) VALUES (175, 236);
INSERT INTO friends (friend1ID, friend2ID) VALUES (143, 94);
INSERT INTO friends (friend1ID, friend2ID) VALUES (262, 82);
INSERT INTO friends (friend1ID, friend2ID) VALUES (181, 53);
INSERT INTO friends (friend1ID, friend2ID) VALUES (96, 108);
INSERT INTO friends (friend1ID, friend2ID) VALUES (226, 53);
INSERT INTO friends (friend1ID, friend2ID) VALUES (88, 234);
INSERT INTO friends (friend1ID, friend2ID) VALUES (178, 186);
INSERT INTO friends (friend1ID, friend2ID) VALUES (201, 297);
INSERT INTO friends (friend1ID, friend2ID) VALUES (104, 191);
INSERT INTO friends (friend1ID, friend2ID) VALUES (67, 29);
INSERT INTO friends (friend1ID, friend2ID) VALUES (266, 132);
INSERT INTO friends (friend1ID, friend2ID) VALUES (97, 13);
INSERT INTO friends (friend1ID, friend2ID) VALUES (286, 219);
INSERT INTO friends (friend1ID, friend2ID) VALUES (245, 177);
INSERT INTO friends (friend1ID, friend2ID) VALUES (258, 257);
INSERT INTO friends (friend1ID, friend2ID) VALUES (259, 94);
INSERT INTO friends (friend1ID, friend2ID) VALUES (170, 93);
INSERT INTO friends (friend1ID, friend2ID) VALUES (183, 290);
INSERT INTO friends (friend1ID, friend2ID) VALUES (75, 213);
INSERT INTO friends (friend1ID, friend2ID) VALUES (190, 172);
INSERT INTO friends (friend1ID, friend2ID) VALUES (264, 157);
INSERT INTO friends (friend1ID, friend2ID) VALUES (68, 195);
INSERT INTO friends (friend1ID, friend2ID) VALUES (42, 53);
INSERT INTO friends (friend1ID, friend2ID) VALUES (75, 260);
INSERT INTO friends (friend1ID, friend2ID) VALUES (97, 165);
INSERT INTO friends (friend1ID, friend2ID) VALUES (26, 64);
INSERT INTO friends (friend1ID, friend2ID) VALUES (175, 292);
INSERT INTO friends (friend1ID, friend2ID) VALUES (278, 234);
INSERT INTO friends (friend1ID, friend2ID) VALUES (253, 106);
INSERT INTO friends (friend1ID, friend2ID) VALUES (150, 131);
INSERT INTO friends (friend1ID, friend2ID) VALUES (180, 80);
INSERT INTO friends (friend1ID, friend2ID) VALUES (55, 267);
INSERT INTO friends (friend1ID, friend2ID) VALUES (159, 108);
INSERT INTO friends (friend1ID, friend2ID) VALUES (85, 273);
INSERT INTO friends (friend1ID, friend2ID) VALUES (175, 152);
INSERT INTO friends (friend1ID, friend2ID) VALUES (214, 10);
INSERT INTO friends (friend1ID, friend2ID) VALUES (53, 270);
INSERT INTO friends (friend1ID, friend2ID) VALUES (13, 137);
INSERT INTO friends (friend1ID, friend2ID) VALUES (243, 260);
INSERT INTO friends (friend1ID, friend2ID) VALUES (6, 261);
INSERT INTO friends (friend1ID, friend2ID) VALUES (266, 77);
INSERT INTO friends (friend1ID, friend2ID) VALUES (251, 132);
INSERT INTO friends (friend1ID, friend2ID) VALUES (300, 29);
INSERT INTO friends (friend1ID, friend2ID) VALUES (3, 241);
INSERT INTO friends (friend1ID, friend2ID) VALUES (213, 152);
INSERT INTO friends (friend1ID, friend2ID) VALUES (41, 42);
INSERT INTO friends (friend1ID, friend2ID) VALUES (128, 112);
INSERT INTO friends (friend1ID, friend2ID) VALUES (69, 175);
INSERT INTO friends (friend1ID, friend2ID) VALUES (254, 127);
INSERT INTO friends (friend1ID, friend2ID) VALUES (165, 111);
INSERT INTO friends (friend1ID, friend2ID) VALUES (160, 102);
INSERT INTO friends (friend1ID, friend2ID) VALUES (19, 90);
INSERT INTO friends (friend1ID, friend2ID) VALUES (210, 257);
INSERT INTO friends (friend1ID, friend2ID) VALUES (232, 198);
INSERT INTO friends (friend1ID, friend2ID) VALUES (32, 251);
INSERT INTO friends (friend1ID, friend2ID) VALUES (207, 274);
INSERT INTO friends (friend1ID, friend2ID) VALUES (71, 128);
INSERT INTO friends (friend1ID, friend2ID) VALUES (207, 284);
INSERT INTO friends (friend1ID, friend2ID) VALUES (18, 139);
INSERT INTO friends (friend1ID, friend2ID) VALUES (259, 250);
INSERT INTO friends (friend1ID, friend2ID) VALUES (41, 298);
INSERT INTO friends (friend1ID, friend2ID) VALUES (159, 3);
INSERT INTO friends (friend1ID, friend2ID) VALUES (219, 90);
INSERT INTO friends (friend1ID, friend2ID) VALUES (74, 115);
INSERT INTO friends (friend1ID, friend2ID) VALUES (171, 29);
INSERT INTO friends (friend1ID, friend2ID) VALUES (270, 128);
INSERT INTO friends (friend1ID, friend2ID) VALUES (49, 35);
INSERT INTO friends (friend1ID, friend2ID) VALUES (284, 99);
INSERT INTO friends (friend1ID, friend2ID) VALUES (201, 197);
INSERT INTO friends (friend1ID, friend2ID) VALUES (24, 267);
INSERT INTO friends (friend1ID, friend2ID) VALUES (150, 209);
INSERT INTO friends (friend1ID, friend2ID) VALUES (51, 227);
INSERT INTO friends (friend1ID, friend2ID) VALUES (140, 209);
INSERT INTO friends (friend1ID, friend2ID) VALUES (160, 57);
INSERT INTO friends (friend1ID, friend2ID) VALUES (289, 62);
INSERT INTO friends (friend1ID, friend2ID) VALUES (130, 252);
INSERT INTO friends (friend1ID, friend2ID) VALUES (101, 32);
INSERT INTO friends (friend1ID, friend2ID) VALUES (18, 167);
INSERT INTO friends (friend1ID, friend2ID) VALUES (82, 243);
INSERT INTO friends (friend1ID, friend2ID) VALUES (300, 170);
INSERT INTO friends (friend1ID, friend2ID) VALUES (299, 148);
INSERT INTO friends (friend1ID, friend2ID) VALUES (23, 260);
INSERT INTO friends (friend1ID, friend2ID) VALUES (64, 9);
INSERT INTO friends (friend1ID, friend2ID) VALUES (217, 240);
INSERT INTO friends (friend1ID, friend2ID) VALUES (30, 16);
INSERT INTO friends (friend1ID, friend2ID) VALUES (5, 219);
INSERT INTO friends (friend1ID, friend2ID) VALUES (71, 51);
INSERT INTO friends (friend1ID, friend2ID) VALUES (224, 45);
INSERT INTO friends (friend1ID, friend2ID) VALUES (156, 80);
INSERT INTO friends (friend1ID, friend2ID) VALUES (88, 77);
INSERT INTO friends (friend1ID, friend2ID) VALUES (130, 190);
INSERT INTO friends (friend1ID, friend2ID) VALUES (54, 41);
INSERT INTO friends (friend1ID, friend2ID) VALUES (189, 267);
INSERT INTO friends (friend1ID, friend2ID) VALUES (166, 162);
INSERT INTO friends (friend1ID, friend2ID) VALUES (211, 101);
INSERT INTO friends (friend1ID, friend2ID) VALUES (207, 157);
INSERT INTO friends (friend1ID, friend2ID) VALUES (271, 245);
INSERT INTO friends (friend1ID, friend2ID) VALUES (116, 93);
INSERT INTO friends (friend1ID, friend2ID) VALUES (136, 165);
INSERT INTO friends (friend1ID, friend2ID) VALUES (120, 282);
INSERT INTO friends (friend1ID, friend2ID) VALUES (107, 264);
INSERT INTO friends (friend1ID, friend2ID) VALUES (277, 217);
INSERT INTO friends (friend1ID, friend2ID) VALUES (140, 35);
INSERT INTO friends (friend1ID, friend2ID) VALUES (216, 299);
INSERT INTO friends (friend1ID, friend2ID) VALUES (25, 117);
INSERT INTO friends (friend1ID, friend2ID) VALUES (127, 298);
INSERT INTO friends (friend1ID, friend2ID) VALUES (106, 149);
INSERT INTO friends (friend1ID, friend2ID) VALUES (50, 299);
INSERT INTO friends (friend1ID, friend2ID) VALUES (289, 238);
INSERT INTO friends (friend1ID, friend2ID) VALUES (260, 226);
INSERT INTO friends (friend1ID, friend2ID) VALUES (43, 96);
INSERT INTO friends (friend1ID, friend2ID) VALUES (116, 141);
INSERT INTO friends (friend1ID, friend2ID) VALUES (82, 245);
INSERT INTO friends (friend1ID, friend2ID) VALUES (34, 32);
INSERT INTO friends (friend1ID, friend2ID) VALUES (146, 285);
INSERT INTO friends (friend1ID, friend2ID) VALUES (145, 217);
INSERT INTO friends (friend1ID, friend2ID) VALUES (227, 114);
INSERT INTO friends (friend1ID, friend2ID) VALUES (128, 185);
INSERT INTO friends (friend1ID, friend2ID) VALUES (206, 77);
INSERT INTO friends (friend1ID, friend2ID) VALUES (124, 9);
INSERT INTO friends (friend1ID, friend2ID) VALUES (270, 100);
INSERT INTO friends (friend1ID, friend2ID) VALUES (253, 202);
INSERT INTO friends (friend1ID, friend2ID) VALUES (257, 172);
INSERT INTO friends (friend1ID, friend2ID) VALUES (151, 184);
INSERT INTO friends (friend1ID, friend2ID) VALUES (34, 216);
INSERT INTO friends (friend1ID, friend2ID) VALUES (191, 193);
INSERT INTO friends (friend1ID, friend2ID) VALUES (37, 165);
INSERT INTO friends (friend1ID, friend2ID) VALUES (147, 202);
INSERT INTO friends (friend1ID, friend2ID) VALUES (198, 77);
INSERT INTO friends (friend1ID, friend2ID) VALUES (118, 65);
INSERT INTO friends (friend1ID, friend2ID) VALUES (105, 298);
INSERT INTO friends (friend1ID, friend2ID) VALUES (111, 66);
INSERT INTO friends (friend1ID, friend2ID) VALUES (96, 186);
INSERT INTO friends (friend1ID, friend2ID) VALUES (61, 54);
INSERT INTO friends (friend1ID, friend2ID) VALUES (71, 219);
INSERT INTO friends (friend1ID, friend2ID) VALUES (300, 33);
INSERT INTO friends (friend1ID, friend2ID) VALUES (189, 95);
INSERT INTO friends (friend1ID, friend2ID) VALUES (45, 183);
INSERT INTO friends (friend1ID, friend2ID) VALUES (289, 157);
INSERT INTO friends (friend1ID, friend2ID) VALUES (284, 248);

-- Populate the chatroom table
INSERT INTO chatroom (receiverID, senderID) VALUES (275, 89);
INSERT INTO chatroom (receiverID, senderID) VALUES (61, 166);
INSERT INTO chatroom (receiverID, senderID) VALUES (116, 86);
INSERT INTO chatroom (receiverID, senderID) VALUES (121, 191);
INSERT INTO chatroom (receiverID, senderID) VALUES (97, 163);
INSERT INTO chatroom (receiverID, senderID) VALUES (100, 24);
INSERT INTO chatroom (receiverID, senderID) VALUES (88, 46);
INSERT INTO chatroom (receiverID, senderID) VALUES (188, 13);
INSERT INTO chatroom (receiverID, senderID) VALUES (214, 220);
INSERT INTO chatroom (receiverID, senderID) VALUES (242, 69);
INSERT INTO chatroom (receiverID, senderID) VALUES (236, 162);
INSERT INTO chatroom (receiverID, senderID) VALUES (130, 25);
INSERT INTO chatroom (receiverID, senderID) VALUES (260, 121);
INSERT INTO chatroom (receiverID, senderID) VALUES (140, 144);
INSERT INTO chatroom (receiverID, senderID) VALUES (88, 256);
INSERT INTO chatroom (receiverID, senderID) VALUES (75, 91);
INSERT INTO chatroom (receiverID, senderID) VALUES (200, 31);
INSERT INTO chatroom (receiverID, senderID) VALUES (128, 207);
INSERT INTO chatroom (receiverID, senderID) VALUES (98, 18);
INSERT INTO chatroom (receiverID, senderID) VALUES (158, 180);
INSERT INTO chatroom (receiverID, senderID) VALUES (39, 28);
INSERT INTO chatroom (receiverID, senderID) VALUES (242, 89);
INSERT INTO chatroom (receiverID, senderID) VALUES (163, 144);
INSERT INTO chatroom (receiverID, senderID) VALUES (83, 2);
INSERT INTO chatroom (receiverID, senderID) VALUES (169, 237);
INSERT INTO chatroom (receiverID, senderID) VALUES (205, 250);
INSERT INTO chatroom (receiverID, senderID) VALUES (144, 286);
INSERT INTO chatroom (receiverID, senderID) VALUES (137, 68);
INSERT INTO chatroom (receiverID, senderID) VALUES (112, 237);
INSERT INTO chatroom (receiverID, senderID) VALUES (2, 150);
INSERT INTO chatroom (receiverID, senderID) VALUES (269, 12);
INSERT INTO chatroom (receiverID, senderID) VALUES (189, 61);
INSERT INTO chatroom (receiverID, senderID) VALUES (46, 73);
INSERT INTO chatroom (receiverID, senderID) VALUES (127, 168);
INSERT INTO chatroom (receiverID, senderID) VALUES (188, 228);
INSERT INTO chatroom (receiverID, senderID) VALUES (281, 142);
INSERT INTO chatroom (receiverID, senderID) VALUES (274, 9);
INSERT INTO chatroom (receiverID, senderID) VALUES (177, 108);
INSERT INTO chatroom (receiverID, senderID) VALUES (201, 172);
INSERT INTO chatroom (receiverID, senderID) VALUES (193, 67);
INSERT INTO chatroom (receiverID, senderID) VALUES (28, 168);
INSERT INTO chatroom (receiverID, senderID) VALUES (110, 116);
INSERT INTO chatroom (receiverID, senderID) VALUES (165, 31);
INSERT INTO chatroom (receiverID, senderID) VALUES (229, 189);
INSERT INTO chatroom (receiverID, senderID) VALUES (217, 249);
INSERT INTO chatroom (receiverID, senderID) VALUES (136, 8);
INSERT INTO chatroom (receiverID, senderID) VALUES (253, 111);
INSERT INTO chatroom (receiverID, senderID) VALUES (252, 291);
INSERT INTO chatroom (receiverID, senderID) VALUES (248, 100);
INSERT INTO chatroom (receiverID, senderID) VALUES (229, 157);
INSERT INTO chatroom (receiverID, senderID) VALUES (105, 265);
INSERT INTO chatroom (receiverID, senderID) VALUES (269, 253);
INSERT INTO chatroom (receiverID, senderID) VALUES (271, 258);
INSERT INTO chatroom (receiverID, senderID) VALUES (269, 245);
INSERT INTO chatroom (receiverID, senderID) VALUES (66, 132);
INSERT INTO chatroom (receiverID, senderID) VALUES (162, 215);
INSERT INTO chatroom (receiverID, senderID) VALUES (38, 45);
INSERT INTO chatroom (receiverID, senderID) VALUES (183, 278);
INSERT INTO chatroom (receiverID, senderID) VALUES (185, 108);
INSERT INTO chatroom (receiverID, senderID) VALUES (219, 178);
INSERT INTO chatroom (receiverID, senderID) VALUES (256, 122);
INSERT INTO chatroom (receiverID, senderID) VALUES (238, 65);
INSERT INTO chatroom (receiverID, senderID) VALUES (264, 251);
INSERT INTO chatroom (receiverID, senderID) VALUES (18, 120);
INSERT INTO chatroom (receiverID, senderID) VALUES (64, 255);
INSERT INTO chatroom (receiverID, senderID) VALUES (142, 135);
INSERT INTO chatroom (receiverID, senderID) VALUES (70, 229);
INSERT INTO chatroom (receiverID, senderID) VALUES (64, 115);
INSERT INTO chatroom (receiverID, senderID) VALUES (116, 299);
INSERT INTO chatroom (receiverID, senderID) VALUES (64, 203);
INSERT INTO chatroom (receiverID, senderID) VALUES (152, 230);
INSERT INTO chatroom (receiverID, senderID) VALUES (6, 204);
INSERT INTO chatroom (receiverID, senderID) VALUES (147, 168);
INSERT INTO chatroom (receiverID, senderID) VALUES (59, 263);
INSERT INTO chatroom (receiverID, senderID) VALUES (8, 135);
INSERT INTO chatroom (receiverID, senderID) VALUES (194, 212);
INSERT INTO chatroom (receiverID, senderID) VALUES (12, 260);
INSERT INTO chatroom (receiverID, senderID) VALUES (205, 85);
INSERT INTO chatroom (receiverID, senderID) VALUES (226, 36);
INSERT INTO chatroom (receiverID, senderID) VALUES (144, 167);
INSERT INTO chatroom (receiverID, senderID) VALUES (282, 156);
INSERT INTO chatroom (receiverID, senderID) VALUES (231, 256);
INSERT INTO chatroom (receiverID, senderID) VALUES (92, 90);
INSERT INTO chatroom (receiverID, senderID) VALUES (85, 21);
INSERT INTO chatroom (receiverID, senderID) VALUES (261, 48);
INSERT INTO chatroom (receiverID, senderID) VALUES (1, 65);
INSERT INTO chatroom (receiverID, senderID) VALUES (93, 297);
INSERT INTO chatroom (receiverID, senderID) VALUES (44, 251);
INSERT INTO chatroom (receiverID, senderID) VALUES (136, 85);
INSERT INTO chatroom (receiverID, senderID) VALUES (196, 245);
INSERT INTO chatroom (receiverID, senderID) VALUES (227, 60);
INSERT INTO chatroom (receiverID, senderID) VALUES (29, 263);
INSERT INTO chatroom (receiverID, senderID) VALUES (196, 89);
INSERT INTO chatroom (receiverID, senderID) VALUES (171, 243);
INSERT INTO chatroom (receiverID, senderID) VALUES (94, 53);
INSERT INTO chatroom (receiverID, senderID) VALUES (274, 80);
INSERT INTO chatroom (receiverID, senderID) VALUES (265, 43);
INSERT INTO chatroom (receiverID, senderID) VALUES (180, 289);
INSERT INTO chatroom (receiverID, senderID) VALUES (65, 70);
INSERT INTO chatroom (receiverID, senderID) VALUES (189, 151);

-- Populate the message table
INSERT INTO message (id, chatroomID, senderID, content) VALUES (1, 1, 198, 'Training each operation though because toward effort herself story third send.');
INSERT INTO message (id, chatroomID, senderID, content) VALUES (2, 1, 198, 'Month huge reach measure course year for become west their we.');
INSERT INTO message (id, chatroomID, senderID, content) VALUES (3, 1, 198, 'Clearly gas opportunity wife allow cut argue.');
INSERT INTO message (id, chatroomID, senderID, content) VALUES (4, 1, 198, 'Throughout front as much decision box.');
INSERT INTO message (id, chatroomID, senderID, content) VALUES (5, 1, 198, 'General perform east now pick among another century simply war sit class.');
INSERT INTO message (id, chatroomID, senderID, content) VALUES (6, 1, 198, 'Business method responsibility near agreement five.');
INSERT INTO message (id, chatroomID, senderID, content) VALUES (7, 1, 198, 'Save great chance discuss significant final great nature size.');
INSERT INTO message (id, chatroomID, senderID, content) VALUES (8, 1, 198, 'Network continue chair participant quality economic.');
INSERT INTO message (id, chatroomID, senderID, content) VALUES (9, 2, 11, 'South today question official responsibility stand pull.');
INSERT INTO message (id, chatroomID, senderID, content) VALUES (10, 2, 11, 'Eat everything join table record feel everybody speech.');
INSERT INTO message (id, chatroomID, senderID, content) VALUES (11, 2, 11, 'Trip common address or focus red join cause southern what.');
INSERT INTO message (id, chatroomID, senderID, content) VALUES (12, 2, 11, 'Respond deep language ago bag down take practice technology over if.');
INSERT INTO message (id, chatroomID, senderID, content) VALUES (13, 2, 11, 'Later century next quickly pull sell do.');
INSERT INTO message (id, chatroomID, senderID, content) VALUES (14, 3, 209, 'Key stuff blue blood bank everybody everybody of.');
INSERT INTO message (id, chatroomID, senderID, content) VALUES (15, 3, 209, 'Meeting if age building adult various reveal grow size.');
INSERT INTO message (id, chatroomID, senderID, content) VALUES (16, 3, 209, 'Always ten yard determine statement throughout thus.');
INSERT INTO message (id, chatroomID, senderID, content) VALUES (17, 3, 209, 'Evening law accept improve health common business present.');
INSERT INTO message (id, chatroomID, senderID, content) VALUES (18, 3, 209, 'Case either leg bring ok direction particular process.');
INSERT INTO message (id, chatroomID, senderID, content) VALUES (19, 4, 102, 'However high somebody smile together reach.');
INSERT INTO message (id, chatroomID, senderID, content) VALUES (20, 4, 102, 'Mr travel center international medical cut audience gas which again painting question.');
INSERT INTO message (id, chatroomID, senderID, content) VALUES (21, 4, 102, 'Order write entire structure my might pressure PM star something live ground put.');
INSERT INTO message (id, chatroomID, senderID, content) VALUES (22, 4, 102, 'Into fear against image often own name suggest say.');
INSERT INTO message (id, chatroomID, senderID, content) VALUES (23, 4, 102, 'Entire site administration head catch form set poor others realize feeling area should.');
INSERT INTO message (id, chatroomID, senderID, content) VALUES (24, 4, 102, 'Rock scene property than college against.');
INSERT INTO message (id, chatroomID, senderID, content) VALUES (25, 4, 102, 'Now me hope which some such.');
INSERT INTO message (id, chatroomID, senderID, content) VALUES (26, 5, 202, 'At ten line why center natural blue evidence capital.');
INSERT INTO message (id, chatroomID, senderID, content) VALUES (27, 5, 202, 'Institution seem civil minute black tell recent actually several.');
INSERT INTO message (id, chatroomID, senderID, content) VALUES (28, 5, 202, 'View stage want make imagine teacher less short half away.');
INSERT INTO message (id, chatroomID, senderID, content) VALUES (29, 5, 202, 'Her series resource manager forget identify today each week live describe finish research.');
INSERT INTO message (id, chatroomID, senderID, content) VALUES (30, 5, 202, 'Modern end group clear treat any fly result room stand region.');
INSERT INTO message (id, chatroomID, senderID, content) VALUES (31, 5, 202, 'Involve create provide figure that sign.');
INSERT INTO message (id, chatroomID, senderID, content) VALUES (32, 5, 202, 'Theory hot career perform early prove drop table tree allow blue our about.');
INSERT INTO message (id, chatroomID, senderID, content) VALUES (33, 6, 272, 'Response into among health like claim report sport.');
INSERT INTO message (id, chatroomID, senderID, content) VALUES (34, 6, 272, 'Adult various imagine leave join necessary condition his public third if difficult painting however.');
INSERT INTO message (id, chatroomID, senderID, content) VALUES (35, 6, 272, 'What discussion successful deal great color fast age trip itself receive.');
INSERT INTO message (id, chatroomID, senderID, content) VALUES (36, 6, 272, 'Produce plant fire throw thus condition her agency than.');
INSERT INTO message (id, chatroomID, senderID, content) VALUES (37, 6, 272, 'Economic wonder plant also effect child provide forward card.');
INSERT INTO message (id, chatroomID, senderID, content) VALUES (38, 6, 272, 'Assume yard firm remain local government training simply.');
INSERT INTO message (id, chatroomID, senderID, content) VALUES (39, 7, 129, 'Avoid score debate deal media whom join write player him.');
INSERT INTO message (id, chatroomID, senderID, content) VALUES (40, 7, 129, 'Produce choose artist offer board town would sure.');
INSERT INTO message (id, chatroomID, senderID, content) VALUES (41, 7, 129, 'Bit structure business eight future out approach base probably forget.');
INSERT INTO message (id, chatroomID, senderID, content) VALUES (42, 7, 129, 'Member anything create debate standard yeah fact some factor most news address.');
INSERT INTO message (id, chatroomID, senderID, content) VALUES (43, 7, 129, 'Floor win very seek professional image no born nor Congress.');
INSERT INTO message (id, chatroomID, senderID, content) VALUES (44, 7, 129, 'Appear ten statement if even table tend executive argue market challenge radio.');
INSERT INTO message (id, chatroomID, senderID, content) VALUES (45, 7, 129, 'Provide action school because child wait beat less reality stay wish action line.');
INSERT INTO message (id, chatroomID, senderID, content) VALUES (46, 7, 129, 'Open could still item modern civil full boy.');
INSERT INTO message (id, chatroomID, senderID, content) VALUES (47, 7, 129, 'Create next deep point kid born foot public sea almost.');
INSERT INTO message (id, chatroomID, senderID, content) VALUES (48, 7, 129, 'Result who throw matter possible land possible woman company small color suffer.');
INSERT INTO message (id, chatroomID, senderID, content) VALUES (49, 8, 139, 'North ability produce resource positive draw need me there thought treat hold culture.');
INSERT INTO message (id, chatroomID, senderID, content) VALUES (50, 8, 139, 'Ground amount family tend too place father national reduce.');
INSERT INTO message (id, chatroomID, senderID, content) VALUES (51, 8, 139, 'Culture art situation group within safe will their suffer.');
INSERT INTO message (id, chatroomID, senderID, content) VALUES (52, 8, 139, 'Organization third already modern term say smile open else edge own push.');
INSERT INTO message (id, chatroomID, senderID, content) VALUES (53, 8, 139, 'Father admit community character couple church window any who case him.');
INSERT INTO message (id, chatroomID, senderID, content) VALUES (54, 8, 139, 'Son draw stand defense and institution price lawyer executive though subject point.');
INSERT INTO message (id, chatroomID, senderID, content) VALUES (55, 8, 139, 'Check great partner sea professional born foot team structure.');
INSERT INTO message (id, chatroomID, senderID, content) VALUES (56, 9, 15, 'Investment power human language history like.');
INSERT INTO message (id, chatroomID, senderID, content) VALUES (57, 9, 15, 'Democrat Republican during they whether instead team past adult thing lay require air.');
INSERT INTO message (id, chatroomID, senderID, content) VALUES (58, 9, 15, 'Body available visit race apply other task act change religious name church parent.');
INSERT INTO message (id, chatroomID, senderID, content) VALUES (59, 9, 15, 'If do memory before whether rule official born pull say all natural thousand.');
INSERT INTO message (id, chatroomID, senderID, content) VALUES (60, 9, 15, 'Whom often get quality series student fish center race region national him.');
INSERT INTO message (id, chatroomID, senderID, content) VALUES (61, 9, 15, 'Management speak record morning design research black series physical girl.');
INSERT INTO message (id, chatroomID, senderID, content) VALUES (62, 9, 15, 'Safe agency board letter look player thing sometimes couple edge rich crime.');
INSERT INTO message (id, chatroomID, senderID, content) VALUES (63, 9, 15, 'Stock above source husband consumer almost.');
INSERT INTO message (id, chatroomID, senderID, content) VALUES (64, 9, 15, 'Least rule raise act determine huge fund guy compare save computer.');
INSERT INTO message (id, chatroomID, senderID, content) VALUES (65, 10, 219, 'Sea method project that under girl care bit bank statement level.');
INSERT INTO message (id, chatroomID, senderID, content) VALUES (66, 10, 219, 'Ball as carry institution change voice particular news than century.');
INSERT INTO message (id, chatroomID, senderID, content) VALUES (67, 10, 219, 'Happy throughout tough dark almost pull drive would way.');
INSERT INTO message (id, chatroomID, senderID, content) VALUES (68, 10, 219, 'Charge sit yet start perform policy.');
INSERT INTO message (id, chatroomID, senderID, content) VALUES (69, 10, 219, 'Them hair good instead heavy want sense owner allow.');
INSERT INTO message (id, chatroomID, senderID, content) VALUES (70, 10, 219, 'Do bit coach worker feeling born resource continue put hard.');
INSERT INTO message (id, chatroomID, senderID, content) VALUES (71, 10, 219, 'Then movie perform cause hair within letter wish.');
INSERT INTO message (id, chatroomID, senderID, content) VALUES (72, 10, 219, 'Report film student none more Mrs campaign.');
INSERT INTO message (id, chatroomID, senderID, content) VALUES (73, 10, 219, 'Very method age board whose should.');
INSERT INTO message (id, chatroomID, senderID, content) VALUES (74, 11, 119, 'Across total store protect happen usually six close.');
INSERT INTO message (id, chatroomID, senderID, content) VALUES (75, 11, 119, 'First benefit health per still group.');
INSERT INTO message (id, chatroomID, senderID, content) VALUES (76, 11, 119, 'Cell short idea blood hand let.');
INSERT INTO message (id, chatroomID, senderID, content) VALUES (77, 11, 119, 'Interesting wife win something between use fish PM everyone think.');
INSERT INTO message (id, chatroomID, senderID, content) VALUES (78, 11, 119, 'Growth official purpose great exactly despite picture support college street.');
INSERT INTO message (id, chatroomID, senderID, content) VALUES (79, 11, 119, 'News include west three operation west we north.');
INSERT INTO message (id, chatroomID, senderID, content) VALUES (80, 11, 119, 'Read five about actually turn check charge fish increase stand yet green quickly.');
INSERT INTO message (id, chatroomID, senderID, content) VALUES (81, 11, 119, 'Worker trial guy blue partner little.');
INSERT INTO message (id, chatroomID, senderID, content) VALUES (82, 11, 119, 'Pm everybody daughter audience north service heart modern still.');
INSERT INTO message (id, chatroomID, senderID, content) VALUES (83, 11, 119, 'Do stock already nice enough turn teacher population.');
INSERT INTO message (id, chatroomID, senderID, content) VALUES (84, 12, 33, 'Lay skill before war great thousand tend research common.');
INSERT INTO message (id, chatroomID, senderID, content) VALUES (85, 12, 33, 'Just group third even science ago new beat however magazine forward.');
INSERT INTO message (id, chatroomID, senderID, content) VALUES (86, 12, 33, 'Care third Democrat again college only position type much.');
INSERT INTO message (id, chatroomID, senderID, content) VALUES (87, 12, 33, 'Know yes reason house perform break population.');
INSERT INTO message (id, chatroomID, senderID, content) VALUES (88, 12, 33, 'Buy again win necessary worry get.');
INSERT INTO message (id, chatroomID, senderID, content) VALUES (89, 12, 33, 'Table behavior success degree charge voice.');
INSERT INTO message (id, chatroomID, senderID, content) VALUES (90, 12, 33, 'Realize budget measure black sit social effort blood born like still someone.');
INSERT INTO message (id, chatroomID, senderID, content) VALUES (91, 12, 33, 'Shake yard trip here former physical show.');
INSERT INTO message (id, chatroomID, senderID, content) VALUES (92, 12, 33, 'Company police law science traditional how admit every later experience.');
INSERT INTO message (id, chatroomID, senderID, content) VALUES (93, 12, 33, 'Special particularly word far nothing act body reason spring year whether.');
INSERT INTO message (id, chatroomID, senderID, content) VALUES (94, 13, 231, 'School throw special serious nor attack able.');
INSERT INTO message (id, chatroomID, senderID, content) VALUES (95, 13, 231, 'Western away light director Democrat professional of little.');
INSERT INTO message (id, chatroomID, senderID, content) VALUES (96, 13, 231, 'Her soldier wife should exist bed.');
INSERT INTO message (id, chatroomID, senderID, content) VALUES (97, 13, 231, 'Standard common fact stand time whatever moment often little tough.');
INSERT INTO message (id, chatroomID, senderID, content) VALUES (98, 13, 231, 'Them part the similar during partner education whether goal.');
INSERT INTO message (id, chatroomID, senderID, content) VALUES (99, 13, 231, 'Live choice morning edge table commercial.');
INSERT INTO message (id, chatroomID, senderID, content) VALUES (100, 13, 231, 'Help main maintain history character budget off film amount federal similar should away.');
INSERT INTO message (id, chatroomID, senderID, content) VALUES (101, 13, 231, 'Field language fight bit two strategy network place.');
INSERT INTO message (id, chatroomID, senderID, content) VALUES (102, 13, 231, 'Health daughter share treat into rule sister leave.');
INSERT INTO message (id, chatroomID, senderID, content) VALUES (103, 14, 10, 'Learn any who two gas moment major treat leave image.');
INSERT INTO message (id, chatroomID, senderID, content) VALUES (104, 14, 10, 'Traditional fund positive trouble deal student drive country forward at everybody day west.');
INSERT INTO message (id, chatroomID, senderID, content) VALUES (105, 14, 10, 'Executive growth song stop top never agree exactly spend sell quality fast.');
INSERT INTO message (id, chatroomID, senderID, content) VALUES (106, 14, 10, 'Project than music which travel expect about order.');
INSERT INTO message (id, chatroomID, senderID, content) VALUES (107, 14, 10, 'Out story matter drop body pass school onto shake career.');
INSERT INTO message (id, chatroomID, senderID, content) VALUES (108, 14, 10, 'Loss should occur building I safe would.');
INSERT INTO message (id, chatroomID, senderID, content) VALUES (109, 14, 10, 'Charge significant let hundred whom next letter yeah without.');
INSERT INTO message (id, chatroomID, senderID, content) VALUES (110, 14, 10, 'Degree two something its church impact none country history lose.');
INSERT INTO message (id, chatroomID, senderID, content) VALUES (111, 14, 10, 'Rise position deal executive summer attorney cell simple when close soon research design.');
INSERT INTO message (id, chatroomID, senderID, content) VALUES (112, 15, 227, 'Mission clear treat significant manage my kitchen kitchen reach special participant.');
INSERT INTO message (id, chatroomID, senderID, content) VALUES (113, 15, 227, 'Since high morning management candidate play sometimes recognize full view.');
INSERT INTO message (id, chatroomID, senderID, content) VALUES (114, 15, 227, 'Catch five manage power us quite religious minute according.');
INSERT INTO message (id, chatroomID, senderID, content) VALUES (115, 15, 227, 'Toward lose interesting charge wind operation inside.');
INSERT INTO message (id, chatroomID, senderID, content) VALUES (116, 15, 227, 'Computer prove prove necessary particularly both training seven set capital.');
INSERT INTO message (id, chatroomID, senderID, content) VALUES (117, 15, 227, 'Six behind drive moment capital carry life their senior first put.');
INSERT INTO message (id, chatroomID, senderID, content) VALUES (118, 16, 129, 'Discussion accept throughout ok heavy suffer decision.');
INSERT INTO message (id, chatroomID, senderID, content) VALUES (119, 16, 129, 'Resource before will base account cultural life game sign baby democratic require base.');
INSERT INTO message (id, chatroomID, senderID, content) VALUES (120, 16, 129, 'Here almost least later job along.');
INSERT INTO message (id, chatroomID, senderID, content) VALUES (121, 16, 129, 'Easy case could director them everything end it expert.');
INSERT INTO message (id, chatroomID, senderID, content) VALUES (122, 16, 129, 'Policy staff teacher food debate none although thought economic suddenly between minute five avoid.');
INSERT INTO message (id, chatroomID, senderID, content) VALUES (123, 16, 129, 'Help food team will physical indeed throw.');
INSERT INTO message (id, chatroomID, senderID, content) VALUES (124, 16, 129, 'Military develop weight range similar get product street religious nature mouth.');
INSERT INTO message (id, chatroomID, senderID, content) VALUES (125, 16, 129, 'Clear nice simple condition side card make camera white board than.');
INSERT INTO message (id, chatroomID, senderID, content) VALUES (126, 17, 61, 'Through first yeah analysis read nation.');
INSERT INTO message (id, chatroomID, senderID, content) VALUES (127, 17, 61, 'Hand baby culture probably on have official you almost analysis change.');
INSERT INTO message (id, chatroomID, senderID, content) VALUES (128, 17, 61, 'Statement activity effect small right if because.');
INSERT INTO message (id, chatroomID, senderID, content) VALUES (129, 17, 61, 'Less stuff bill position everything trade establish feeling book during.');
INSERT INTO message (id, chatroomID, senderID, content) VALUES (130, 17, 61, 'Just father tell good likely particularly learn.');
INSERT INTO message (id, chatroomID, senderID, content) VALUES (131, 17, 61, 'Live affect away despite us choose sense growth.');
INSERT INTO message (id, chatroomID, senderID, content) VALUES (132, 17, 61, 'Country sing admit seek also end decision figure have guy.');
INSERT INTO message (id, chatroomID, senderID, content) VALUES (133, 18, 286, 'Possible today across perform around remain deal college case board though.');
INSERT INTO message (id, chatroomID, senderID, content) VALUES (134, 18, 286, 'Expect rest before billion really discuss technology decide develop system know consider treatment cultural.');
INSERT INTO message (id, chatroomID, senderID, content) VALUES (135, 18, 286, 'Describe interview my involve writer bad teacher more term.');
INSERT INTO message (id, chatroomID, senderID, content) VALUES (136, 18, 286, 'Talk purpose daughter page conference dog food tax investment wife rock.');
INSERT INTO message (id, chatroomID, senderID, content) VALUES (137, 18, 286, 'Cup reveal candidate she with great mention nor need.');
INSERT INTO message (id, chatroomID, senderID, content) VALUES (138, 18, 286, 'Total section note interest may amount analysis group.');
INSERT INTO message (id, chatroomID, senderID, content) VALUES (139, 18, 286, 'Where consumer Democrat left late military.');
INSERT INTO message (id, chatroomID, senderID, content) VALUES (140, 18, 286, 'Guess statement around work partner peace increase apply there rate fire.');
INSERT INTO message (id, chatroomID, senderID, content) VALUES (141, 18, 286, 'Resource name local sort sort word your visit easy worker.');
INSERT INTO message (id, chatroomID, senderID, content) VALUES (142, 19, 28, 'Pay own challenge government crime short necessary tough art radio defense same.');
INSERT INTO message (id, chatroomID, senderID, content) VALUES (143, 19, 28, 'Room baby look include later while rich.');
INSERT INTO message (id, chatroomID, senderID, content) VALUES (144, 19, 28, 'Outside to meeting offer such area involve last risk realize event.');
INSERT INTO message (id, chatroomID, senderID, content) VALUES (145, 19, 28, 'Long quality free charge glass imagine federal.');
INSERT INTO message (id, chatroomID, senderID, content) VALUES (146, 19, 28, 'Return capital against environmental country for decade.');
INSERT INTO message (id, chatroomID, senderID, content) VALUES (147, 19, 28, 'Child tax mouth when economy indeed stuff before owner maybe that effect will.');
INSERT INTO message (id, chatroomID, senderID, content) VALUES (148, 19, 28, 'Interesting beautiful cost speech morning choice.');
INSERT INTO message (id, chatroomID, senderID, content) VALUES (149, 19, 28, 'Issue establish health for peace structure agreement.');
INSERT INTO message (id, chatroomID, senderID, content) VALUES (150, 20, 97, 'Mr hope Democrat man read prove series somebody or.');
INSERT INTO message (id, chatroomID, senderID, content) VALUES (151, 20, 97, 'Recognize technology cut with interview oil.');
INSERT INTO message (id, chatroomID, senderID, content) VALUES (152, 20, 97, 'Traditional close appear night opportunity month teach talk produce phone.');
INSERT INTO message (id, chatroomID, senderID, content) VALUES (153, 20, 97, 'Into also realize set we as police charge walk condition while certain.');
INSERT INTO message (id, chatroomID, senderID, content) VALUES (154, 20, 97, 'Word international like like yes second hot.');
INSERT INTO message (id, chatroomID, senderID, content) VALUES (155, 20, 97, 'Difference school stop glass tonight risk forget central matter despite ground begin.');
INSERT INTO message (id, chatroomID, senderID, content) VALUES (156, 21, 235, 'Window system low reality above drug.');
INSERT INTO message (id, chatroomID, senderID, content) VALUES (157, 21, 235, 'Listen quality begin sometimes others relationship police mean name.');
INSERT INTO message (id, chatroomID, senderID, content) VALUES (158, 21, 235, 'His fish onto phone they in great professional impact but friend.');
INSERT INTO message (id, chatroomID, senderID, content) VALUES (159, 21, 235, 'Perform audience impact everybody growth something together scientist west everything clearly itself.');
INSERT INTO message (id, chatroomID, senderID, content) VALUES (160, 21, 235, 'Agency line lose production green born set ten military expect.');
INSERT INTO message (id, chatroomID, senderID, content) VALUES (161, 21, 235, 'Quality management become study get tell meeting husband of.');
INSERT INTO message (id, chatroomID, senderID, content) VALUES (162, 21, 235, 'Form bag course within mean hold down.');
INSERT INTO message (id, chatroomID, senderID, content) VALUES (163, 21, 235, 'Scientist down trade speak outside describe policy choose various trial report sea.');
INSERT INTO message (id, chatroomID, senderID, content) VALUES (164, 21, 235, 'Billion window central draw magazine different interesting send career edge.');
INSERT INTO message (id, chatroomID, senderID, content) VALUES (165, 21, 235, 'Push her itself report fill similar.');
INSERT INTO message (id, chatroomID, senderID, content) VALUES (166, 22, 154, 'Compare now left among line floor start price later window.');
INSERT INTO message (id, chatroomID, senderID, content) VALUES (167, 22, 154, 'About long first some prove best fear hit thought million.');
INSERT INTO message (id, chatroomID, senderID, content) VALUES (168, 22, 154, 'Drug challenge degree indeed drive red news expert hard decision.');
INSERT INTO message (id, chatroomID, senderID, content) VALUES (169, 22, 154, 'After real story bad once identify radio.');
INSERT INTO message (id, chatroomID, senderID, content) VALUES (170, 22, 154, 'Teach blue role town threat a enough travel people news thing.');
INSERT INTO message (id, chatroomID, senderID, content) VALUES (171, 23, 106, 'Work level I pressure foot lot machine.');
INSERT INTO message (id, chatroomID, senderID, content) VALUES (172, 23, 106, 'Control Mr sell least music smile somebody whose man sign until market.');
INSERT INTO message (id, chatroomID, senderID, content) VALUES (173, 23, 106, 'Early clear leader individual cause help establish experience economic or force network.');
INSERT INTO message (id, chatroomID, senderID, content) VALUES (174, 23, 106, 'Help room else economy can easy.');
INSERT INTO message (id, chatroomID, senderID, content) VALUES (175, 23, 106, 'Right end decade at improve total trip.');
INSERT INTO message (id, chatroomID, senderID, content) VALUES (176, 23, 106, 'Expert individual bill sister move his never.');
INSERT INTO message (id, chatroomID, senderID, content) VALUES (177, 23, 106, 'Happen popular south although either when feeling individual learn health magazine.');
INSERT INTO message (id, chatroomID, senderID, content) VALUES (178, 24, 182, 'Future important next campaign detail yeah occur art stage.');
INSERT INTO message (id, chatroomID, senderID, content) VALUES (179, 24, 182, 'They article TV chance off development woman voice foot bad.');
INSERT INTO message (id, chatroomID, senderID, content) VALUES (180, 24, 182, 'Red interview expert customer guess agency.');
INSERT INTO message (id, chatroomID, senderID, content) VALUES (181, 24, 182, 'End light data effect character step within parent thus up.');
INSERT INTO message (id, chatroomID, senderID, content) VALUES (182, 24, 182, 'Over media challenge believe difference your.');
INSERT INTO message (id, chatroomID, senderID, content) VALUES (183, 24, 182, 'State entire her maybe gas reveal other future three test throughout game.');
INSERT INTO message (id, chatroomID, senderID, content) VALUES (184, 24, 182, 'Pattern sound including itself such physical father majority subject.');
INSERT INTO message (id, chatroomID, senderID, content) VALUES (185, 25, 190, 'Network authority fact property him represent technology you major minute.');
INSERT INTO message (id, chatroomID, senderID, content) VALUES (186, 25, 190, 'Research commercial about Congress happen need statement itself billion deal.');
INSERT INTO message (id, chatroomID, senderID, content) VALUES (187, 25, 190, 'Beyond begin hospital central out yes group director his.');
INSERT INTO message (id, chatroomID, senderID, content) VALUES (188, 25, 190, 'Business bank them project product child.');
INSERT INTO message (id, chatroomID, senderID, content) VALUES (189, 25, 190, 'This deep understand staff her here.');
INSERT INTO message (id, chatroomID, senderID, content) VALUES (190, 26, 172, 'Dog occur adult mouth south factor available treat middle.');
INSERT INTO message (id, chatroomID, senderID, content) VALUES (191, 26, 172, 'Already society herself American collection special less daughter later finish simple standard.');
INSERT INTO message (id, chatroomID, senderID, content) VALUES (192, 26, 172, 'Western level statement fly teach military.');
INSERT INTO message (id, chatroomID, senderID, content) VALUES (193, 26, 172, 'As leader little there meet usually green cold account.');
INSERT INTO message (id, chatroomID, senderID, content) VALUES (194, 26, 172, 'Enough nature small white million though form letter third other item modern.');
INSERT INTO message (id, chatroomID, senderID, content) VALUES (195, 27, 185, 'Final participant movie American place consider clearly coach forget.');
INSERT INTO message (id, chatroomID, senderID, content) VALUES (196, 27, 185, 'Those board order though necessary require try field generation themselves then century.');
INSERT INTO message (id, chatroomID, senderID, content) VALUES (197, 27, 185, 'Body reveal else your next war next plant pick.');
INSERT INTO message (id, chatroomID, senderID, content) VALUES (198, 27, 185, 'Trade economy yes hand every former result cost blood politics ask.');
INSERT INTO message (id, chatroomID, senderID, content) VALUES (199, 27, 185, 'Action PM billion reality future employee certainly similar.');
INSERT INTO message (id, chatroomID, senderID, content) VALUES (200, 27, 185, 'Military different not out through next see actually machine improve recent in hot.');
INSERT INTO message (id, chatroomID, senderID, content) VALUES (201, 27, 185, 'Born toward example college realize front operation next instead.');
INSERT INTO message (id, chatroomID, senderID, content) VALUES (202, 28, 32, 'Left write model kid walk environment western long past direction make memory.');
INSERT INTO message (id, chatroomID, senderID, content) VALUES (203, 28, 32, 'Beat debate trip right up near fast although option kid.');
INSERT INTO message (id, chatroomID, senderID, content) VALUES (204, 28, 32, 'Sometimes do candidate look trip challenge sort technology despite benefit history where.');
INSERT INTO message (id, chatroomID, senderID, content) VALUES (205, 28, 32, 'Sing perform far table growth glass important small reveal list.');
INSERT INTO message (id, chatroomID, senderID, content) VALUES (206, 28, 32, 'Yes today key big a likely key show analysis.');
INSERT INTO message (id, chatroomID, senderID, content) VALUES (207, 28, 32, 'Computer seat realize every age international.');
INSERT INTO message (id, chatroomID, senderID, content) VALUES (208, 28, 32, 'Start expect necessary together myself human.');
INSERT INTO message (id, chatroomID, senderID, content) VALUES (209, 28, 32, 'Report foreign than skin maybe stand series former risk house bill big write.');
INSERT INTO message (id, chatroomID, senderID, content) VALUES (210, 29, 135, 'Memory herself property adult similar concern begin turn beautiful thank theory similar human.');
INSERT INTO message (id, chatroomID, senderID, content) VALUES (211, 29, 135, 'Raise herself before find control concern end page number vote actually national law.');
INSERT INTO message (id, chatroomID, senderID, content) VALUES (212, 29, 135, 'Read community kitchen where see type read agent others floor bad.');
INSERT INTO message (id, chatroomID, senderID, content) VALUES (213, 29, 135, 'More until within audience baby spring.');
INSERT INTO message (id, chatroomID, senderID, content) VALUES (214, 29, 135, 'Generation just lose single say too.');
INSERT INTO message (id, chatroomID, senderID, content) VALUES (215, 29, 135, 'Prove win sound college mind success.');
INSERT INTO message (id, chatroomID, senderID, content) VALUES (216, 29, 135, 'Author group music team talk morning could.');
INSERT INTO message (id, chatroomID, senderID, content) VALUES (217, 29, 135, 'Media land involve toward score statement nature no effort.');
INSERT INTO message (id, chatroomID, senderID, content) VALUES (218, 29, 135, 'Sport reflect chance serious off main add learn yet apply federal.');
INSERT INTO message (id, chatroomID, senderID, content) VALUES (219, 30, 292, 'Tonight whole drive parent return town sing read.');
INSERT INTO message (id, chatroomID, senderID, content) VALUES (220, 30, 292, 'Provide standard color chair very home idea.');
INSERT INTO message (id, chatroomID, senderID, content) VALUES (221, 30, 292, 'Mrs man box stock exactly but Democrat finish near what it.');
INSERT INTO message (id, chatroomID, senderID, content) VALUES (222, 30, 292, 'Few beyond age public yard poor push report.');
INSERT INTO message (id, chatroomID, senderID, content) VALUES (223, 30, 292, 'Form account woman eat watch boy above south state usually cover age.');
INSERT INTO message (id, chatroomID, senderID, content) VALUES (224, 30, 292, 'Level institution popular spring prove ground boy piece.');
INSERT INTO message (id, chatroomID, senderID, content) VALUES (225, 30, 292, 'Free box people woman level note ready view in data program human.');
INSERT INTO message (id, chatroomID, senderID, content) VALUES (226, 30, 292, 'Compare no myself activity major trial.');
INSERT INTO message (id, chatroomID, senderID, content) VALUES (227, 30, 292, 'Beat receive see amount seven moment activity choice collection.');
INSERT INTO message (id, chatroomID, senderID, content) VALUES (228, 31, 187, 'Rather account job speech standard most.');
INSERT INTO message (id, chatroomID, senderID, content) VALUES (229, 31, 187, 'Follow trial important quite campaign program present.');
INSERT INTO message (id, chatroomID, senderID, content) VALUES (230, 31, 187, 'And fight across condition reflect take surface laugh north physical across middle.');
INSERT INTO message (id, chatroomID, senderID, content) VALUES (231, 31, 187, 'He drive here amount anyone laugh together law business anyone small physical.');
INSERT INTO message (id, chatroomID, senderID, content) VALUES (232, 31, 187, 'Strategy will both participant more kitchen current.');
INSERT INTO message (id, chatroomID, senderID, content) VALUES (233, 31, 187, 'Difficult need wife PM recent often face miss until picture.');
INSERT INTO message (id, chatroomID, senderID, content) VALUES (234, 31, 187, 'Lot including real on ten tax art understand treatment.');
INSERT INTO message (id, chatroomID, senderID, content) VALUES (235, 31, 187, 'Really leave first manage half past investment tree computer organization stock.');
INSERT INTO message (id, chatroomID, senderID, content) VALUES (236, 32, 103, 'Save I budget quality watch drive.');
INSERT INTO message (id, chatroomID, senderID, content) VALUES (237, 32, 103, 'Not TV seat six market including career statement leader wife allow build.');
INSERT INTO message (id, chatroomID, senderID, content) VALUES (238, 32, 103, 'Yard itself mention difficult party book describe.');
INSERT INTO message (id, chatroomID, senderID, content) VALUES (239, 32, 103, 'Adult beyond more little customer address leader final finish.');
INSERT INTO message (id, chatroomID, senderID, content) VALUES (240, 32, 103, 'Loss rock before reality market sort.');
INSERT INTO message (id, chatroomID, senderID, content) VALUES (241, 33, 169, 'Source scientist feeling oil center across citizen statement no.');
INSERT INTO message (id, chatroomID, senderID, content) VALUES (242, 33, 169, 'Create return attorney win see garden off cover enter answer something test owner.');
INSERT INTO message (id, chatroomID, senderID, content) VALUES (243, 33, 169, 'Appear age service baby star ever peace.');
INSERT INTO message (id, chatroomID, senderID, content) VALUES (244, 33, 169, 'Leave cause pressure more worry nor.');
INSERT INTO message (id, chatroomID, senderID, content) VALUES (245, 33, 169, 'View democratic government image throw range plant war floor.');
INSERT INTO message (id, chatroomID, senderID, content) VALUES (246, 33, 169, 'Sense wall care leg medical point season phone part become keep sign push.');
INSERT INTO message (id, chatroomID, senderID, content) VALUES (247, 33, 169, 'Many above teach back school start I candidate boy option forward.');
INSERT INTO message (id, chatroomID, senderID, content) VALUES (248, 33, 169, 'Cold Congress actually receive attention section.');
INSERT INTO message (id, chatroomID, senderID, content) VALUES (249, 33, 169, 'Matter radio win skin exist foot sound prevent decision despite race.');
INSERT INTO message (id, chatroomID, senderID, content) VALUES (250, 33, 169, 'Idea movement exist could technology evening difference down.');
INSERT INTO message (id, chatroomID, senderID, content) VALUES (251, 34, 88, 'Detail speak why success resource reflect test song floor state far speak.');
INSERT INTO message (id, chatroomID, senderID, content) VALUES (252, 34, 88, 'Enter your evening collection sense water myself political other.');
INSERT INTO message (id, chatroomID, senderID, content) VALUES (253, 34, 88, 'Measure half east simple arm successful administration ten choose my mouth determine.');
INSERT INTO message (id, chatroomID, senderID, content) VALUES (254, 34, 88, 'Chance major only end behind rich during teacher threat opportunity just.');
INSERT INTO message (id, chatroomID, senderID, content) VALUES (255, 34, 88, 'Notice simple among remember century three audience.');
INSERT INTO message (id, chatroomID, senderID, content) VALUES (256, 34, 88, 'Through quality will the computer couple management memory control both tough garden.');
INSERT INTO message (id, chatroomID, senderID, content) VALUES (257, 34, 88, 'See adult small above vote base not.');
INSERT INTO message (id, chatroomID, senderID, content) VALUES (258, 34, 88, 'Always economic history laugh court beyond.');
INSERT INTO message (id, chatroomID, senderID, content) VALUES (259, 34, 88, 'Relationship official tax give process another speak responsibility hand.');
INSERT INTO message (id, chatroomID, senderID, content) VALUES (260, 34, 88, 'Practice too art of family up.');
INSERT INTO message (id, chatroomID, senderID, content) VALUES (261, 35, 51, 'Language staff perhaps who base market never represent class.');
INSERT INTO message (id, chatroomID, senderID, content) VALUES (262, 35, 51, 'Mr region this loss several may north already still discussion social.');
INSERT INTO message (id, chatroomID, senderID, content) VALUES (263, 35, 51, 'Get start customer line kind impact kid possible them when several party.');
INSERT INTO message (id, chatroomID, senderID, content) VALUES (264, 35, 51, 'Respond whether executive could now future within price per behavior control.');
INSERT INTO message (id, chatroomID, senderID, content) VALUES (265, 35, 51, 'Large baby relationship human enter focus face move series art century.');
INSERT INTO message (id, chatroomID, senderID, content) VALUES (266, 36, 248, 'Memory eat maintain four imagine adult cold animal degree box window second.');
INSERT INTO message (id, chatroomID, senderID, content) VALUES (267, 36, 248, 'Whom issue partner nearly become save.');
INSERT INTO message (id, chatroomID, senderID, content) VALUES (268, 36, 248, 'Win work use himself spring me.');
INSERT INTO message (id, chatroomID, senderID, content) VALUES (269, 36, 248, 'Discussion have surface investment happy space we trip pick analysis.');
INSERT INTO message (id, chatroomID, senderID, content) VALUES (270, 36, 248, 'Size put stand probably kitchen address ok agreement party impact.');
INSERT INTO message (id, chatroomID, senderID, content) VALUES (271, 37, 277, 'Next money leader process national nature out.');
INSERT INTO message (id, chatroomID, senderID, content) VALUES (272, 37, 277, 'Must music worker method television cut officer weight event fire.');
INSERT INTO message (id, chatroomID, senderID, content) VALUES (273, 37, 277, 'Week whether treat story sit see remember control accept couple kind result.');
INSERT INTO message (id, chatroomID, senderID, content) VALUES (274, 37, 277, 'Area security usually fly by late doctor.');
INSERT INTO message (id, chatroomID, senderID, content) VALUES (275, 37, 277, 'Each or fast wide reflect front with near idea close.');
INSERT INTO message (id, chatroomID, senderID, content) VALUES (276, 37, 277, 'Minute specific member thank threat idea community build theory life level science medical hear.');
INSERT INTO message (id, chatroomID, senderID, content) VALUES (277, 37, 277, 'Growth finally quickly democratic save one.');
INSERT INTO message (id, chatroomID, senderID, content) VALUES (278, 38, 69, 'Action situation firm man these size.');
INSERT INTO message (id, chatroomID, senderID, content) VALUES (279, 38, 69, 'Sister buy present method can give final include material now material.');
INSERT INTO message (id, chatroomID, senderID, content) VALUES (280, 38, 69, 'Dog ten head result note role today.');
INSERT INTO message (id, chatroomID, senderID, content) VALUES (281, 38, 69, 'Action beyond hospital last already everyone.');
INSERT INTO message (id, chatroomID, senderID, content) VALUES (282, 38, 69, 'How wide arm town until cost sing.');
INSERT INTO message (id, chatroomID, senderID, content) VALUES (283, 39, 282, 'Degree court off environmental coach nature raise onto image get.');
INSERT INTO message (id, chatroomID, senderID, content) VALUES (284, 39, 282, 'Similar place chance into involve half how reflect throughout kid.');
INSERT INTO message (id, chatroomID, senderID, content) VALUES (285, 39, 282, 'Page send reflect parent certain throw card break.');
INSERT INTO message (id, chatroomID, senderID, content) VALUES (286, 39, 282, 'Order statement father discuss image young quickly serve season if unit nature area.');
INSERT INTO message (id, chatroomID, senderID, content) VALUES (287, 39, 282, 'If accept training believe scientist she baby every down spring.');
INSERT INTO message (id, chatroomID, senderID, content) VALUES (288, 39, 282, 'Oil property moment song beyond beyond ground treatment bar east business first.');
INSERT INTO message (id, chatroomID, senderID, content) VALUES (289, 39, 282, 'Benefit somebody woman mouth president building beat adult prove explain area.');
INSERT INTO message (id, chatroomID, senderID, content) VALUES (290, 39, 282, 'Education unit hundred responsibility name past.');
INSERT INTO message (id, chatroomID, senderID, content) VALUES (291, 40, 81, 'Decide top argue long continue garden let then.');
INSERT INTO message (id, chatroomID, senderID, content) VALUES (292, 40, 81, 'Performance value pass or first or assume check understand during special science.');
INSERT INTO message (id, chatroomID, senderID, content) VALUES (293, 40, 81, 'Attention computer reality middle prepare tend style I.');
INSERT INTO message (id, chatroomID, senderID, content) VALUES (294, 40, 81, 'Situation than city card important exactly before party least even on charge eye.');
INSERT INTO message (id, chatroomID, senderID, content) VALUES (295, 40, 81, 'Really party need own security war different particularly appear father morning.');
INSERT INTO message (id, chatroomID, senderID, content) VALUES (296, 40, 81, 'Sit commercial way of toward state explain hold reduce course kitchen program.');
INSERT INTO message (id, chatroomID, senderID, content) VALUES (297, 41, 26, 'Fast material development small everyone race woman positive successful last team number.');
INSERT INTO message (id, chatroomID, senderID, content) VALUES (298, 41, 26, 'Others real despite miss tough recently long treat final report across peace behind.');
INSERT INTO message (id, chatroomID, senderID, content) VALUES (299, 41, 26, 'Yeah remember accept determine yard every.');
INSERT INTO message (id, chatroomID, senderID, content) VALUES (300, 41, 26, 'Oil president teacher effort hour avoid allow movement.');
INSERT INTO message (id, chatroomID, senderID, content) VALUES (301, 41, 26, 'Feel sound each out wife brother material where.');
INSERT INTO message (id, chatroomID, senderID, content) VALUES (302, 41, 26, 'Over gun something piece research dream.');
INSERT INTO message (id, chatroomID, senderID, content) VALUES (303, 41, 26, 'Identify source easy president far democratic arm green I.');
INSERT INTO message (id, chatroomID, senderID, content) VALUES (304, 41, 26, 'Else major actually way realize third appear.');
INSERT INTO message (id, chatroomID, senderID, content) VALUES (305, 42, 235, 'Study our fish listen level teacher.');
INSERT INTO message (id, chatroomID, senderID, content) VALUES (306, 42, 235, 'Foot hospital matter easy open green pick inside popular of car.');
INSERT INTO message (id, chatroomID, senderID, content) VALUES (307, 42, 235, 'Note live here those with again arm early fire.');
INSERT INTO message (id, chatroomID, senderID, content) VALUES (308, 42, 235, 'Environment past strategy myself final read good.');
INSERT INTO message (id, chatroomID, senderID, content) VALUES (309, 42, 235, 'Per likely provide measure already music should her.');
INSERT INTO message (id, chatroomID, senderID, content) VALUES (310, 42, 235, 'Network how any simply detail your situation past evening local.');
INSERT INTO message (id, chatroomID, senderID, content) VALUES (311, 42, 235, 'Like strong model all interest they receive thing.');
INSERT INTO message (id, chatroomID, senderID, content) VALUES (312, 42, 235, 'Meeting yes still term field turn future research each room.');
INSERT INTO message (id, chatroomID, senderID, content) VALUES (313, 42, 235, 'Attack structure president travel region social their address whose.');
INSERT INTO message (id, chatroomID, senderID, content) VALUES (314, 43, 68, 'Care reveal well business true and to church choice artist arm near evidence.');
INSERT INTO message (id, chatroomID, senderID, content) VALUES (315, 43, 68, 'Theory wife method between prepare rock degree parent own result base must any.');
INSERT INTO message (id, chatroomID, senderID, content) VALUES (316, 43, 68, 'Man energy line feel few term still inside over your industry.');
INSERT INTO message (id, chatroomID, senderID, content) VALUES (317, 43, 68, 'For sell once high work parent husband color question suggest military.');
INSERT INTO message (id, chatroomID, senderID, content) VALUES (318, 43, 68, 'Home chair receive onto than challenge summer relationship chance learn city respond.');
INSERT INTO message (id, chatroomID, senderID, content) VALUES (319, 43, 68, 'Hand paper movement pass information your return know.');
INSERT INTO message (id, chatroomID, senderID, content) VALUES (320, 43, 68, 'Hotel quite behind could trade well media five week activity possible name hospital.');
INSERT INTO message (id, chatroomID, senderID, content) VALUES (321, 43, 68, 'Scientist throw purpose full really support necessary establish billion whole employee front knowledge.');
INSERT INTO message (id, chatroomID, senderID, content) VALUES (322, 44, 210, 'Town ball discuss may thousand rate teach other.');
INSERT INTO message (id, chatroomID, senderID, content) VALUES (323, 44, 210, 'Recently toward heavy this election pick by call firm investment life response.');
INSERT INTO message (id, chatroomID, senderID, content) VALUES (324, 44, 210, 'Child parent bill return turn family eight.');
INSERT INTO message (id, chatroomID, senderID, content) VALUES (325, 44, 210, 'Black food per manage agreement American since remain.');
INSERT INTO message (id, chatroomID, senderID, content) VALUES (326, 44, 210, 'Box thank entire agency answer throughout per fly character could.');
INSERT INTO message (id, chatroomID, senderID, content) VALUES (327, 44, 210, 'Raise type into wish front sport still term.');
INSERT INTO message (id, chatroomID, senderID, content) VALUES (328, 44, 210, 'Heavy occur street which billion family morning agency top card inside.');
INSERT INTO message (id, chatroomID, senderID, content) VALUES (329, 45, 74, 'Whom project less bring system blue none area student movie not.');
INSERT INTO message (id, chatroomID, senderID, content) VALUES (330, 45, 74, 'North staff suffer rise they half visit agent by over ball actually.');
INSERT INTO message (id, chatroomID, senderID, content) VALUES (331, 45, 74, 'Short term either fear set particularly mission.');
INSERT INTO message (id, chatroomID, senderID, content) VALUES (332, 45, 74, 'People daughter pretty third industry detail girl scientist official defense.');
INSERT INTO message (id, chatroomID, senderID, content) VALUES (333, 45, 74, 'Law economy describe they threat reflect ground suggest sort total.');
INSERT INTO message (id, chatroomID, senderID, content) VALUES (334, 45, 74, 'Democratic government go television training board miss around fast sometimes score.');
INSERT INTO message (id, chatroomID, senderID, content) VALUES (335, 46, 222, 'Young money size instead nor mean commercial upon certain detail rest.');
INSERT INTO message (id, chatroomID, senderID, content) VALUES (336, 46, 222, 'Decade item between teacher especially only pay.');
INSERT INTO message (id, chatroomID, senderID, content) VALUES (337, 46, 222, 'Others line exactly sound know wait effort sign number.');
INSERT INTO message (id, chatroomID, senderID, content) VALUES (338, 46, 222, 'Ability focus old wrong hand themselves gun eye recent their.');
INSERT INTO message (id, chatroomID, senderID, content) VALUES (339, 46, 222, 'Either moment would class standard something.');
INSERT INTO message (id, chatroomID, senderID, content) VALUES (340, 46, 222, 'Determine yes president theory compare recently require program middle anything.');
INSERT INTO message (id, chatroomID, senderID, content) VALUES (341, 46, 222, 'Tell skill sea father scientist I.');
INSERT INTO message (id, chatroomID, senderID, content) VALUES (342, 46, 222, 'Lose Congress officer source health wife once agency try certainly.');
INSERT INTO message (id, chatroomID, senderID, content) VALUES (343, 46, 222, 'View end plant both expect check discuss live her lawyer.');
INSERT INTO message (id, chatroomID, senderID, content) VALUES (344, 47, 190, 'Chance light chance civil outside mission.');
INSERT INTO message (id, chatroomID, senderID, content) VALUES (345, 47, 190, 'Main perhaps unit condition too down point treat or I let open military.');
INSERT INTO message (id, chatroomID, senderID, content) VALUES (346, 47, 190, 'Network short national rich door local common we bit should.');
INSERT INTO message (id, chatroomID, senderID, content) VALUES (347, 47, 190, 'Letter couple phone together lead occur maintain notice north.');
INSERT INTO message (id, chatroomID, senderID, content) VALUES (348, 47, 190, 'Conference shake trip data respond dark measure doctor behavior.');
INSERT INTO message (id, chatroomID, senderID, content) VALUES (349, 48, 205, 'Believe finally will indeed might once cultural its.');
INSERT INTO message (id, chatroomID, senderID, content) VALUES (350, 48, 205, 'Goal what speech industry fast treatment safe night identify treatment.');
INSERT INTO message (id, chatroomID, senderID, content) VALUES (351, 48, 205, 'Particularly day mind support scene and media behind your doctor few.');
INSERT INTO message (id, chatroomID, senderID, content) VALUES (352, 48, 205, 'Behind require our person sport when artist season rather nature gas.');
INSERT INTO message (id, chatroomID, senderID, content) VALUES (353, 48, 205, 'Peace loss heavy ready hot cover structure shoulder media knowledge offer meeting respond.');
INSERT INTO message (id, chatroomID, senderID, content) VALUES (354, 48, 205, 'Along degree bit family style low teach wonder ok.');
INSERT INTO message (id, chatroomID, senderID, content) VALUES (355, 48, 205, 'Fast remain newspaper scene painting national land.');
INSERT INTO message (id, chatroomID, senderID, content) VALUES (356, 48, 205, 'Find few time rock through natural fact close.');
INSERT INTO message (id, chatroomID, senderID, content) VALUES (357, 48, 205, 'Address president live everyone evening add involve minute participant member believe bank middle.');
INSERT INTO message (id, chatroomID, senderID, content) VALUES (358, 48, 205, 'Production against especially beyond chair this perform writer expert population camera.');
INSERT INTO message (id, chatroomID, senderID, content) VALUES (359, 49, 125, 'Professor character rather that fill population keep.');
INSERT INTO message (id, chatroomID, senderID, content) VALUES (360, 49, 125, 'Opportunity let standard rise beautiful section old beat surface over change including.');
INSERT INTO message (id, chatroomID, senderID, content) VALUES (361, 49, 125, 'Carry meet significant story fact unit only admit recognize stand factor.');
INSERT INTO message (id, chatroomID, senderID, content) VALUES (362, 49, 125, 'Fund person there season thing term structure indeed whom beautiful imagine experience.');
INSERT INTO message (id, chatroomID, senderID, content) VALUES (363, 49, 125, 'Lead car challenge name create social painting read interesting.');
INSERT INTO message (id, chatroomID, senderID, content) VALUES (364, 49, 125, 'Throughout everything here team husband interesting.');
INSERT INTO message (id, chatroomID, senderID, content) VALUES (365, 49, 125, 'Beautiful hundred treatment training gas form one.');
INSERT INTO message (id, chatroomID, senderID, content) VALUES (366, 49, 125, 'Whom south south prepare local remain friend spend money summer pick.');
INSERT INTO message (id, chatroomID, senderID, content) VALUES (367, 49, 125, 'Purpose draw school point issue budget necessary month president situation.');
INSERT INTO message (id, chatroomID, senderID, content) VALUES (368, 49, 125, 'Become really color represent poor soldier.');
INSERT INTO message (id, chatroomID, senderID, content) VALUES (369, 50, 36, 'These dream interview table item continue performance government.');
INSERT INTO message (id, chatroomID, senderID, content) VALUES (370, 50, 36, 'Music her live benefit hold must enough behind black probably.');
INSERT INTO message (id, chatroomID, senderID, content) VALUES (371, 50, 36, 'Oil population stage discuss some positive might partner particular.');
INSERT INTO message (id, chatroomID, senderID, content) VALUES (372, 50, 36, 'Hair talk my throw me although computer establish road example the class scientist.');
INSERT INTO message (id, chatroomID, senderID, content) VALUES (373, 50, 36, 'Not many result its great interest sell a another conference drug.');
INSERT INTO message (id, chatroomID, senderID, content) VALUES (374, 50, 36, 'In answer campaign already they statement few common.');
INSERT INTO message (id, chatroomID, senderID, content) VALUES (375, 50, 36, 'Step church adult physical economic collection leg above contain war doctor admit anything.');
INSERT INTO message (id, chatroomID, senderID, content) VALUES (376, 50, 36, 'South measure bed write treatment training just report to hear audience strategy fish.');
INSERT INTO message (id, chatroomID, senderID, content) VALUES (377, 51, 23, 'Least employee approach like suddenly fear remain.');
INSERT INTO message (id, chatroomID, senderID, content) VALUES (378, 51, 23, 'Once particular often network right arrive force attorney scene city store.');
INSERT INTO message (id, chatroomID, senderID, content) VALUES (379, 51, 23, 'Institution lawyer conference experience yet situation difference risk American.');
INSERT INTO message (id, chatroomID, senderID, content) VALUES (380, 51, 23, 'Dark protect table special guess prove recognize for view major none whom smile.');
INSERT INTO message (id, chatroomID, senderID, content) VALUES (381, 51, 23, 'Build clear within go agreement by matter rest company international.');
INSERT INTO message (id, chatroomID, senderID, content) VALUES (382, 51, 23, 'North across discuss indicate form present want community remember probably yes car.');
INSERT INTO message (id, chatroomID, senderID, content) VALUES (383, 51, 23, 'Letter between record carry indicate make know easy art give.');
INSERT INTO message (id, chatroomID, senderID, content) VALUES (384, 52, 245, 'Law analysis high sound performance particularly cause American door doctor probably prepare.');
INSERT INTO message (id, chatroomID, senderID, content) VALUES (385, 52, 245, 'Important commercial red most professional thousand election want six fund of share government.');
INSERT INTO message (id, chatroomID, senderID, content) VALUES (386, 52, 245, 'Future its southern job local fear away bag follow on.');
INSERT INTO message (id, chatroomID, senderID, content) VALUES (387, 52, 245, 'Piece certain recent lead however others final the maintain class.');
INSERT INTO message (id, chatroomID, senderID, content) VALUES (388, 52, 245, 'Simply treat reduce usually style deep education better hotel.');
INSERT INTO message (id, chatroomID, senderID, content) VALUES (389, 52, 245, 'Successful article whom try prepare agreement store behind.');
INSERT INTO message (id, chatroomID, senderID, content) VALUES (390, 52, 245, 'Key pay sometimes growth at north religious.');
INSERT INTO message (id, chatroomID, senderID, content) VALUES (391, 52, 245, 'Ready box operation million campaign bad call first avoid possible old series term.');
INSERT INTO message (id, chatroomID, senderID, content) VALUES (392, 52, 245, 'Some why federal walk machine director friend full voice expect maybe watch.');
INSERT INTO message (id, chatroomID, senderID, content) VALUES (393, 52, 245, 'Allow pretty meeting fill tax north next sell.');
INSERT INTO message (id, chatroomID, senderID, content) VALUES (394, 53, 35, 'Pick challenge speak cell democratic newspaper price coach election fill stuff.');
INSERT INTO message (id, chatroomID, senderID, content) VALUES (395, 53, 35, 'Grow great commercial food international board assume order.');
INSERT INTO message (id, chatroomID, senderID, content) VALUES (396, 53, 35, 'Green toward actually rise center age.');
INSERT INTO message (id, chatroomID, senderID, content) VALUES (397, 53, 35, 'Say candidate hair bad charge team box democratic break court.');
INSERT INTO message (id, chatroomID, senderID, content) VALUES (398, 53, 35, 'Old majority center have simply person fine way look may available part.');
INSERT INTO message (id, chatroomID, senderID, content) VALUES (399, 53, 35, 'After teacher real learn threat size laugh consider land happy thank.');
INSERT INTO message (id, chatroomID, senderID, content) VALUES (400, 53, 35, 'Live inside current gas production see bill exactly success herself.');
INSERT INTO message (id, chatroomID, senderID, content) VALUES (401, 53, 35, 'Boy environmental hold market garden decision really road after need.');
INSERT INTO message (id, chatroomID, senderID, content) VALUES (402, 53, 35, 'Understand plant west group lawyer analysis.');
INSERT INTO message (id, chatroomID, senderID, content) VALUES (403, 54, 159, 'Arrive fast such other tough person.');
INSERT INTO message (id, chatroomID, senderID, content) VALUES (404, 54, 159, 'We front fight join walk plan mother watch history class under.');
INSERT INTO message (id, chatroomID, senderID, content) VALUES (405, 54, 159, 'Shoulder cell receive another should argue coach four.');
INSERT INTO message (id, chatroomID, senderID, content) VALUES (406, 54, 159, 'Also past figure loss despite person whether record really company own never quality.');
INSERT INTO message (id, chatroomID, senderID, content) VALUES (407, 54, 159, 'College again anyone offer at difficult country follow decision write water.');
INSERT INTO message (id, chatroomID, senderID, content) VALUES (408, 54, 159, 'Line indeed music have property end total PM firm similar beat unit every.');
INSERT INTO message (id, chatroomID, senderID, content) VALUES (409, 54, 159, 'Throughout alone while skin it technology ten stage then.');
INSERT INTO message (id, chatroomID, senderID, content) VALUES (410, 55, 6, 'Open moment change remain free game wish forward treatment land week suggest fall paper.');
INSERT INTO message (id, chatroomID, senderID, content) VALUES (411, 55, 6, 'Control civil develop behavior positive heart cell best.');
INSERT INTO message (id, chatroomID, senderID, content) VALUES (412, 55, 6, 'Student food every pay agent science man.');
INSERT INTO message (id, chatroomID, senderID, content) VALUES (413, 55, 6, 'Poor treat subject ahead wind very social go nation.');
INSERT INTO message (id, chatroomID, senderID, content) VALUES (414, 55, 6, 'Thing nature deal these work movement ever fly head black man series camera.');
INSERT INTO message (id, chatroomID, senderID, content) VALUES (415, 55, 6, 'Several along contain last blue voice outside probably enter ago member American idea.');
INSERT INTO message (id, chatroomID, senderID, content) VALUES (416, 55, 6, 'Relationship perhaps hit director five reality.');
INSERT INTO message (id, chatroomID, senderID, content) VALUES (417, 56, 299, 'Economic probably civil wrong window fly only.');
INSERT INTO message (id, chatroomID, senderID, content) VALUES (418, 56, 299, 'Surface general least yes bill responsibility conference whom mouth institution future.');
INSERT INTO message (id, chatroomID, senderID, content) VALUES (419, 56, 299, 'Part phone hot relate man democratic receive agency director occur.');
INSERT INTO message (id, chatroomID, senderID, content) VALUES (420, 56, 299, 'Bill baby player buy per gun several right.');
INSERT INTO message (id, chatroomID, senderID, content) VALUES (421, 56, 299, 'Claim total sell memory help spend.');
INSERT INTO message (id, chatroomID, senderID, content) VALUES (422, 56, 299, 'Gun low machine rock already wrong.');
INSERT INTO message (id, chatroomID, senderID, content) VALUES (423, 56, 299, 'Party realize church side friend operation pull apply wish purpose dinner board.');
INSERT INTO message (id, chatroomID, senderID, content) VALUES (424, 56, 299, 'Popular police newspaper follow look present attorney.');
INSERT INTO message (id, chatroomID, senderID, content) VALUES (425, 56, 299, 'Ability brother represent particular television traditional leave.');
INSERT INTO message (id, chatroomID, senderID, content) VALUES (426, 56, 299, 'Three rock talk crime sound there who adult.');
INSERT INTO message (id, chatroomID, senderID, content) VALUES (427, 57, 56, 'Time environment religious couple leg role indeed lose only far save break great.');
INSERT INTO message (id, chatroomID, senderID, content) VALUES (428, 57, 56, 'Available set risk once example manage.');
INSERT INTO message (id, chatroomID, senderID, content) VALUES (429, 57, 56, 'Meet nothing hospital successful tough color have pay in remain Democrat avoid.');
INSERT INTO message (id, chatroomID, senderID, content) VALUES (430, 57, 56, 'Writer scientist short measure despite change spend someone provide.');
INSERT INTO message (id, chatroomID, senderID, content) VALUES (431, 57, 56, 'City teacher family attorney once draw only whole there.');
INSERT INTO message (id, chatroomID, senderID, content) VALUES (432, 57, 56, 'Capital issue why important both crime company inside.');
INSERT INTO message (id, chatroomID, senderID, content) VALUES (433, 57, 56, 'Under table sea author model agree most century however describe real defense not.');
INSERT INTO message (id, chatroomID, senderID, content) VALUES (434, 57, 56, 'Son want relate great seem however themselves develop radio.');
INSERT INTO message (id, chatroomID, senderID, content) VALUES (435, 57, 56, 'We general note travel policy operation network product career artist.');
INSERT INTO message (id, chatroomID, senderID, content) VALUES (436, 57, 56, 'Manager trial receive consider medical imagine.');
INSERT INTO message (id, chatroomID, senderID, content) VALUES (437, 58, 189, 'Pm effort Democrat fear expect write.');
INSERT INTO message (id, chatroomID, senderID, content) VALUES (438, 58, 189, 'See nature what half various others drive list read popular free.');
INSERT INTO message (id, chatroomID, senderID, content) VALUES (439, 58, 189, 'Recognize necessary picture music skill today partner near street hand study successful.');
INSERT INTO message (id, chatroomID, senderID, content) VALUES (440, 58, 189, 'Arm customer argue suddenly tend arrive change shoulder production perform.');
INSERT INTO message (id, chatroomID, senderID, content) VALUES (441, 58, 189, 'Hospital decision statement become care more begin.');
INSERT INTO message (id, chatroomID, senderID, content) VALUES (442, 58, 189, 'Behind manager in game story under world write east water life why hit.');
INSERT INTO message (id, chatroomID, senderID, content) VALUES (443, 58, 189, 'American see important wide behind improve natural court lot nature worry miss.');
INSERT INTO message (id, chatroomID, senderID, content) VALUES (444, 59, 273, 'Include work piece human yet campaign role speak change bed huge why home.');
INSERT INTO message (id, chatroomID, senderID, content) VALUES (445, 59, 273, 'Open as him view father daughter inside church perform organization.');
INSERT INTO message (id, chatroomID, senderID, content) VALUES (446, 59, 273, 'Life career child hope even operation thing feeling see.');
INSERT INTO message (id, chatroomID, senderID, content) VALUES (447, 59, 273, 'Charge anyone its sure key rock everything number during.');
INSERT INTO message (id, chatroomID, senderID, content) VALUES (448, 59, 273, 'Tend knowledge relate bring down various cell plan determine not.');
INSERT INTO message (id, chatroomID, senderID, content) VALUES (449, 59, 273, 'Chance name machine technology amount assume.');
INSERT INTO message (id, chatroomID, senderID, content) VALUES (450, 60, 76, 'Theory agree lot enjoy but better.');
INSERT INTO message (id, chatroomID, senderID, content) VALUES (451, 60, 76, 'Much hair consider wait discuss decide not store however environment onto opportunity hear.');
INSERT INTO message (id, chatroomID, senderID, content) VALUES (452, 60, 76, 'Soon audience run stuff old floor several once positive.');
INSERT INTO message (id, chatroomID, senderID, content) VALUES (453, 60, 76, 'Wind project eight evidence case bank avoid face hear.');
INSERT INTO message (id, chatroomID, senderID, content) VALUES (454, 60, 76, 'Little happen over thus figure necessary represent gas.');
INSERT INTO message (id, chatroomID, senderID, content) VALUES (455, 60, 76, 'Peace people color tax almost crime day popular economy article you skill decide.');
INSERT INTO message (id, chatroomID, senderID, content) VALUES (456, 60, 76, 'Two data lay eye green human short four realize.');
INSERT INTO message (id, chatroomID, senderID, content) VALUES (457, 60, 76, 'Eight institution pull avoid song strong know decide watch company nearly.');
INSERT INTO message (id, chatroomID, senderID, content) VALUES (458, 60, 76, 'Your wrong maybe fund her work.');
INSERT INTO message (id, chatroomID, senderID, content) VALUES (459, 60, 76, 'Health truth his benefit spring issue knowledge.');
INSERT INTO message (id, chatroomID, senderID, content) VALUES (460, 61, 134, 'Modern example represent experience information area as billion other wonder offer from capital.');
INSERT INTO message (id, chatroomID, senderID, content) VALUES (461, 61, 134, 'Either around price him side central any seem kind light staff.');
INSERT INTO message (id, chatroomID, senderID, content) VALUES (462, 61, 134, 'Long myself central later feel by interview all on.');
INSERT INTO message (id, chatroomID, senderID, content) VALUES (463, 61, 134, 'Dark kind son trade paper want edge.');
INSERT INTO message (id, chatroomID, senderID, content) VALUES (464, 61, 134, 'Each want during management day institution deep whole.');
INSERT INTO message (id, chatroomID, senderID, content) VALUES (465, 61, 134, 'Say energy hot record decide exist ready.');
INSERT INTO message (id, chatroomID, senderID, content) VALUES (466, 61, 134, 'Spring example fly involve official view center know direction natural impact prevent important.');
INSERT INTO message (id, chatroomID, senderID, content) VALUES (467, 61, 134, 'Shake stuff growth attack trade magazine director leg ok drive lot lot.');
INSERT INTO message (id, chatroomID, senderID, content) VALUES (468, 61, 134, 'Important card above rise table amount minute player.');
INSERT INTO message (id, chatroomID, senderID, content) VALUES (469, 62, 264, 'Mind management turn trip current impact late view art know still eye meet.');
INSERT INTO message (id, chatroomID, senderID, content) VALUES (470, 62, 264, 'Training ten question fast identify himself blue most think option sound sing great.');
INSERT INTO message (id, chatroomID, senderID, content) VALUES (471, 62, 264, 'If member understand detail be why same.');
INSERT INTO message (id, chatroomID, senderID, content) VALUES (472, 62, 264, 'Theory quite interview her tend between sing ask third pull site approach.');
INSERT INTO message (id, chatroomID, senderID, content) VALUES (473, 62, 264, 'Smile interest how here keep or article check doctor both.');
INSERT INTO message (id, chatroomID, senderID, content) VALUES (474, 62, 264, 'Road forward always them involve final room across.');
INSERT INTO message (id, chatroomID, senderID, content) VALUES (475, 62, 264, 'Take catch bring soon discussion city defense.');
INSERT INTO message (id, chatroomID, senderID, content) VALUES (476, 62, 264, 'Admit operation foreign beyond send movie coach.');
INSERT INTO message (id, chatroomID, senderID, content) VALUES (477, 62, 264, 'Result throw newspaper table everybody law.');
INSERT INTO message (id, chatroomID, senderID, content) VALUES (478, 62, 264, 'Again successful grow itself usually join doctor important production magazine any begin artist.');
INSERT INTO message (id, chatroomID, senderID, content) VALUES (479, 63, 14, 'Offer yes physical begin listen state old support treatment else.');
INSERT INTO message (id, chatroomID, senderID, content) VALUES (480, 63, 14, 'Much soldier condition pass protect remember kid conference watch environment.');
INSERT INTO message (id, chatroomID, senderID, content) VALUES (481, 63, 14, 'Quickly any factor stay condition rest full financial resource option attention call.');
INSERT INTO message (id, chatroomID, senderID, content) VALUES (482, 63, 14, 'Accept represent kitchen audience door analysis much strong southern later.');
INSERT INTO message (id, chatroomID, senderID, content) VALUES (483, 63, 14, 'Management wall stage city heart study participant beat short cause positive hotel.');
INSERT INTO message (id, chatroomID, senderID, content) VALUES (484, 63, 14, 'Of state should start community military.');
INSERT INTO message (id, chatroomID, senderID, content) VALUES (485, 63, 14, 'Old send let final poor wear our kid almost else himself well white.');
INSERT INTO message (id, chatroomID, senderID, content) VALUES (486, 63, 14, 'During key street but upon national.');
INSERT INTO message (id, chatroomID, senderID, content) VALUES (487, 64, 77, 'Themselves again listen true memory another region identify her final cause.');
INSERT INTO message (id, chatroomID, senderID, content) VALUES (488, 64, 77, 'Two pick any church like discover.');
INSERT INTO message (id, chatroomID, senderID, content) VALUES (489, 64, 77, 'Top writer soldier well structure budget send we.');
INSERT INTO message (id, chatroomID, senderID, content) VALUES (490, 64, 77, 'Wait thousand be opportunity machine difficult explain major either.');
INSERT INTO message (id, chatroomID, senderID, content) VALUES (491, 64, 77, 'Training decade soldier blood fire room factor.');
INSERT INTO message (id, chatroomID, senderID, content) VALUES (492, 64, 77, 'Remember performance trouble PM teacher one Republican system price situation already big.');
INSERT INTO message (id, chatroomID, senderID, content) VALUES (493, 64, 77, 'Letter travel herself explain voice another personal.');
INSERT INTO message (id, chatroomID, senderID, content) VALUES (494, 64, 77, 'Our around maintain success similar approach our.');
INSERT INTO message (id, chatroomID, senderID, content) VALUES (495, 64, 77, 'Listen letter rather list result particular anything.');
INSERT INTO message (id, chatroomID, senderID, content) VALUES (496, 64, 77, 'Walk close lot laugh analysis plan get maybe action century something.');
INSERT INTO message (id, chatroomID, senderID, content) VALUES (497, 65, 158, 'Teach official whole same player dream citizen.');
INSERT INTO message (id, chatroomID, senderID, content) VALUES (498, 65, 158, 'Room across evidence attorney administration again blood risk answer.');
INSERT INTO message (id, chatroomID, senderID, content) VALUES (499, 65, 158, 'Form could professional him among poor strategy ability sport especially discover.');
INSERT INTO message (id, chatroomID, senderID, content) VALUES (500, 65, 158, 'Find interview investment be focus between reason mission about land.');
INSERT INTO message (id, chatroomID, senderID, content) VALUES (501, 65, 158, 'Fight away whether let more data itself.');
INSERT INTO message (id, chatroomID, senderID, content) VALUES (502, 65, 158, 'Even indeed deep catch prove professional since rate.');
INSERT INTO message (id, chatroomID, senderID, content) VALUES (503, 65, 158, 'In series certain clearly speech ball western continue call bed necessary which century.');
INSERT INTO message (id, chatroomID, senderID, content) VALUES (504, 66, 53, 'Service leg pretty represent throw hope.');
INSERT INTO message (id, chatroomID, senderID, content) VALUES (505, 66, 53, 'Hand few cover partner room such third trouble real campaign toward daughter.');
INSERT INTO message (id, chatroomID, senderID, content) VALUES (506, 66, 53, 'Participant fast money evening over sense property home city on manager.');
INSERT INTO message (id, chatroomID, senderID, content) VALUES (507, 66, 53, 'Interesting situation art race night water who manage dark issue recognize pick.');
INSERT INTO message (id, chatroomID, senderID, content) VALUES (508, 66, 53, 'Property character task imagine indeed board name.');
INSERT INTO message (id, chatroomID, senderID, content) VALUES (509, 66, 53, 'Experience travel start gun me read contain artist civil nice.');
INSERT INTO message (id, chatroomID, senderID, content) VALUES (510, 66, 53, 'Plant office drive indicate whom mission throughout.');
INSERT INTO message (id, chatroomID, senderID, content) VALUES (511, 66, 53, 'Network personal understand best ability class.');
INSERT INTO message (id, chatroomID, senderID, content) VALUES (512, 66, 53, 'Foreign our instead customer let analysis.');
INSERT INTO message (id, chatroomID, senderID, content) VALUES (513, 67, 11, 'Sense field peace space candidate keep.');
INSERT INTO message (id, chatroomID, senderID, content) VALUES (514, 67, 11, 'Soon it PM alone general condition let hit put.');
INSERT INTO message (id, chatroomID, senderID, content) VALUES (515, 67, 11, 'Leader culture thousand dark nice grow race.');
INSERT INTO message (id, chatroomID, senderID, content) VALUES (516, 67, 11, 'Maybe there test fact note institution hospital what include oil between audience.');
INSERT INTO message (id, chatroomID, senderID, content) VALUES (517, 67, 11, 'Girl year feeling wish color manage we itself discuss page strategy dinner.');
INSERT INTO message (id, chatroomID, senderID, content) VALUES (518, 67, 11, 'Yeah nothing station within nearly still letter.');
INSERT INTO message (id, chatroomID, senderID, content) VALUES (519, 67, 11, 'Peace race success thousand than natural high election.');
INSERT INTO message (id, chatroomID, senderID, content) VALUES (520, 68, 257, 'Process bank feeling my agent economic moment clear paper artist more let control.');
INSERT INTO message (id, chatroomID, senderID, content) VALUES (521, 68, 257, 'No painting add probably peace discover method road several write last reach.');
INSERT INTO message (id, chatroomID, senderID, content) VALUES (522, 68, 257, 'Everybody activity scene run TV mean far sometimes generation until dog building.');
INSERT INTO message (id, chatroomID, senderID, content) VALUES (523, 68, 257, 'Organization instead nothing sign ball report crime expect without lawyer thus toward green.');
INSERT INTO message (id, chatroomID, senderID, content) VALUES (524, 68, 257, 'Difficult air however reflect the success Republican those.');
INSERT INTO message (id, chatroomID, senderID, content) VALUES (525, 68, 257, 'Establish society rather relationship customer budget energy father adult analysis.');
INSERT INTO message (id, chatroomID, senderID, content) VALUES (526, 68, 257, 'Business space bag he table contain owner floor.');
INSERT INTO message (id, chatroomID, senderID, content) VALUES (527, 69, 136, 'Experience practice carry agent learn only federal begin.');
INSERT INTO message (id, chatroomID, senderID, content) VALUES (528, 69, 136, 'Season first Democrat small car use budget thank involve no.');
INSERT INTO message (id, chatroomID, senderID, content) VALUES (529, 69, 136, 'Program level either field less attorney put eye next PM PM simple.');
INSERT INTO message (id, chatroomID, senderID, content) VALUES (530, 69, 136, 'Buy style inside mother concern professional staff play real person.');
INSERT INTO message (id, chatroomID, senderID, content) VALUES (531, 69, 136, 'Alone big himself newspaper inside suggest you him station me if her certainly.');
INSERT INTO message (id, chatroomID, senderID, content) VALUES (532, 69, 136, 'Bag check operation American fire best large cause state along dog indicate understand.');
INSERT INTO message (id, chatroomID, senderID, content) VALUES (533, 70, 134, 'Stop learn take yard between soldier.');
INSERT INTO message (id, chatroomID, senderID, content) VALUES (534, 70, 134, 'Science management cold once more throughout traditional cover.');
INSERT INTO message (id, chatroomID, senderID, content) VALUES (535, 70, 134, 'Democratic let character customer along be.');
INSERT INTO message (id, chatroomID, senderID, content) VALUES (536, 70, 134, 'Could star green realize mention film girl.');
INSERT INTO message (id, chatroomID, senderID, content) VALUES (537, 70, 134, 'Enjoy provide seem newspaper boy long everyone economic now run happy.');
INSERT INTO message (id, chatroomID, senderID, content) VALUES (538, 70, 134, 'Improve computer strategy impact operation three important teacher image difference.');
INSERT INTO message (id, chatroomID, senderID, content) VALUES (539, 70, 134, 'Issue fear detail deal author heavy article.');
INSERT INTO message (id, chatroomID, senderID, content) VALUES (540, 70, 134, 'Best remain subject force daughter manager quickly tell.');
INSERT INTO message (id, chatroomID, senderID, content) VALUES (541, 71, 80, 'Maybe they accept for night us choose great better.');
INSERT INTO message (id, chatroomID, senderID, content) VALUES (542, 71, 80, 'Herself movement call coach dream far use position available.');
INSERT INTO message (id, chatroomID, senderID, content) VALUES (543, 71, 80, 'Character ask fact late board tax too computer safe rock.');
INSERT INTO message (id, chatroomID, senderID, content) VALUES (544, 71, 80, 'Whom argue throughout value production finally factor sound.');
INSERT INTO message (id, chatroomID, senderID, content) VALUES (545, 71, 80, 'Market many east operation heavy bad one per generation live.');
INSERT INTO message (id, chatroomID, senderID, content) VALUES (546, 71, 80, 'Special memory study Mrs describe brother still protect commercial theory candidate bar without.');
INSERT INTO message (id, chatroomID, senderID, content) VALUES (547, 71, 80, 'Wife increase shake miss degree group ask yard safe agreement material.');
INSERT INTO message (id, chatroomID, senderID, content) VALUES (548, 71, 80, 'Lose until she machine future to.');
INSERT INTO message (id, chatroomID, senderID, content) VALUES (549, 71, 80, 'Perhaps dog modern fish shake source health science himself certainly she.');
INSERT INTO message (id, chatroomID, senderID, content) VALUES (550, 72, 146, 'Time firm table voice customer risk during keep write daughter.');
INSERT INTO message (id, chatroomID, senderID, content) VALUES (551, 72, 146, 'Employee music sit information participant arm discover quite theory move section rest.');
INSERT INTO message (id, chatroomID, senderID, content) VALUES (552, 72, 146, 'Even before case heavy blue beyond appear thought.');
INSERT INTO message (id, chatroomID, senderID, content) VALUES (553, 72, 146, 'Plan assume from live cost message fast style.');
INSERT INTO message (id, chatroomID, senderID, content) VALUES (554, 72, 146, 'Type source responsibility bit record address believe despite.');
INSERT INTO message (id, chatroomID, senderID, content) VALUES (555, 72, 146, 'Kind building need strategy great value.');
INSERT INTO message (id, chatroomID, senderID, content) VALUES (556, 72, 146, 'Doctor necessary same try under value like most wait blood newspaper rule pass while.');
INSERT INTO message (id, chatroomID, senderID, content) VALUES (557, 72, 146, 'Determine hot when why conference call tax agree senior see.');
INSERT INTO message (id, chatroomID, senderID, content) VALUES (558, 72, 146, 'Open late party marriage walk role book really product red future.');
INSERT INTO message (id, chatroomID, senderID, content) VALUES (559, 73, 242, 'Tend start hot argue leader interest bit deal air and.');
INSERT INTO message (id, chatroomID, senderID, content) VALUES (560, 73, 242, 'Class try town relate kind no speech total customer.');
INSERT INTO message (id, chatroomID, senderID, content) VALUES (561, 73, 242, 'Before piece beat wall fact stock truth prove kind close.');
INSERT INTO message (id, chatroomID, senderID, content) VALUES (562, 73, 242, 'Culture level field political the say.');
INSERT INTO message (id, chatroomID, senderID, content) VALUES (563, 73, 242, 'Citizen amount executive guy nor myself themselves style my expert investment green several.');
INSERT INTO message (id, chatroomID, senderID, content) VALUES (564, 73, 242, 'One pressure parent voice child end make project agreement commercial fly eight.');
INSERT INTO message (id, chatroomID, senderID, content) VALUES (565, 73, 242, 'Beat help black mention loss maintain professional.');
INSERT INTO message (id, chatroomID, senderID, content) VALUES (566, 73, 242, 'My pass radio six book Congress bag concern crime serious even.');
INSERT INTO message (id, chatroomID, senderID, content) VALUES (567, 74, 51, 'Grow instead rich trouble until type nearly training however number assume hair later.');
INSERT INTO message (id, chatroomID, senderID, content) VALUES (568, 74, 51, 'Worker use try join partner the degree fear lawyer usually arrive.');
INSERT INTO message (id, chatroomID, senderID, content) VALUES (569, 74, 51, 'Policy dark writer second know page product should.');
INSERT INTO message (id, chatroomID, senderID, content) VALUES (570, 74, 51, 'Quite memory range environmental attention outside represent more.');
INSERT INTO message (id, chatroomID, senderID, content) VALUES (571, 74, 51, 'Wear outside sound church wall probably suggest security upon behavior certain.');
INSERT INTO message (id, chatroomID, senderID, content) VALUES (572, 74, 51, 'Themselves some cut may whether edge investment challenge company company.');
INSERT INTO message (id, chatroomID, senderID, content) VALUES (573, 74, 51, 'Allow red race drive sound moment race.');
INSERT INTO message (id, chatroomID, senderID, content) VALUES (574, 74, 51, 'Others need yet name different race while both husband.');
INSERT INTO message (id, chatroomID, senderID, content) VALUES (575, 74, 51, 'Claim enough region other nature according.');
INSERT INTO message (id, chatroomID, senderID, content) VALUES (576, 75, 178, 'Create large mouth dinner red action stuff.');
INSERT INTO message (id, chatroomID, senderID, content) VALUES (577, 75, 178, 'Hospital fire cold thank large but accept artist seem.');
INSERT INTO message (id, chatroomID, senderID, content) VALUES (578, 75, 178, 'Pass my listen chance fine anything let sport home push but happen.');
INSERT INTO message (id, chatroomID, senderID, content) VALUES (579, 75, 178, 'Area increase half between include subject before star who.');
INSERT INTO message (id, chatroomID, senderID, content) VALUES (580, 75, 178, 'Admit officer opportunity who yard decide minute city song human standard full know.');
INSERT INTO message (id, chatroomID, senderID, content) VALUES (581, 75, 178, 'Ask loss necessary create east generation outside executive.');
INSERT INTO message (id, chatroomID, senderID, content) VALUES (582, 76, 6, 'Explain door current catch director hotel edge painting technology low.');
INSERT INTO message (id, chatroomID, senderID, content) VALUES (583, 76, 6, 'Rich of person scientist magazine something prevent picture Republican east camera.');
INSERT INTO message (id, chatroomID, senderID, content) VALUES (584, 76, 6, 'Live cause language gas need successful plant receive concern after necessary.');
INSERT INTO message (id, chatroomID, senderID, content) VALUES (585, 76, 6, 'From college bank force sometimes watch writer quickly ball author spend.');
INSERT INTO message (id, chatroomID, senderID, content) VALUES (586, 76, 6, 'Of south century present huge traditional none like moment ball different.');
INSERT INTO message (id, chatroomID, senderID, content) VALUES (587, 76, 6, 'Age or performance run gas ground war paper.');
INSERT INTO message (id, chatroomID, senderID, content) VALUES (588, 76, 6, 'Herself three successful available event easy become light end candidate general.');
INSERT INTO message (id, chatroomID, senderID, content) VALUES (589, 76, 6, 'Stage front cover car away those.');
INSERT INTO message (id, chatroomID, senderID, content) VALUES (590, 77, 47, 'Show class design fire image rich fast some right wall strategy across.');
INSERT INTO message (id, chatroomID, senderID, content) VALUES (591, 77, 47, 'Radio recent chair cultural create go then anyone view.');
INSERT INTO message (id, chatroomID, senderID, content) VALUES (592, 77, 47, 'Bar remain majority still face middle his since find know rate computer yourself.');
INSERT INTO message (id, chatroomID, senderID, content) VALUES (593, 77, 47, 'Small popular then the value goal candidate.');
INSERT INTO message (id, chatroomID, senderID, content) VALUES (594, 77, 47, 'Letter in attention to similar front standard.');
INSERT INTO message (id, chatroomID, senderID, content) VALUES (595, 77, 47, 'Beyond support produce medical blood new black may their second fact.');
INSERT INTO message (id, chatroomID, senderID, content) VALUES (596, 78, 255, 'Scene represent type sport subject on actually by up involve.');
INSERT INTO message (id, chatroomID, senderID, content) VALUES (597, 78, 255, 'Before general number eye throw open attack teacher.');
INSERT INTO message (id, chatroomID, senderID, content) VALUES (598, 78, 255, 'Season office radio among official leave.');
INSERT INTO message (id, chatroomID, senderID, content) VALUES (599, 78, 255, 'Police impact collection suggest action late item interview.');
INSERT INTO message (id, chatroomID, senderID, content) VALUES (600, 78, 255, 'Us hit indeed but ten particularly.');
INSERT INTO message (id, chatroomID, senderID, content) VALUES (601, 78, 255, 'Science account operation fall financial window political significant policy method recognize drop.');
INSERT INTO message (id, chatroomID, senderID, content) VALUES (602, 78, 255, 'Article arrive treat traditional standard data interview design policy.');
INSERT INTO message (id, chatroomID, senderID, content) VALUES (603, 78, 255, 'Nearly management maintain him begin yard entire resource.');
INSERT INTO message (id, chatroomID, senderID, content) VALUES (604, 78, 255, 'Across number line year necessary peace lose.');
INSERT INTO message (id, chatroomID, senderID, content) VALUES (605, 79, 212, 'Carry office appear several Democrat commercial anyone change head each.');
INSERT INTO message (id, chatroomID, senderID, content) VALUES (606, 79, 212, 'Quickly cup fall laugh anything quickly law line medical strategy fish.');
INSERT INTO message (id, chatroomID, senderID, content) VALUES (607, 79, 212, 'Language choice chance half under determine seem already he.');
INSERT INTO message (id, chatroomID, senderID, content) VALUES (608, 79, 212, 'Happy lot he dog method rule thousand.');
INSERT INTO message (id, chatroomID, senderID, content) VALUES (609, 79, 212, 'Green common Republican loss science fall also current choice drug.');
INSERT INTO message (id, chatroomID, senderID, content) VALUES (610, 79, 212, 'Floor color country floor theory toward share other hospital camera.');
INSERT INTO message (id, chatroomID, senderID, content) VALUES (611, 80, 223, 'Realize speak effect together type fast.');
INSERT INTO message (id, chatroomID, senderID, content) VALUES (612, 80, 223, 'Information ever foot season thing trade prepare.');
INSERT INTO message (id, chatroomID, senderID, content) VALUES (613, 80, 223, 'Major people fly minute voice do.');
INSERT INTO message (id, chatroomID, senderID, content) VALUES (614, 80, 223, 'Look where national window government tonight red kind month dream science relate.');
INSERT INTO message (id, chatroomID, senderID, content) VALUES (615, 80, 223, 'Agency owner set subject buy head stay seven where.');
INSERT INTO message (id, chatroomID, senderID, content) VALUES (616, 80, 223, 'Less pretty human whom American day film key instead ten.');
INSERT INTO message (id, chatroomID, senderID, content) VALUES (617, 80, 223, 'Peace federal within local hotel not finish consumer.');
INSERT INTO message (id, chatroomID, senderID, content) VALUES (618, 80, 223, 'Soldier development finish reduce director marriage scientist may teacher.');
INSERT INTO message (id, chatroomID, senderID, content) VALUES (619, 80, 223, 'Phone base end against wrong true something modern.');
INSERT INTO message (id, chatroomID, senderID, content) VALUES (620, 80, 223, 'Test together choose arm his third animal person score executive art.');
INSERT INTO message (id, chatroomID, senderID, content) VALUES (621, 81, 278, 'Fight Mr chance nothing performance determine stock would.');
INSERT INTO message (id, chatroomID, senderID, content) VALUES (622, 81, 278, 'Administration wish discussion matter type land player this friend focus she series actually.');
INSERT INTO message (id, chatroomID, senderID, content) VALUES (623, 81, 278, 'Project network scene at majority only name.');
INSERT INTO message (id, chatroomID, senderID, content) VALUES (624, 81, 278, 'Civil anyone small month treatment some represent mean series.');
INSERT INTO message (id, chatroomID, senderID, content) VALUES (625, 81, 278, 'Music key artist when now half.');
INSERT INTO message (id, chatroomID, senderID, content) VALUES (626, 81, 278, 'Other house site eye rich admit threat huge way street reality institution million.');
INSERT INTO message (id, chatroomID, senderID, content) VALUES (627, 81, 278, 'Good tell throughout again look field pretty any good.');
INSERT INTO message (id, chatroomID, senderID, content) VALUES (628, 81, 278, 'Executive treatment see city building letter line around front another choose.');
INSERT INTO message (id, chatroomID, senderID, content) VALUES (629, 81, 278, 'Look trip still wonder will old lawyer out tree upon region office.');
INSERT INTO message (id, chatroomID, senderID, content) VALUES (630, 81, 278, 'Course hotel technology matter boy success produce.');
INSERT INTO message (id, chatroomID, senderID, content) VALUES (631, 82, 77, 'World fire east week situation sometimes education outside exist throw play.');
INSERT INTO message (id, chatroomID, senderID, content) VALUES (632, 82, 77, 'Others claim fast city north hand call onto various place sport president throughout season.');
INSERT INTO message (id, chatroomID, senderID, content) VALUES (633, 82, 77, 'Upon system debate character leader never.');
INSERT INTO message (id, chatroomID, senderID, content) VALUES (634, 82, 77, 'Stock now tell thought pattern design maybe call kitchen.');
INSERT INTO message (id, chatroomID, senderID, content) VALUES (635, 82, 77, 'Democratic indicate address recognize return including energy door city war anything.');
INSERT INTO message (id, chatroomID, senderID, content) VALUES (636, 83, 53, 'Type himself treat area up budget me give finally small.');
INSERT INTO message (id, chatroomID, senderID, content) VALUES (637, 83, 53, 'Hot stock large open tend option word.');
INSERT INTO message (id, chatroomID, senderID, content) VALUES (638, 83, 53, 'Make risk song year hundred camera lot western.');
INSERT INTO message (id, chatroomID, senderID, content) VALUES (639, 83, 53, 'Draw yourself simply since son page special such process they base office hold.');
INSERT INTO message (id, chatroomID, senderID, content) VALUES (640, 83, 53, 'American us for organization politics industry prove friend wife step sister letter two.');
INSERT INTO message (id, chatroomID, senderID, content) VALUES (641, 83, 53, 'Put career foreign particularly family site floor.');
INSERT INTO message (id, chatroomID, senderID, content) VALUES (642, 83, 53, 'Effort relationship along game knowledge kitchen themselves for reason top despite.');
INSERT INTO message (id, chatroomID, senderID, content) VALUES (643, 83, 53, 'Ahead operation stuff father reduce these fact clear similar able you actually front.');
INSERT INTO message (id, chatroomID, senderID, content) VALUES (644, 83, 53, 'Whole worry sense else later half.');
INSERT INTO message (id, chatroomID, senderID, content) VALUES (645, 83, 53, 'Low collection man ever oil improve take believe.');
INSERT INTO message (id, chatroomID, senderID, content) VALUES (646, 84, 47, 'Effect court couple cultural case inside indeed heavy contain size how trial education.');
INSERT INTO message (id, chatroomID, senderID, content) VALUES (647, 84, 47, 'Democrat which different north new least door travel close movement.');
INSERT INTO message (id, chatroomID, senderID, content) VALUES (648, 84, 47, 'Quality cover indicate free when administration.');
INSERT INTO message (id, chatroomID, senderID, content) VALUES (649, 84, 47, 'Finally mission first here picture physical office bad occur late more dream.');
INSERT INTO message (id, chatroomID, senderID, content) VALUES (650, 84, 47, 'Economic bit always wish religious tell administration cultural place building gas into.');
INSERT INTO message (id, chatroomID, senderID, content) VALUES (651, 84, 47, 'Lead throw question woman financial husband move.');
INSERT INTO message (id, chatroomID, senderID, content) VALUES (652, 84, 47, 'Nice may a plan yeah give.');
INSERT INTO message (id, chatroomID, senderID, content) VALUES (653, 84, 47, 'Mean break specific ability think more.');
INSERT INTO message (id, chatroomID, senderID, content) VALUES (654, 85, 95, 'On do however wear reduce reduce reveal sure ability election.');
INSERT INTO message (id, chatroomID, senderID, content) VALUES (655, 85, 95, 'Million through nation camera bank use quite.');
INSERT INTO message (id, chatroomID, senderID, content) VALUES (656, 85, 95, 'According range catch travel force well key back.');
INSERT INTO message (id, chatroomID, senderID, content) VALUES (657, 85, 95, 'Forward project side every learn well affect strategy.');
INSERT INTO message (id, chatroomID, senderID, content) VALUES (658, 85, 95, 'Base manager war president write record.');
INSERT INTO message (id, chatroomID, senderID, content) VALUES (659, 85, 95, 'Else thus message necessary option spring issue prove Republican beautiful unit.');
INSERT INTO message (id, chatroomID, senderID, content) VALUES (660, 85, 95, 'Some next indicate unit quite suffer development friend easy behavior history message great.');
INSERT INTO message (id, chatroomID, senderID, content) VALUES (661, 85, 95, 'Suffer property cause investment long a its instead prove recently understand that fact.');
INSERT INTO message (id, chatroomID, senderID, content) VALUES (662, 85, 95, 'Politics civil recent Congress green window become ever health his.');
INSERT INTO message (id, chatroomID, senderID, content) VALUES (663, 85, 95, 'Claim describe investment back participant three any sense life year.');
INSERT INTO message (id, chatroomID, senderID, content) VALUES (664, 86, 233, 'Item author during turn phone these.');
INSERT INTO message (id, chatroomID, senderID, content) VALUES (665, 86, 233, 'Audience sing son kind decision work anything statement own place record where trouble conference.');
INSERT INTO message (id, chatroomID, senderID, content) VALUES (666, 86, 233, 'Majority point safe challenge number age impact necessary.');
INSERT INTO message (id, chatroomID, senderID, content) VALUES (667, 86, 233, 'Cover marriage performance growth company guy experience again grow approach writer.');
INSERT INTO message (id, chatroomID, senderID, content) VALUES (668, 86, 233, 'Hour own nor identify tend top statement another program cover energy maintain end.');
INSERT INTO message (id, chatroomID, senderID, content) VALUES (669, 86, 233, 'Crime consider threat during account fear.');
INSERT INTO message (id, chatroomID, senderID, content) VALUES (670, 86, 233, 'Begin guess road ground claim my reduce even computer turn foot.');
INSERT INTO message (id, chatroomID, senderID, content) VALUES (671, 86, 233, 'Determine oil paper fine tonight food heart long today continue.');
INSERT INTO message (id, chatroomID, senderID, content) VALUES (672, 86, 233, 'Day lose impact whose eight carry computer.');
INSERT INTO message (id, chatroomID, senderID, content) VALUES (673, 87, 173, 'Everyone central discussion list reflect section without appear upon who.');
INSERT INTO message (id, chatroomID, senderID, content) VALUES (674, 87, 173, 'Range from of back foot must work whom technology.');
INSERT INTO message (id, chatroomID, senderID, content) VALUES (675, 87, 173, 'Figure else human indicate world eye raise make go.');
INSERT INTO message (id, chatroomID, senderID, content) VALUES (676, 87, 173, 'Project reveal girl meeting team early me.');
INSERT INTO message (id, chatroomID, senderID, content) VALUES (677, 87, 173, 'Important class impact clear create action popular live computer.');
INSERT INTO message (id, chatroomID, senderID, content) VALUES (678, 87, 173, 'Choose positive bag tell notice friend important seven recognize head alone news.');
INSERT INTO message (id, chatroomID, senderID, content) VALUES (679, 87, 173, 'Mean out responsibility assume traditional number detail town usually color stay.');
INSERT INTO message (id, chatroomID, senderID, content) VALUES (680, 87, 173, 'Send stand already sense activity rise.');
INSERT INTO message (id, chatroomID, senderID, content) VALUES (681, 87, 173, 'Analysis away throughout piece add because I some recent second improve follow.');
INSERT INTO message (id, chatroomID, senderID, content) VALUES (682, 87, 173, 'Drop measure crime color situation ready box significant box true bank suggest if.');
INSERT INTO message (id, chatroomID, senderID, content) VALUES (683, 88, 272, 'Information television Mrs spend give answer.');
INSERT INTO message (id, chatroomID, senderID, content) VALUES (684, 88, 272, 'Trip long various avoid idea cup audience resource idea thus play them community feel.');
INSERT INTO message (id, chatroomID, senderID, content) VALUES (685, 88, 272, 'Only study address hear worry many responsibility person occur sea ago range hit.');
INSERT INTO message (id, chatroomID, senderID, content) VALUES (686, 88, 272, 'Beautiful generation choose house production hard.');
INSERT INTO message (id, chatroomID, senderID, content) VALUES (687, 88, 272, 'Last daughter provide mind total together meet office road mean scientist top.');
INSERT INTO message (id, chatroomID, senderID, content) VALUES (688, 88, 272, 'Cut audience agree image create much occur black environment cut similar.');
INSERT INTO message (id, chatroomID, senderID, content) VALUES (689, 89, 46, 'Avoid then huge continue significant heavy change according land toward loss instead.');
INSERT INTO message (id, chatroomID, senderID, content) VALUES (690, 89, 46, 'West step measure experience maintain could improve.');
INSERT INTO message (id, chatroomID, senderID, content) VALUES (691, 89, 46, 'Certain key plant sense section his activity mean exist model.');
INSERT INTO message (id, chatroomID, senderID, content) VALUES (692, 89, 46, 'Fly message serve center guess kid last year event professional who degree middle.');
INSERT INTO message (id, chatroomID, senderID, content) VALUES (693, 89, 46, 'Range trip Mrs one change training.');
INSERT INTO message (id, chatroomID, senderID, content) VALUES (694, 89, 46, 'Item relationship charge cup walk seek person hotel big.');
INSERT INTO message (id, chatroomID, senderID, content) VALUES (695, 89, 46, 'His draw whatever opportunity office box article rise financial knowledge however who.');
INSERT INTO message (id, chatroomID, senderID, content) VALUES (696, 90, 130, 'Well ago skin identify early once decision cut population out guy arm guess.');
INSERT INTO message (id, chatroomID, senderID, content) VALUES (697, 90, 130, 'Four guess line clear probably person somebody fact issue charge.');
INSERT INTO message (id, chatroomID, senderID, content) VALUES (698, 90, 130, 'Anything myself close laugh product decade financial.');
INSERT INTO message (id, chatroomID, senderID, content) VALUES (699, 90, 130, 'Add alone past according pattern or miss better wide decade visit drop mind.');
INSERT INTO message (id, chatroomID, senderID, content) VALUES (700, 90, 130, 'International eat beyond rest paper language administration film everybody data.');
INSERT INTO message (id, chatroomID, senderID, content) VALUES (701, 90, 130, 'Hand yeah personal five though better rise week color fact huge.');
INSERT INTO message (id, chatroomID, senderID, content) VALUES (702, 91, 75, 'True public away chair American prepare war discussion under.');
INSERT INTO message (id, chatroomID, senderID, content) VALUES (703, 91, 75, 'Prepare according day fire include wide near.');
INSERT INTO message (id, chatroomID, senderID, content) VALUES (704, 91, 75, 'Whole whatever usually card specific suggest join without activity.');
INSERT INTO message (id, chatroomID, senderID, content) VALUES (705, 91, 75, 'Like like strategy image friend food prevent several edge rate just.');
INSERT INTO message (id, chatroomID, senderID, content) VALUES (706, 91, 75, 'Truth reduce remember likely window line stay.');
INSERT INTO message (id, chatroomID, senderID, content) VALUES (707, 91, 75, 'Design much security believe human nice public collection no break friend.');
INSERT INTO message (id, chatroomID, senderID, content) VALUES (708, 92, 191, 'Yeah fill he down how form cultural hospital outside event.');
INSERT INTO message (id, chatroomID, senderID, content) VALUES (709, 92, 191, 'Learn generation meet game traditional money crime these.');
INSERT INTO message (id, chatroomID, senderID, content) VALUES (710, 92, 191, 'Today school attack agreement service politics operation food wind course southern.');
INSERT INTO message (id, chatroomID, senderID, content) VALUES (711, 92, 191, 'Real run soon another daughter performance try whose model stay stage leader send.');
INSERT INTO message (id, chatroomID, senderID, content) VALUES (712, 92, 191, 'South close country now television common movement among according.');
INSERT INTO message (id, chatroomID, senderID, content) VALUES (713, 93, 288, 'Image Republican pay magazine sing win would.');
INSERT INTO message (id, chatroomID, senderID, content) VALUES (714, 93, 288, 'Through whom hit let factor either international.');
INSERT INTO message (id, chatroomID, senderID, content) VALUES (715, 93, 288, 'Significant price mind practice force official treat black type book million person.');
INSERT INTO message (id, chatroomID, senderID, content) VALUES (716, 93, 288, 'Human anything have attention ever involve.');
INSERT INTO message (id, chatroomID, senderID, content) VALUES (717, 93, 288, 'Teacher start role specific prepare listen that study all describe series.');
INSERT INTO message (id, chatroomID, senderID, content) VALUES (718, 94, 147, 'Very when democratic great age seat anything show man prevent college reason.');
INSERT INTO message (id, chatroomID, senderID, content) VALUES (719, 94, 147, 'Garden where become cultural might though Congress course administration ahead western.');
INSERT INTO message (id, chatroomID, senderID, content) VALUES (720, 94, 147, 'State idea opportunity father simple president response like should thought impact I article end.');
INSERT INTO message (id, chatroomID, senderID, content) VALUES (721, 94, 147, 'Safe adult compare day you ball tend affect everybody shake seek threat.');
INSERT INTO message (id, chatroomID, senderID, content) VALUES (722, 94, 147, 'Personal movement improve event think democratic significant you officer operation else lot.');
INSERT INTO message (id, chatroomID, senderID, content) VALUES (723, 94, 147, 'Theory perhaps dark morning water low strong black north.');
INSERT INTO message (id, chatroomID, senderID, content) VALUES (724, 94, 147, 'State fast true participant character around just social treatment statement will support.');
INSERT INTO message (id, chatroomID, senderID, content) VALUES (725, 94, 147, 'Talk bad one on everyone sometimes.');
INSERT INTO message (id, chatroomID, senderID, content) VALUES (726, 94, 147, 'Need power trade three money growth interview family yard.');
INSERT INTO message (id, chatroomID, senderID, content) VALUES (727, 95, 208, 'Body picture agency husband something never yet your.');
INSERT INTO message (id, chatroomID, senderID, content) VALUES (728, 95, 208, 'Human music yard environmental hear board visit late south.');
INSERT INTO message (id, chatroomID, senderID, content) VALUES (729, 95, 208, 'Add appear story over ten good body.');
INSERT INTO message (id, chatroomID, senderID, content) VALUES (730, 95, 208, 'Several point food cut speak food seek.');
INSERT INTO message (id, chatroomID, senderID, content) VALUES (731, 95, 208, 'Hotel manager her measure difficult visit such build measure election call stay.');
INSERT INTO message (id, chatroomID, senderID, content) VALUES (732, 95, 208, 'Inside similar method nothing billion party five on quite then economy civil.');
INSERT INTO message (id, chatroomID, senderID, content) VALUES (733, 96, 251, 'Page floor eat plant night rock compare thank movement base mother.');
INSERT INTO message (id, chatroomID, senderID, content) VALUES (734, 96, 251, 'Imagine plant per threat it prepare range choose name hour value.');
INSERT INTO message (id, chatroomID, senderID, content) VALUES (735, 96, 251, 'Rich environmental such raise family far read share reflect most remember sort build.');
INSERT INTO message (id, chatroomID, senderID, content) VALUES (736, 96, 251, 'Up size onto represent group visit analysis church computer them.');
INSERT INTO message (id, chatroomID, senderID, content) VALUES (737, 96, 251, 'Ready than beyond benefit only several level four artist behind order.');
INSERT INTO message (id, chatroomID, senderID, content) VALUES (738, 97, 129, 'Agreement authority business cup among where create.');
INSERT INTO message (id, chatroomID, senderID, content) VALUES (739, 97, 129, 'Difficult mission in century generation economic generation behavior.');
INSERT INTO message (id, chatroomID, senderID, content) VALUES (740, 97, 129, 'Bed risk usually degree air get realize tend too.');
INSERT INTO message (id, chatroomID, senderID, content) VALUES (741, 97, 129, 'Score security about coach writer home knowledge tough generation.');
INSERT INTO message (id, chatroomID, senderID, content) VALUES (742, 97, 129, 'Commercial last analysis relationship court give recently lose themselves cold develop despite.');
INSERT INTO message (id, chatroomID, senderID, content) VALUES (743, 97, 129, 'Statement suffer situation soldier avoid its explain medical film debate effect foot attention.');
INSERT INTO message (id, chatroomID, senderID, content) VALUES (744, 97, 129, 'Try rest base but figure might party station.');
INSERT INTO message (id, chatroomID, senderID, content) VALUES (745, 97, 129, 'Off can foot language near rule wear by.');
INSERT INTO message (id, chatroomID, senderID, content) VALUES (746, 97, 129, 'Work enjoy real nation event identify along.');
INSERT INTO message (id, chatroomID, senderID, content) VALUES (747, 97, 129, 'Score remember mission hand tend explain allow piece.');
INSERT INTO message (id, chatroomID, senderID, content) VALUES (748, 98, 174, 'Day under attack owner both according ahead glass.');
INSERT INTO message (id, chatroomID, senderID, content) VALUES (749, 98, 174, 'Former hospital impact plan stuff leave responsibility people worry reflect.');
INSERT INTO message (id, chatroomID, senderID, content) VALUES (750, 98, 174, 'Education majority join generation home unit building officer beyond people listen herself.');
INSERT INTO message (id, chatroomID, senderID, content) VALUES (751, 98, 174, 'Toward series conference to social business per themselves avoid between.');
INSERT INTO message (id, chatroomID, senderID, content) VALUES (752, 98, 174, 'Try sing stay admit across argue send candidate language.');
INSERT INTO message (id, chatroomID, senderID, content) VALUES (753, 98, 174, 'Others election article news face care ever thus.');
INSERT INTO message (id, chatroomID, senderID, content) VALUES (754, 98, 174, 'Sport effect wonder wide guess show easy lay also possible consider.');
INSERT INTO message (id, chatroomID, senderID, content) VALUES (755, 98, 174, 'Phone science interview court any number TV city wish five list half situation impact.');
INSERT INTO message (id, chatroomID, senderID, content) VALUES (756, 98, 174, 'Pressure blue old cup have within lead measure.');
INSERT INTO message (id, chatroomID, senderID, content) VALUES (757, 98, 174, 'Fish general capital seem rich small growth tough food.');
INSERT INTO message (id, chatroomID, senderID, content) VALUES (758, 99, 59, 'Company political television animal matter little involve baby like yard threat.');
INSERT INTO message (id, chatroomID, senderID, content) VALUES (759, 99, 59, 'Military rule unit kind three establish notice they successful summer then upon compare.');
INSERT INTO message (id, chatroomID, senderID, content) VALUES (760, 99, 59, 'Bill than produce policy business poor less this in.');
INSERT INTO message (id, chatroomID, senderID, content) VALUES (761, 99, 59, 'Close knowledge speak Mrs election manage ago.');
INSERT INTO message (id, chatroomID, senderID, content) VALUES (762, 99, 59, 'Doctor many director economy again performance necessary spend lawyer cultural would southern.');
INSERT INTO message (id, chatroomID, senderID, content) VALUES (763, 99, 59, 'Sport need market onto indicate benefit however.');
INSERT INTO message (id, chatroomID, senderID, content) VALUES (764, 99, 59, 'Couple return American lead someone set officer Democrat.');
INSERT INTO message (id, chatroomID, senderID, content) VALUES (765, 99, 59, 'It from happy business son eat most suddenly alone include institution manage certain.');
INSERT INTO message (id, chatroomID, senderID, content) VALUES (766, 99, 59, 'Today receive face political floor stop deal land term indicate guy easy level.');
INSERT INTO message (id, chatroomID, senderID, content) VALUES (767, 100, 94, 'Tonight example prove gun issue policy.');
INSERT INTO message (id, chatroomID, senderID, content) VALUES (768, 100, 94, 'Expect wife political six under teach.');
INSERT INTO message (id, chatroomID, senderID, content) VALUES (769, 100, 94, 'Or my care three event on administration land explain process.');
INSERT INTO message (id, chatroomID, senderID, content) VALUES (770, 100, 94, 'Positive she inside field detail give.');
INSERT INTO message (id, chatroomID, senderID, content) VALUES (771, 100, 94, 'Enter buy policy office car end particularly baby machine main section process down.');
INSERT INTO message (id, chatroomID, senderID, content) VALUES (772, 100, 94, 'Than away section would society join involve audience president walk.');
INSERT INTO message (id, chatroomID, senderID, content) VALUES (773, 100, 94, 'Child three education north wall employee serve.');
INSERT INTO message (id, chatroomID, senderID, content) VALUES (774, 100, 94, 'Side manage west require opportunity police street nation various to.');

-- Populate the changes table
INSERT INTO changes (lastChange, description, changerID) VALUES ('2024-10-18 06:10:30', 'Database maintenance', 194);
INSERT INTO changes (lastChange, description, changerID) VALUES ('2023-12-08 06:18:13', 'Added logging functionality', 16);
INSERT INTO changes (lastChange, description, changerID) VALUES ('2024-06-18 18:05:41', 'Enhanced security settings', 170);
INSERT INTO changes (lastChange, description, changerID) VALUES ('2024-11-24 08:50:52', 'Database maintenance', 16);
INSERT INTO changes (lastChange, description, changerID) VALUES ('2024-11-01 12:09:37', 'Optimized database queries', 196);
INSERT INTO changes (lastChange, description, changerID) VALUES ('2024-06-18 00:11:25', 'Database maintenance', 196);
INSERT INTO changes (lastChange, description, changerID) VALUES ('2024-07-30 19:03:01', 'Improved API performance', 124);
INSERT INTO changes (lastChange, description, changerID) VALUES ('2023-12-20 01:30:52', 'Database maintenance', 84);
INSERT INTO changes (lastChange, description, changerID) VALUES ('2024-07-17 11:55:39', 'Fixed bug in system', 84);
INSERT INTO changes (lastChange, description, changerID) VALUES ('2024-02-13 02:33:00', 'Updated user interface', 265);
INSERT INTO changes (lastChange, description, changerID) VALUES ('2024-08-24 06:42:11', 'Redesigned dashboard layout', 194);
INSERT INTO changes (lastChange, description, changerID) VALUES ('2024-01-21 20:54:05', 'Enhanced security settings', 196);
INSERT INTO changes (lastChange, description, changerID) VALUES ('2024-04-12 03:27:47', 'Improved API performance', 124);
INSERT INTO changes (lastChange, description, changerID) VALUES ('2024-07-14 16:26:48', 'Updated user interface', 265);
INSERT INTO changes (lastChange, description, changerID) VALUES ('2024-11-20 14:38:37', 'Optimized database queries', 170);
INSERT INTO changes (lastChange, description, changerID) VALUES ('2024-06-21 02:17:30', 'Updated user interface', 146);
INSERT INTO changes (lastChange, description, changerID) VALUES ('2023-12-07 00:37:49', 'Enhanced security settings', 196);
INSERT INTO changes (lastChange, description, changerID) VALUES ('2024-03-07 06:27:16', 'Database maintenance', 177);
INSERT INTO changes (lastChange, description, changerID) VALUES ('2024-08-24 19:51:52', 'Optimized database queries', 170);
INSERT INTO changes (lastChange, description, changerID) VALUES ('2024-09-18 02:54:52', 'Added logging functionality', 277);
INSERT INTO changes (lastChange, description, changerID) VALUES ('2024-01-21 07:55:01', 'Added logging functionality', 170);
INSERT INTO changes (lastChange, description, changerID) VALUES ('2024-05-09 08:12:40', 'Resolved user-reported issues', 177);
INSERT INTO changes (lastChange, description, changerID) VALUES ('2024-10-26 04:20:07', 'Improved API performance', 265);
INSERT INTO changes (lastChange, description, changerID) VALUES ('2024-10-18 05:17:53', 'Fixed bug in system', 158);
INSERT INTO changes (lastChange, description, changerID) VALUES ('2024-07-19 22:53:31', 'Resolved user-reported issues', 148);
INSERT INTO changes (lastChange, description, changerID) VALUES ('2024-11-06 06:55:49', 'Database maintenance', 84);
INSERT INTO changes (lastChange, description, changerID) VALUES ('2024-07-30 04:29:20', 'Enhanced security settings', 146);
INSERT INTO changes (lastChange, description, changerID) VALUES ('2024-11-15 02:43:30', 'Fixed bug in system', 87);
INSERT INTO changes (lastChange, description, changerID) VALUES ('2024-11-07 05:34:00', 'Improved API performance', 177);
INSERT INTO changes (lastChange, description, changerID) VALUES ('2023-12-31 05:27:34', 'Database maintenance', 148);
INSERT INTO changes (lastChange, description, changerID) VALUES ('2024-01-08 12:17:39', 'Improved API performance', 146);
INSERT INTO changes (lastChange, description, changerID) VALUES ('2024-05-08 21:08:24', 'Database maintenance', 196);
INSERT INTO changes (lastChange, description, changerID) VALUES ('2024-04-24 13:46:04', 'Updated feature settings', 16);
INSERT INTO changes (lastChange, description, changerID) VALUES ('2024-11-18 05:14:57', 'Improved API performance', 16);
INSERT INTO changes (lastChange, description, changerID) VALUES ('2024-01-07 00:42:54', 'Redesigned dashboard layout', 288);
INSERT INTO changes (lastChange, description, changerID) VALUES ('2024-07-26 23:37:06', 'Enhanced security settings', 177);
INSERT INTO changes (lastChange, description, changerID) VALUES ('2024-01-18 19:46:17', 'Updated feature settings', 170);
INSERT INTO changes (lastChange, description, changerID) VALUES ('2024-05-13 20:34:55', 'Fixed bug in system', 277);
INSERT INTO changes (lastChange, description, changerID) VALUES ('2024-02-22 10:18:42', 'Improved API performance', 146);
INSERT INTO changes (lastChange, description, changerID) VALUES ('2024-02-09 16:51:01', 'Database maintenance', 158);
INSERT INTO changes (lastChange, description, changerID) VALUES ('2024-07-17 19:37:37', 'Optimized database queries', 194);
INSERT INTO changes (lastChange, description, changerID) VALUES ('2024-10-29 06:04:58', 'Resolved user-reported issues', 210);
INSERT INTO changes (lastChange, description, changerID) VALUES ('2024-11-12 10:51:53', 'Optimized database queries', 194);
INSERT INTO changes (lastChange, description, changerID) VALUES ('2024-05-12 07:50:19', 'Updated feature settings', 87);
INSERT INTO changes (lastChange, description, changerID) VALUES ('2024-08-21 11:15:32', 'Fixed bug in system', 194);
INSERT INTO changes (lastChange, description, changerID) VALUES ('2024-10-12 08:57:03', 'Added logging functionality', 177);
INSERT INTO changes (lastChange, description, changerID) VALUES ('2023-12-15 08:06:02', 'Redesigned dashboard layout', 148);
INSERT INTO changes (lastChange, description, changerID) VALUES ('2024-05-16 11:22:10', 'Improved API performance', 265);
INSERT INTO changes (lastChange, description, changerID) VALUES ('2024-02-21 23:09:50', 'Enhanced security settings', 177);
INSERT INTO changes (lastChange, description, changerID) VALUES ('2024-06-10 04:37:47', 'Improved API performance', 210);
INSERT INTO changes (lastChange, description, changerID) VALUES ('2024-09-09 16:05:13', 'Fixed bug in system', 265);
INSERT INTO changes (lastChange, description, changerID) VALUES ('2024-09-13 13:40:39', 'Database maintenance', 288);
INSERT INTO changes (lastChange, description, changerID) VALUES ('2024-09-12 05:23:08', 'Enhanced security settings', 277);
INSERT INTO changes (lastChange, description, changerID) VALUES ('2024-06-08 21:49:01', 'Updated feature settings', 177);
INSERT INTO changes (lastChange, description, changerID) VALUES ('2024-04-28 15:10:52', 'Updated user interface', 277);
INSERT INTO changes (lastChange, description, changerID) VALUES ('2024-04-25 21:21:32', 'Database maintenance', 158);
INSERT INTO changes (lastChange, description, changerID) VALUES ('2024-03-22 22:08:32', 'Optimized database queries', 124);
INSERT INTO changes (lastChange, description, changerID) VALUES ('2024-06-10 21:31:06', 'Fixed bug in system', 170);
INSERT INTO changes (lastChange, description, changerID) VALUES ('2024-03-20 07:44:58', 'Added logging functionality', 277);
INSERT INTO changes (lastChange, description, changerID) VALUES ('2024-09-08 13:43:25', 'Improved API performance', 288);
INSERT INTO changes (lastChange, description, changerID) VALUES ('2024-09-26 20:52:24', 'Added logging functionality', 158);
INSERT INTO changes (lastChange, description, changerID) VALUES ('2024-03-12 10:31:17', 'Optimized database queries', 277);
INSERT INTO changes (lastChange, description, changerID) VALUES ('2024-10-11 04:52:35', 'Improved API performance', 146);
INSERT INTO changes (lastChange, description, changerID) VALUES ('2024-06-08 23:48:37', 'Updated feature settings', 210);
INSERT INTO changes (lastChange, description, changerID) VALUES ('2024-08-06 01:42:41', 'Redesigned dashboard layout', 265);
INSERT INTO changes (lastChange, description, changerID) VALUES ('2024-07-29 10:43:58', 'Enhanced security settings', 177);
INSERT INTO changes (lastChange, description, changerID) VALUES ('2024-11-16 00:18:46', 'Added logging functionality', 196);
INSERT INTO changes (lastChange, description, changerID) VALUES ('2024-07-16 05:19:08', 'Resolved user-reported issues', 265);
INSERT INTO changes (lastChange, description, changerID) VALUES ('2024-01-06 18:43:49', 'Updated feature settings', 288);
INSERT INTO changes (lastChange, description, changerID) VALUES ('2024-10-11 05:39:10', 'Enhanced security settings', 210);
INSERT INTO changes (lastChange, description, changerID) VALUES ('2024-08-20 05:55:36', 'Enhanced security settings', 148);
INSERT INTO changes (lastChange, description, changerID) VALUES ('2023-12-06 07:47:03', 'Improved API performance', 288);
INSERT INTO changes (lastChange, description, changerID) VALUES ('2023-12-04 18:17:38', 'Added logging functionality', 218);
INSERT INTO changes (lastChange, description, changerID) VALUES ('2024-11-19 15:57:58', 'Updated feature settings', 84);
INSERT INTO changes (lastChange, description, changerID) VALUES ('2024-03-28 16:58:50', 'Optimized database queries', 194);
INSERT INTO changes (lastChange, description, changerID) VALUES ('2024-09-08 11:58:47', 'Improved API performance', 158);
INSERT INTO changes (lastChange, description, changerID) VALUES ('2024-04-26 14:03:20', 'Improved API performance', 124);
INSERT INTO changes (lastChange, description, changerID) VALUES ('2023-12-21 18:18:54', 'Added logging functionality', 84);
INSERT INTO changes (lastChange, description, changerID) VALUES ('2024-09-18 20:14:28', 'Enhanced security settings', 177);
INSERT INTO changes (lastChange, description, changerID) VALUES ('2024-03-31 17:08:16', 'Redesigned dashboard layout', 158);
INSERT INTO changes (lastChange, description, changerID) VALUES ('2024-02-12 12:27:11', 'Enhanced security settings', 16);
INSERT INTO changes (lastChange, description, changerID) VALUES ('2024-02-03 17:11:10', 'Enhanced security settings', 146);
INSERT INTO changes (lastChange, description, changerID) VALUES ('2024-08-12 03:29:22', 'Enhanced security settings', 124);
INSERT INTO changes (lastChange, description, changerID) VALUES ('2024-05-05 21:22:17', 'Fixed bug in system', 87);
INSERT INTO changes (lastChange, description, changerID) VALUES ('2024-09-14 14:19:14', 'Improved API performance', 277);
INSERT INTO changes (lastChange, description, changerID) VALUES ('2024-08-10 17:28:03', 'Redesigned dashboard layout', 16);
INSERT INTO changes (lastChange, description, changerID) VALUES ('2024-10-15 08:59:16', 'Improved API performance', 265);
INSERT INTO changes (lastChange, description, changerID) VALUES ('2024-04-19 12:11:16', 'Updated user interface', 194);
INSERT INTO changes (lastChange, description, changerID) VALUES ('2024-06-14 03:46:00', 'Updated user interface', 170);
INSERT INTO changes (lastChange, description, changerID) VALUES ('2024-05-09 17:06:34', 'Resolved user-reported issues', 84);
INSERT INTO changes (lastChange, description, changerID) VALUES ('2024-08-15 01:49:23', 'Resolved user-reported issues', 277);
INSERT INTO changes (lastChange, description, changerID) VALUES ('2024-11-13 20:56:48', 'Added logging functionality', 170);
INSERT INTO changes (lastChange, description, changerID) VALUES ('2023-12-10 13:54:49', 'Enhanced security settings', 158);
INSERT INTO changes (lastChange, description, changerID) VALUES ('2024-02-19 16:42:07', 'Updated feature settings', 218);
INSERT INTO changes (lastChange, description, changerID) VALUES ('2024-11-18 00:01:41', 'Optimized database queries', 196);
INSERT INTO changes (lastChange, description, changerID) VALUES ('2024-01-07 13:16:27', 'Updated feature settings', 218);
INSERT INTO changes (lastChange, description, changerID) VALUES ('2024-02-02 22:33:35', 'Optimized database queries', 194);
INSERT INTO changes (lastChange, description, changerID) VALUES ('2024-05-17 12:59:48', 'Updated user interface', 146);
INSERT INTO changes (lastChange, description, changerID) VALUES ('2024-06-10 02:36:29', 'Resolved user-reported issues', 210);
INSERT INTO changes (lastChange, description, changerID) VALUES ('2024-07-12 22:04:08', 'Optimized database queries', 218);

-- Populate the article table
INSERT INTO article (title, body, date, publisherID) VALUES ('EduLearn Co. Launches New Courses', 'Sometimes tax however American help join candidate bring. Imagine lot five ready. Phone pull gas street serve black read.', '2024-07-28 06:20:20', 9);
INSERT INTO article (title, body, date, publisherID) VALUES ('FinServe LLC Financial Tips', 'Our condition performance stand. Stock until develop region respond run kind. Support plan provide prove support. Suffer production clearly.', '2024-02-08 22:16:38', 31);
INSERT INTO article (title, body, date, publisherID) VALUES ('TechCorp Announces New Product', 'Certainly activity crime break do land knowledge. Page Democrat down score there unit house. Later fear prepare. Grow be guess wish rise sure.', '2024-03-04 04:52:15', 32);
INSERT INTO article (title, body, date, publisherID) VALUES ('TechCorp Announces New Product', 'Marriage size boy. System hit son authority standard. Without everything piece machine. Happy check both position out along wall. Campaign check yeah learn debate capital public politics. Understand certainly strong bar information everybody however individual.', '2024-03-24 10:27:19', 32);
INSERT INTO article (title, body, date, publisherID) VALUES ('BioHealth Inc. Research Findings', 'Add follow produce occur. Several charge school act. Table stage news.', '2024-04-07 23:57:11', 35);
INSERT INTO article (title, body, date, publisherID) VALUES ('Top Financial Strategies for 2024', 'Oil new window reach. Hundred physical help we simple. Coach spring pass special shake discover.', '2024-11-23 01:45:46', 35);
INSERT INTO article (title, body, date, publisherID) VALUES ('Top Financial Strategies for 2024', 'Stand live return focus stage serious suddenly live. Charge community challenge six. Pass work medical laugh into. Get seat no week write. Capital somebody figure along. Ask relate find pick tax.', '2023-12-30 11:53:57', 35);
INSERT INTO article (title, body, date, publisherID) VALUES ('Renewable Energy Trends in 2023', 'Specific wish sea difference region sister stock. Politics position take machine what simple. Bar accept score stand guy.', '2024-07-27 16:42:46', 37);
INSERT INTO article (title, body, date, publisherID) VALUES ('Renewable Energy Trends in 2023', 'Decade message your garden than. Food seat meeting wait hundred audience. Compare since short lose. Quickly to into two.', '2023-12-20 14:21:14', 37);
INSERT INTO article (title, body, date, publisherID) VALUES ('Breakthroughs in Healthcare Technology', 'Poor attorney left work check result during. Light watch check simple provide really. Subject head color son travel maintain. Stock water onto draw. Reduce as image during glass know claim case.', '2024-07-06 12:51:58', 40);
INSERT INTO article (title, body, date, publisherID) VALUES ('The Future of Artificial Intelligence', 'Our mention series quality author pressure. Just determine yard actually. Suddenly long decade. Ago according hear ball firm same.', '2023-12-26 19:48:50', 40);
INSERT INTO article (title, body, date, publisherID) VALUES ('EduLearn Co. Launches New Courses', 'Feel similar write return. Total leg experience push east fear. All bag hospital. List know everything a use. Compare none standard.', '2024-08-07 14:19:21', 51);
INSERT INTO article (title, body, date, publisherID) VALUES ('New Advances in Online Education', 'Drug news base back expert performance. Send still throughout effort perform political. Outside despite out early main. Author fear brother answer edge able two.', '2024-10-10 14:26:17', 61);
INSERT INTO article (title, body, date, publisherID) VALUES ('FinServe LLC Financial Tips', 'Bed meeting meeting. Fast discuss expect clear fight board. Second there author Democrat it.', '2024-05-28 21:44:10', 61);
INSERT INTO article (title, body, date, publisherID) VALUES ('Breakthroughs in Healthcare Technology', 'Difference without son lay candidate. Member kid agree perhaps. Break plant order fund recent person. Even newspaper above news whatever here physical space. Young international whatever whom which green act soldier. Floor young trial figure.', '2024-08-09 23:49:21', 78);
INSERT INTO article (title, body, date, publisherID) VALUES ('New Advances in Online Education', 'Effect husband stand sea. Everyone thus response fall. Commercial into program seek kitchen.', '2024-03-18 06:47:10', 102);
INSERT INTO article (title, body, date, publisherID) VALUES ('The Future of Artificial Intelligence', 'One such last film campaign individual such. Because customer growth country knowledge like learn relate. Short military have time while head hear.', '2024-10-17 12:11:23', 102);
INSERT INTO article (title, body, date, publisherID) VALUES ('Breakthroughs in Healthcare Technology', 'By like model produce. Soldier government why already piece. Born scientist dark into face country trouble.', '2024-11-19 12:16:37', 102);
INSERT INTO article (title, body, date, publisherID) VALUES ('FinServe LLC Financial Tips', 'Both something important economic artist us skill. Catch we several interest factor anything. Manager hair sister significant president term. Fact white their sport large early. Land item sort nice beat action machine buy. Couple form fund until.', '2024-11-06 15:04:24', 103);
INSERT INTO article (title, body, date, publisherID) VALUES ('The Impact of Blockchain on Finance', 'Those service white mother owner term. Benefit specific agree daughter. Learn woman save however cut. Happen available professor right. Peace whose on meet.', '2024-04-28 23:13:48', 103);
INSERT INTO article (title, body, date, publisherID) VALUES ('TechCorp Announces New Product', 'Nice upon bill realize. Out next break toward spring organization. Party child wear memory dog. Push media then newspaper activity.', '2024-03-06 17:55:02', 103);
INSERT INTO article (title, body, date, publisherID) VALUES ('Breakthroughs in Healthcare Technology', 'Site join grow detail. Material speak close draw order music oil charge. Action learn street wonder use what social.', '2024-08-22 03:04:08', 125);
INSERT INTO article (title, body, date, publisherID) VALUES ('Renewable Energy Trends in 2023', 'Happen east nice toward nation fly institution. Create stage form per network brother. Try who policy right use use boy. Avoid score bit. Or candidate stuff.', '2024-08-01 15:20:17', 125);
INSERT INTO article (title, body, date, publisherID) VALUES ('The Impact of Blockchain on Finance', 'What hair take I. Hand if forget. Fine produce last live blue do. Beat where church. Pm single best kind. Under identify push have computer still. Sign Republican environment collection.', '2024-01-03 01:48:21', 125);
INSERT INTO article (title, body, date, publisherID) VALUES ('EduLearn Co. Launches New Courses', 'Dog security without public she increase. Final player generation watch growth sound. Wife individual wear. Build shake prove red available. Mr face Republican white offer design around strategy. Might wish suggest fine federal wish laugh reveal.', '2024-02-18 16:29:13', 128);
INSERT INTO article (title, body, date, publisherID) VALUES ('Renewable Energy Trends in 2023', 'Themselves own close oil majority degree. Understand perhaps crime finish stand choose. Cup customer write reason attorney reality check. Wrong huge realize pretty sister process. Eat ahead owner action town prevent shoulder.', '2023-12-07 18:44:40', 149);
INSERT INTO article (title, body, date, publisherID) VALUES ('Top Financial Strategies for 2024', 'Support society specific value detail water herself be. Can perform newspaper loss one. North change peace early real. Identify usually serve project. Fear friend travel.', '2024-07-26 16:04:59', 149);
INSERT INTO article (title, body, date, publisherID) VALUES ('Renewable Energy Trends in 2023', 'Though total family stand. Bar nothing rule where daughter music culture. Together list ready return economic still with.', '2024-08-30 03:27:08', 149);
INSERT INTO article (title, body, date, publisherID) VALUES ('New Advances in Online Education', 'Could become morning wrong establish too fine art. Try door full herself window avoid. Morning clearly easy enough. Behavior ask debate Republican analysis house economy next. Real purpose role.', '2023-12-24 13:57:02', 177);
INSERT INTO article (title, body, date, publisherID) VALUES ('The Impact of Blockchain on Finance', 'Fall road ten visit professional worry character kitchen. Shake human occur political. People compare white poor already. Meet join listen listen someone Mrs.', '2024-07-28 15:07:33', 185);
INSERT INTO article (title, body, date, publisherID) VALUES ('TechCorp Announces New Product', 'Notice reach the imagine. Its south decade. Worker quality ability practice certain radio professor. Site paper above surface beautiful his ok. Time room identify best live treatment window charge.', '2024-07-16 14:41:25', 185);
INSERT INTO article (title, body, date, publisherID) VALUES ('EduLearn Co. Launches New Courses', 'These direction region. Bank run old goal threat run. Example star agree suggest year class. Only very performance heavy animal lot administration. Occur market particularly create team situation mention. Public rate party admit mouth everyone.', '2024-07-05 06:54:57', 185);
INSERT INTO article (title, body, date, publisherID) VALUES ('TechCorp Announces New Product', 'Price lose actually important from have then nothing. Take surface type husband. Least war want dinner product up police. Kitchen remember film in store increase. Cultural me amount theory air sound.', '2024-10-16 11:56:51', 188);
INSERT INTO article (title, body, date, publisherID) VALUES ('Renewable Energy Trends in 2023', 'Standard many Congress lead style within. Than always write rise recent have whom brother. Sell hot specific seat such always I adult. Between blood move coach.', '2024-11-10 16:42:58', 196);
INSERT INTO article (title, body, date, publisherID) VALUES ('EduLearn Co. Launches New Courses', 'Method member the consider. Practice discussion live six public end. Individual probably how happen. Tree if different fear. Nice big green teacher better surface. Despite perform he letter represent by age.', '2024-08-04 21:23:48', 204);
INSERT INTO article (title, body, date, publisherID) VALUES ('Renewable Energy Trends in 2023', 'Author benefit anything explain fund. Soldier style without be mouth represent feel page. Save moment scene skill standard beyond ability. Tv professional of thousand fly fear. Without security themselves. Trip book eat discover.', '2023-12-18 13:08:25', 204);
INSERT INTO article (title, body, date, publisherID) VALUES ('The Future of Artificial Intelligence', 'Include everything training security sense floor realize week. Campaign smile north serve bill attack buy. Pass at produce. Democrat down including remember agree many public people. Energy five alone.', '2024-05-05 19:17:40', 204);
INSERT INTO article (title, body, date, publisherID) VALUES ('FinServe LLC Financial Tips', 'Politics weight need such. Recent Congress do respond fine door. Establish officer return listen against. Get candidate less out which attack recognize. More total away happy strong treatment dark.', '2024-09-05 04:11:10', 208);
INSERT INTO article (title, body, date, publisherID) VALUES ('TechCorp Announces New Product', 'Interview deal positive some until no. Benefit between miss agreement need evidence. Rather western yes low. Suddenly point be them training debate address manage. Other blood develop million.', '2024-06-11 05:05:00', 208);
INSERT INTO article (title, body, date, publisherID) VALUES ('EduLearn Co. Launches New Courses', 'Industry physical war style agree prepare pressure. Product long heart certain expect. Lot address effort without. Training scientist seat until new. Wonder president go across present grow.', '2024-05-05 21:08:16', 208);
INSERT INTO article (title, body, date, publisherID) VALUES ('New Advances in Online Education', 'Nice seat no story begin claim hit. Start difficult rather focus since financial glass. Peace natural college manager. Tonight forget risk now last help case. Trip computer sell find. Various able total state fund.', '2024-05-05 21:18:21', 214);
INSERT INTO article (title, body, date, publisherID) VALUES ('Renewable Energy Trends in 2023', 'Lawyer action grow candidate. Report page like address police store agree. Lot public good opportunity sense. Serious early kitchen good can. Technology trial yourself wind believe draw.', '2024-02-03 23:19:15', 214);
INSERT INTO article (title, body, date, publisherID) VALUES ('Renewable Energy Trends in 2023', 'Baby identify rather water Mrs. Several piece morning minute break activity. Building rather Democrat fly.', '2024-04-01 22:13:15', 214);
INSERT INTO article (title, body, date, publisherID) VALUES ('The Impact of Blockchain on Finance', 'Sit scene meeting bill north. Public start create natural. Some onto guy whose of.', '2024-08-15 13:01:57', 215);
INSERT INTO article (title, body, date, publisherID) VALUES ('FinServe LLC Financial Tips', 'Stuff ok rich thus red sound. Lead little despite author father. One at say rule part story. Even Mr drug pay. Physical trip maybe think finally close watch. Bring month family federal.', '2024-07-17 06:00:58', 215);
INSERT INTO article (title, body, date, publisherID) VALUES ('TechCorp Announces New Product', 'Watch between technology remember provide animal choice hit. Surface tend each international task speak consider. World goal entire start minute. Carry training bar value. Quality woman level they. Adult ground different green school finally.', '2024-11-19 06:23:38', 226);
INSERT INTO article (title, body, date, publisherID) VALUES ('BioHealth Inc. Research Findings', 'Long watch win value assume current education job. Ahead could sometimes yet onto politics war. Develop why successful practice. Whether cold key parent police speech garden.', '2024-07-28 03:30:53', 226);
INSERT INTO article (title, body, date, publisherID) VALUES ('New Advances in Online Education', 'Hear school nice green. Bad energy find together work. Gas kid hit interview take point main late. Door too whose. Middle pressure local believe.', '2024-11-28 16:11:22', 241);
INSERT INTO article (title, body, date, publisherID) VALUES ('New Advances in Online Education', 'Road develop range expect provide fact. Least may term manage who time determine where. Require purpose several you door. Age out official stand bad piece national. Film position see last.', '2024-10-10 20:49:32', 241);
INSERT INTO article (title, body, date, publisherID) VALUES ('The Impact of Blockchain on Finance', 'Somebody nice everyone expert. Much the law somebody. Again Congress rest new kitchen everybody growth. Responsibility happy security character bar black strong. Late wish bar. Friend truth lead oil either have.', '2024-07-07 20:55:28', 265);

-- Populate the relevantMajors table
INSERT INTO relevantMajors (listingID, major) VALUES (1, 'Education');
INSERT INTO relevantMajors (listingID, major) VALUES (1, 'Computer Science');
INSERT INTO relevantMajors (listingID, major) VALUES (2, 'Physics');
INSERT INTO relevantMajors (listingID, major) VALUES (3, 'Physics');
INSERT INTO relevantMajors (listingID, major) VALUES (4, 'Finance');
INSERT INTO relevantMajors (listingID, major) VALUES (5, 'Education');
INSERT INTO relevantMajors (listingID, major) VALUES (5, 'Mathematics');
INSERT INTO relevantMajors (listingID, major) VALUES (6, 'Finance');
INSERT INTO relevantMajors (listingID, major) VALUES (6, 'Education');
INSERT INTO relevantMajors (listingID, major) VALUES (7, 'Computer Science');
INSERT INTO relevantMajors (listingID, major) VALUES (7, 'Mathematics');
INSERT INTO relevantMajors (listingID, major) VALUES (7, 'Finance');
INSERT INTO relevantMajors (listingID, major) VALUES (8, 'Education');
INSERT INTO relevantMajors (listingID, major) VALUES (8, 'Chemistry');
INSERT INTO relevantMajors (listingID, major) VALUES (8, 'Mathematics');
INSERT INTO relevantMajors (listingID, major) VALUES (9, 'Physics');
INSERT INTO relevantMajors (listingID, major) VALUES (10, 'Engineering');
INSERT INTO relevantMajors (listingID, major) VALUES (10, 'Biology');
INSERT INTO relevantMajors (listingID, major) VALUES (11, 'Physics');
INSERT INTO relevantMajors (listingID, major) VALUES (12, 'Finance');
INSERT INTO relevantMajors (listingID, major) VALUES (13, 'Engineering');
INSERT INTO relevantMajors (listingID, major) VALUES (13, 'Chemistry');
INSERT INTO relevantMajors (listingID, major) VALUES (14, 'Chemistry');
INSERT INTO relevantMajors (listingID, major) VALUES (14, 'Physics');
INSERT INTO relevantMajors (listingID, major) VALUES (15, 'Education');
INSERT INTO relevantMajors (listingID, major) VALUES (15, 'Mathematics');
INSERT INTO relevantMajors (listingID, major) VALUES (15, 'Biology');
INSERT INTO relevantMajors (listingID, major) VALUES (16, 'Chemistry');
INSERT INTO relevantMajors (listingID, major) VALUES (17, 'Physics');
INSERT INTO relevantMajors (listingID, major) VALUES (18, 'Mathematics');
INSERT INTO relevantMajors (listingID, major) VALUES (18, 'Physics');
INSERT INTO relevantMajors (listingID, major) VALUES (19, 'Mathematics');
INSERT INTO relevantMajors (listingID, major) VALUES (19, 'Engineering');
INSERT INTO relevantMajors (listingID, major) VALUES (20, 'Physics');
INSERT INTO relevantMajors (listingID, major) VALUES (21, 'Chemistry');
INSERT INTO relevantMajors (listingID, major) VALUES (21, 'Computer Science');
INSERT INTO relevantMajors (listingID, major) VALUES (22, 'Biology');
INSERT INTO relevantMajors (listingID, major) VALUES (23, 'Mathematics');
INSERT INTO relevantMajors (listingID, major) VALUES (24, 'Education');
INSERT INTO relevantMajors (listingID, major) VALUES (24, 'Engineering');
INSERT INTO relevantMajors (listingID, major) VALUES (24, 'Computer Science');
INSERT INTO relevantMajors (listingID, major) VALUES (25, 'Education');
INSERT INTO relevantMajors (listingID, major) VALUES (25, 'Engineering');
INSERT INTO relevantMajors (listingID, major) VALUES (26, 'Engineering');
INSERT INTO relevantMajors (listingID, major) VALUES (27, 'Computer Science');
INSERT INTO relevantMajors (listingID, major) VALUES (27, 'Physics');
INSERT INTO relevantMajors (listingID, major) VALUES (27, 'Biology');
INSERT INTO relevantMajors (listingID, major) VALUES (28, 'Engineering');
INSERT INTO relevantMajors (listingID, major) VALUES (29, 'Education');
INSERT INTO relevantMajors (listingID, major) VALUES (29, 'Computer Science');
INSERT INTO relevantMajors (listingID, major) VALUES (29, 'Mathematics');
INSERT INTO relevantMajors (listingID, major) VALUES (30, 'Engineering');
INSERT INTO relevantMajors (listingID, major) VALUES (31, 'Education');
INSERT INTO relevantMajors (listingID, major) VALUES (31, 'Physics');
INSERT INTO relevantMajors (listingID, major) VALUES (31, 'Biology');
INSERT INTO relevantMajors (listingID, major) VALUES (32, 'Education');
INSERT INTO relevantMajors (listingID, major) VALUES (32, 'Engineering');
INSERT INTO relevantMajors (listingID, major) VALUES (32, 'Computer Science');
INSERT INTO relevantMajors (listingID, major) VALUES (33, 'Finance');
INSERT INTO relevantMajors (listingID, major) VALUES (33, 'Physics');
INSERT INTO relevantMajors (listingID, major) VALUES (33, 'Mathematics');
INSERT INTO relevantMajors (listingID, major) VALUES (34, 'Physics');
INSERT INTO relevantMajors (listingID, major) VALUES (35, 'Finance');
INSERT INTO relevantMajors (listingID, major) VALUES (36, 'Biology');
INSERT INTO relevantMajors (listingID, major) VALUES (36, 'Engineering');
INSERT INTO relevantMajors (listingID, major) VALUES (37, 'Chemistry');
INSERT INTO relevantMajors (listingID, major) VALUES (37, 'Finance');
INSERT INTO relevantMajors (listingID, major) VALUES (37, 'Computer Science');
INSERT INTO relevantMajors (listingID, major) VALUES (38, 'Education');
INSERT INTO relevantMajors (listingID, major) VALUES (39, 'Mathematics');
INSERT INTO relevantMajors (listingID, major) VALUES (40, 'Education');
INSERT INTO relevantMajors (listingID, major) VALUES (40, 'Biology');
INSERT INTO relevantMajors (listingID, major) VALUES (41, 'Computer Science');
INSERT INTO relevantMajors (listingID, major) VALUES (41, 'Finance');
INSERT INTO relevantMajors (listingID, major) VALUES (41, 'Mathematics');
INSERT INTO relevantMajors (listingID, major) VALUES (42, 'Finance');
INSERT INTO relevantMajors (listingID, major) VALUES (42, 'Engineering');
INSERT INTO relevantMajors (listingID, major) VALUES (43, 'Computer Science');
INSERT INTO relevantMajors (listingID, major) VALUES (43, 'Physics');
INSERT INTO relevantMajors (listingID, major) VALUES (43, 'Biology');
INSERT INTO relevantMajors (listingID, major) VALUES (44, 'Mathematics');
INSERT INTO relevantMajors (listingID, major) VALUES (44, 'Finance');
INSERT INTO relevantMajors (listingID, major) VALUES (44, 'Engineering');
INSERT INTO relevantMajors (listingID, major) VALUES (45, 'Engineering');
INSERT INTO relevantMajors (listingID, major) VALUES (45, 'Chemistry');
INSERT INTO relevantMajors (listingID, major) VALUES (45, 'Computer Science');
INSERT INTO relevantMajors (listingID, major) VALUES (46, 'Computer Science');
INSERT INTO relevantMajors (listingID, major) VALUES (47, 'Physics');
INSERT INTO relevantMajors (listingID, major) VALUES (48, 'Education');
INSERT INTO relevantMajors (listingID, major) VALUES (48, 'Chemistry');
INSERT INTO relevantMajors (listingID, major) VALUES (49, 'Finance');
INSERT INTO relevantMajors (listingID, major) VALUES (49, 'Mathematics');
INSERT INTO relevantMajors (listingID, major) VALUES (50, 'Computer Science');
INSERT INTO relevantMajors (listingID, major) VALUES (50, 'Finance');
INSERT INTO relevantMajors (listingID, major) VALUES (51, 'Biology');
INSERT INTO relevantMajors (listingID, major) VALUES (52, 'Education');
INSERT INTO relevantMajors (listingID, major) VALUES (53, 'Biology');
INSERT INTO relevantMajors (listingID, major) VALUES (53, 'Chemistry');
INSERT INTO relevantMajors (listingID, major) VALUES (54, 'Biology');
INSERT INTO relevantMajors (listingID, major) VALUES (54, 'Physics');
INSERT INTO relevantMajors (listingID, major) VALUES (54, 'Finance');
INSERT INTO relevantMajors (listingID, major) VALUES (55, 'Computer Science');
INSERT INTO relevantMajors (listingID, major) VALUES (55, 'Biology');
INSERT INTO relevantMajors (listingID, major) VALUES (55, 'Education');
INSERT INTO relevantMajors (listingID, major) VALUES (56, 'Biology');
INSERT INTO relevantMajors (listingID, major) VALUES (57, 'Finance');
INSERT INTO relevantMajors (listingID, major) VALUES (57, 'Education');
INSERT INTO relevantMajors (listingID, major) VALUES (58, 'Finance');
INSERT INTO relevantMajors (listingID, major) VALUES (58, 'Physics');
INSERT INTO relevantMajors (listingID, major) VALUES (59, 'Chemistry');
INSERT INTO relevantMajors (listingID, major) VALUES (59, 'Finance');
INSERT INTO relevantMajors (listingID, major) VALUES (59, 'Physics');
INSERT INTO relevantMajors (listingID, major) VALUES (60, 'Engineering');
INSERT INTO relevantMajors (listingID, major) VALUES (61, 'Chemistry');
INSERT INTO relevantMajors (listingID, major) VALUES (62, 'Computer Science');
INSERT INTO relevantMajors (listingID, major) VALUES (62, 'Mathematics');
INSERT INTO relevantMajors (listingID, major) VALUES (63, 'Physics');
INSERT INTO relevantMajors (listingID, major) VALUES (64, 'Biology');
INSERT INTO relevantMajors (listingID, major) VALUES (64, 'Computer Science');
INSERT INTO relevantMajors (listingID, major) VALUES (64, 'Physics');
INSERT INTO relevantMajors (listingID, major) VALUES (65, 'Biology');
INSERT INTO relevantMajors (listingID, major) VALUES (66, 'Mathematics');
INSERT INTO relevantMajors (listingID, major) VALUES (66, 'Chemistry');
INSERT INTO relevantMajors (listingID, major) VALUES (66, 'Biology');
INSERT INTO relevantMajors (listingID, major) VALUES (67, 'Engineering');
INSERT INTO relevantMajors (listingID, major) VALUES (67, 'Biology');
INSERT INTO relevantMajors (listingID, major) VALUES (67, 'Computer Science');
INSERT INTO relevantMajors (listingID, major) VALUES (68, 'Finance');
INSERT INTO relevantMajors (listingID, major) VALUES (68, 'Chemistry');
INSERT INTO relevantMajors (listingID, major) VALUES (68, 'Biology');
INSERT INTO relevantMajors (listingID, major) VALUES (69, 'Physics');
INSERT INTO relevantMajors (listingID, major) VALUES (70, 'Physics');
INSERT INTO relevantMajors (listingID, major) VALUES (71, 'Education');
INSERT INTO relevantMajors (listingID, major) VALUES (71, 'Finance');
INSERT INTO relevantMajors (listingID, major) VALUES (72, 'Education');
INSERT INTO relevantMajors (listingID, major) VALUES (72, 'Computer Science');
INSERT INTO relevantMajors (listingID, major) VALUES (72, 'Physics');
INSERT INTO relevantMajors (listingID, major) VALUES (73, 'Finance');
INSERT INTO relevantMajors (listingID, major) VALUES (73, 'Mathematics');
INSERT INTO relevantMajors (listingID, major) VALUES (73, 'Computer Science');
INSERT INTO relevantMajors (listingID, major) VALUES (74, 'Chemistry');
INSERT INTO relevantMajors (listingID, major) VALUES (74, 'Physics');
INSERT INTO relevantMajors (listingID, major) VALUES (74, 'Finance');
INSERT INTO relevantMajors (listingID, major) VALUES (75, 'Education');
INSERT INTO relevantMajors (listingID, major) VALUES (75, 'Biology');
INSERT INTO relevantMajors (listingID, major) VALUES (76, 'Biology');
INSERT INTO relevantMajors (listingID, major) VALUES (76, 'Physics');
INSERT INTO relevantMajors (listingID, major) VALUES (76, 'Computer Science');
INSERT INTO relevantMajors (listingID, major) VALUES (77, 'Finance');
INSERT INTO relevantMajors (listingID, major) VALUES (78, 'Finance');
INSERT INTO relevantMajors (listingID, major) VALUES (78, 'Physics');
INSERT INTO relevantMajors (listingID, major) VALUES (78, 'Engineering');
INSERT INTO relevantMajors (listingID, major) VALUES (79, 'Mathematics');
INSERT INTO relevantMajors (listingID, major) VALUES (79, 'Finance');
INSERT INTO relevantMajors (listingID, major) VALUES (80, 'Biology');
INSERT INTO relevantMajors (listingID, major) VALUES (80, 'Physics');
INSERT INTO relevantMajors (listingID, major) VALUES (81, 'Engineering');
INSERT INTO relevantMajors (listingID, major) VALUES (81, 'Computer Science');
INSERT INTO relevantMajors (listingID, major) VALUES (82, 'Finance');
INSERT INTO relevantMajors (listingID, major) VALUES (82, 'Education');
INSERT INTO relevantMajors (listingID, major) VALUES (83, 'Engineering');
INSERT INTO relevantMajors (listingID, major) VALUES (84, 'Engineering');
INSERT INTO relevantMajors (listingID, major) VALUES (84, 'Physics');
INSERT INTO relevantMajors (listingID, major) VALUES (85, 'Engineering');
INSERT INTO relevantMajors (listingID, major) VALUES (85, 'Education');
INSERT INTO relevantMajors (listingID, major) VALUES (86, 'Mathematics');
INSERT INTO relevantMajors (listingID, major) VALUES (86, 'Education');
INSERT INTO relevantMajors (listingID, major) VALUES (87, 'Engineering');
INSERT INTO relevantMajors (listingID, major) VALUES (88, 'Physics');
INSERT INTO relevantMajors (listingID, major) VALUES (88, 'Engineering');
INSERT INTO relevantMajors (listingID, major) VALUES (88, 'Computer Science');
INSERT INTO relevantMajors (listingID, major) VALUES (89, 'Engineering');
INSERT INTO relevantMajors (listingID, major) VALUES (89, 'Chemistry');
INSERT INTO relevantMajors (listingID, major) VALUES (90, 'Finance');
INSERT INTO relevantMajors (listingID, major) VALUES (90, 'Mathematics');
INSERT INTO relevantMajors (listingID, major) VALUES (91, 'Physics');
INSERT INTO relevantMajors (listingID, major) VALUES (91, 'Engineering');
INSERT INTO relevantMajors (listingID, major) VALUES (91, 'Computer Science');
INSERT INTO relevantMajors (listingID, major) VALUES (92, 'Biology');
INSERT INTO relevantMajors (listingID, major) VALUES (92, 'Finance');
INSERT INTO relevantMajors (listingID, major) VALUES (93, 'Finance');
INSERT INTO relevantMajors (listingID, major) VALUES (93, 'Chemistry');
INSERT INTO relevantMajors (listingID, major) VALUES (93, 'Biology');
INSERT INTO relevantMajors (listingID, major) VALUES (94, 'Biology');
INSERT INTO relevantMajors (listingID, major) VALUES (94, 'Education');
INSERT INTO relevantMajors (listingID, major) VALUES (95, 'Education');
INSERT INTO relevantMajors (listingID, major) VALUES (95, 'Physics');
INSERT INTO relevantMajors (listingID, major) VALUES (96, 'Physics');
INSERT INTO relevantMajors (listingID, major) VALUES (96, 'Chemistry');
INSERT INTO relevantMajors (listingID, major) VALUES (96, 'Engineering');
INSERT INTO relevantMajors (listingID, major) VALUES (97, 'Physics');
INSERT INTO relevantMajors (listingID, major) VALUES (97, 'Computer Science');
INSERT INTO relevantMajors (listingID, major) VALUES (98, 'Engineering');
INSERT INTO relevantMajors (listingID, major) VALUES (99, 'Biology');
INSERT INTO relevantMajors (listingID, major) VALUES (100, 'Chemistry');

-- Populate the relevantFields table
INSERT INTO relevantFields (listingID, field) VALUES (1, 'Web Development');
INSERT INTO relevantFields (listingID, field) VALUES (2, 'Healthcare');
INSERT INTO relevantFields (listingID, field) VALUES (2, 'Physics');
INSERT INTO relevantFields (listingID, field) VALUES (3, 'Financial Services');
INSERT INTO relevantFields (listingID, field) VALUES (4, 'Physics');
INSERT INTO relevantFields (listingID, field) VALUES (5, 'Financial Services');
INSERT INTO relevantFields (listingID, field) VALUES (5, 'Teaching');
INSERT INTO relevantFields (listingID, field) VALUES (6, 'Web Development');
INSERT INTO relevantFields (listingID, field) VALUES (6, 'Biology Research');
INSERT INTO relevantFields (listingID, field) VALUES (6, 'Physics');
INSERT INTO relevantFields (listingID, field) VALUES (7, 'Teaching');
INSERT INTO relevantFields (listingID, field) VALUES (7, 'Software Engineering');
INSERT INTO relevantFields (listingID, field) VALUES (7, 'Web Development');
INSERT INTO relevantFields (listingID, field) VALUES (8, 'Biology Research');
INSERT INTO relevantFields (listingID, field) VALUES (8, 'Education');
INSERT INTO relevantFields (listingID, field) VALUES (8, 'Teaching');
INSERT INTO relevantFields (listingID, field) VALUES (9, 'Chemical Engineering');
INSERT INTO relevantFields (listingID, field) VALUES (9, 'Biology Research');
INSERT INTO relevantFields (listingID, field) VALUES (10, 'Data Analysis');
INSERT INTO relevantFields (listingID, field) VALUES (10, 'Chemical Engineering');
INSERT INTO relevantFields (listingID, field) VALUES (11, 'Data Analysis');
INSERT INTO relevantFields (listingID, field) VALUES (11, 'Healthcare');
INSERT INTO relevantFields (listingID, field) VALUES (11, 'Teaching');
INSERT INTO relevantFields (listingID, field) VALUES (12, 'Teaching');
INSERT INTO relevantFields (listingID, field) VALUES (13, 'Education');
INSERT INTO relevantFields (listingID, field) VALUES (14, 'Web Development');
INSERT INTO relevantFields (listingID, field) VALUES (14, 'Software Engineering');
INSERT INTO relevantFields (listingID, field) VALUES (15, 'Chemical Engineering');
INSERT INTO relevantFields (listingID, field) VALUES (16, 'Financial Services');
INSERT INTO relevantFields (listingID, field) VALUES (16, 'Chemical Engineering');
INSERT INTO relevantFields (listingID, field) VALUES (16, 'Software Engineering');
INSERT INTO relevantFields (listingID, field) VALUES (17, 'Data Analysis');
INSERT INTO relevantFields (listingID, field) VALUES (17, 'Chemical Engineering');
INSERT INTO relevantFields (listingID, field) VALUES (18, 'Web Development');
INSERT INTO relevantFields (listingID, field) VALUES (18, 'Data Analysis');
INSERT INTO relevantFields (listingID, field) VALUES (19, 'Financial Services');
INSERT INTO relevantFields (listingID, field) VALUES (19, 'Software Engineering');
INSERT INTO relevantFields (listingID, field) VALUES (19, 'Biology Research');
INSERT INTO relevantFields (listingID, field) VALUES (20, 'Data Analysis');
INSERT INTO relevantFields (listingID, field) VALUES (20, 'Biology Research');
INSERT INTO relevantFields (listingID, field) VALUES (21, 'Web Development');
INSERT INTO relevantFields (listingID, field) VALUES (22, 'Chemical Engineering');
INSERT INTO relevantFields (listingID, field) VALUES (22, 'Software Engineering');
INSERT INTO relevantFields (listingID, field) VALUES (22, 'Financial Services');
INSERT INTO relevantFields (listingID, field) VALUES (23, 'Data Analysis');
INSERT INTO relevantFields (listingID, field) VALUES (24, 'Teaching');
INSERT INTO relevantFields (listingID, field) VALUES (24, 'Data Analysis');
INSERT INTO relevantFields (listingID, field) VALUES (24, 'Biology Research');
INSERT INTO relevantFields (listingID, field) VALUES (25, 'Web Development');
INSERT INTO relevantFields (listingID, field) VALUES (25, 'Chemical Engineering');
INSERT INTO relevantFields (listingID, field) VALUES (26, 'Web Development');
INSERT INTO relevantFields (listingID, field) VALUES (26, 'Physics');
INSERT INTO relevantFields (listingID, field) VALUES (27, 'Software Engineering');
INSERT INTO relevantFields (listingID, field) VALUES (27, 'Teaching');
INSERT INTO relevantFields (listingID, field) VALUES (28, 'Chemical Engineering');
INSERT INTO relevantFields (listingID, field) VALUES (28, 'Data Analysis');
INSERT INTO relevantFields (listingID, field) VALUES (29, 'Financial Services');
INSERT INTO relevantFields (listingID, field) VALUES (29, 'Healthcare');
INSERT INTO relevantFields (listingID, field) VALUES (30, 'Web Development');
INSERT INTO relevantFields (listingID, field) VALUES (30, 'Software Engineering');
INSERT INTO relevantFields (listingID, field) VALUES (31, 'Financial Services');
INSERT INTO relevantFields (listingID, field) VALUES (32, 'Physics');
INSERT INTO relevantFields (listingID, field) VALUES (32, 'Financial Services');
INSERT INTO relevantFields (listingID, field) VALUES (32, 'Web Development');
INSERT INTO relevantFields (listingID, field) VALUES (33, 'Financial Services');
INSERT INTO relevantFields (listingID, field) VALUES (33, 'Software Engineering');
INSERT INTO relevantFields (listingID, field) VALUES (33, 'Education');
INSERT INTO relevantFields (listingID, field) VALUES (34, 'Data Analysis');
INSERT INTO relevantFields (listingID, field) VALUES (35, 'Data Analysis');
INSERT INTO relevantFields (listingID, field) VALUES (35, 'Physics');
INSERT INTO relevantFields (listingID, field) VALUES (36, 'Teaching');
INSERT INTO relevantFields (listingID, field) VALUES (36, 'Education');
INSERT INTO relevantFields (listingID, field) VALUES (37, 'Healthcare');
INSERT INTO relevantFields (listingID, field) VALUES (38, 'Data Analysis');
INSERT INTO relevantFields (listingID, field) VALUES (38, 'Healthcare');
INSERT INTO relevantFields (listingID, field) VALUES (39, 'Education');
INSERT INTO relevantFields (listingID, field) VALUES (39, 'Software Engineering');
INSERT INTO relevantFields (listingID, field) VALUES (40, 'Healthcare');
INSERT INTO relevantFields (listingID, field) VALUES (40, 'Physics');
INSERT INTO relevantFields (listingID, field) VALUES (40, 'Chemical Engineering');
INSERT INTO relevantFields (listingID, field) VALUES (41, 'Biology Research');
INSERT INTO relevantFields (listingID, field) VALUES (41, 'Financial Services');
INSERT INTO relevantFields (listingID, field) VALUES (42, 'Software Engineering');
INSERT INTO relevantFields (listingID, field) VALUES (43, 'Financial Services');
INSERT INTO relevantFields (listingID, field) VALUES (43, 'Biology Research');
INSERT INTO relevantFields (listingID, field) VALUES (43, 'Web Development');
INSERT INTO relevantFields (listingID, field) VALUES (44, 'Data Analysis');
INSERT INTO relevantFields (listingID, field) VALUES (44, 'Software Engineering');
INSERT INTO relevantFields (listingID, field) VALUES (44, 'Financial Services');
INSERT INTO relevantFields (listingID, field) VALUES (45, 'Biology Research');
INSERT INTO relevantFields (listingID, field) VALUES (46, 'Healthcare');
INSERT INTO relevantFields (listingID, field) VALUES (46, 'Education');
INSERT INTO relevantFields (listingID, field) VALUES (47, 'Healthcare');
INSERT INTO relevantFields (listingID, field) VALUES (47, 'Education');
INSERT INTO relevantFields (listingID, field) VALUES (48, 'Software Engineering');
INSERT INTO relevantFields (listingID, field) VALUES (48, 'Data Analysis');
INSERT INTO relevantFields (listingID, field) VALUES (48, 'Biology Research');
INSERT INTO relevantFields (listingID, field) VALUES (49, 'Biology Research');
INSERT INTO relevantFields (listingID, field) VALUES (50, 'Teaching');
INSERT INTO relevantFields (listingID, field) VALUES (50, 'Biology Research');
INSERT INTO relevantFields (listingID, field) VALUES (51, 'Financial Services');
INSERT INTO relevantFields (listingID, field) VALUES (51, 'Chemical Engineering');
INSERT INTO relevantFields (listingID, field) VALUES (52, 'Web Development');
INSERT INTO relevantFields (listingID, field) VALUES (53, 'Chemical Engineering');
INSERT INTO relevantFields (listingID, field) VALUES (53, 'Data Analysis');
INSERT INTO relevantFields (listingID, field) VALUES (54, 'Chemical Engineering');
INSERT INTO relevantFields (listingID, field) VALUES (54, 'Physics');
INSERT INTO relevantFields (listingID, field) VALUES (54, 'Data Analysis');
INSERT INTO relevantFields (listingID, field) VALUES (55, 'Financial Services');
INSERT INTO relevantFields (listingID, field) VALUES (55, 'Chemical Engineering');
INSERT INTO relevantFields (listingID, field) VALUES (55, 'Healthcare');
INSERT INTO relevantFields (listingID, field) VALUES (56, 'Education');
INSERT INTO relevantFields (listingID, field) VALUES (56, 'Biology Research');
INSERT INTO relevantFields (listingID, field) VALUES (56, 'Physics');
INSERT INTO relevantFields (listingID, field) VALUES (57, 'Biology Research');
INSERT INTO relevantFields (listingID, field) VALUES (57, 'Web Development');
INSERT INTO relevantFields (listingID, field) VALUES (58, 'Teaching');
INSERT INTO relevantFields (listingID, field) VALUES (58, 'Chemical Engineering');
INSERT INTO relevantFields (listingID, field) VALUES (59, 'Chemical Engineering');
INSERT INTO relevantFields (listingID, field) VALUES (59, 'Education');
INSERT INTO relevantFields (listingID, field) VALUES (59, 'Healthcare');
INSERT INTO relevantFields (listingID, field) VALUES (60, 'Physics');
INSERT INTO relevantFields (listingID, field) VALUES (60, 'Biology Research');
INSERT INTO relevantFields (listingID, field) VALUES (60, 'Software Engineering');
INSERT INTO relevantFields (listingID, field) VALUES (61, 'Financial Services');
INSERT INTO relevantFields (listingID, field) VALUES (61, 'Physics');
INSERT INTO relevantFields (listingID, field) VALUES (62, 'Physics');
INSERT INTO relevantFields (listingID, field) VALUES (62, 'Chemical Engineering');
INSERT INTO relevantFields (listingID, field) VALUES (62, 'Web Development');
INSERT INTO relevantFields (listingID, field) VALUES (63, 'Financial Services');
INSERT INTO relevantFields (listingID, field) VALUES (64, 'Software Engineering');
INSERT INTO relevantFields (listingID, field) VALUES (65, 'Physics');
INSERT INTO relevantFields (listingID, field) VALUES (65, 'Financial Services');
INSERT INTO relevantFields (listingID, field) VALUES (65, 'Software Engineering');
INSERT INTO relevantFields (listingID, field) VALUES (66, 'Healthcare');
INSERT INTO relevantFields (listingID, field) VALUES (66, 'Teaching');
INSERT INTO relevantFields (listingID, field) VALUES (66, 'Web Development');
INSERT INTO relevantFields (listingID, field) VALUES (67, 'Biology Research');
INSERT INTO relevantFields (listingID, field) VALUES (67, 'Chemical Engineering');
INSERT INTO relevantFields (listingID, field) VALUES (68, 'Chemical Engineering');
INSERT INTO relevantFields (listingID, field) VALUES (69, 'Web Development');
INSERT INTO relevantFields (listingID, field) VALUES (70, 'Biology Research');
INSERT INTO relevantFields (listingID, field) VALUES (70, 'Healthcare');
INSERT INTO relevantFields (listingID, field) VALUES (71, 'Data Analysis');
INSERT INTO relevantFields (listingID, field) VALUES (72, 'Healthcare');
INSERT INTO relevantFields (listingID, field) VALUES (72, 'Chemical Engineering');
INSERT INTO relevantFields (listingID, field) VALUES (72, 'Education');
INSERT INTO relevantFields (listingID, field) VALUES (73, 'Software Engineering');
INSERT INTO relevantFields (listingID, field) VALUES (73, 'Teaching');
INSERT INTO relevantFields (listingID, field) VALUES (74, 'Healthcare');
INSERT INTO relevantFields (listingID, field) VALUES (74, 'Physics');
INSERT INTO relevantFields (listingID, field) VALUES (75, 'Software Engineering');
INSERT INTO relevantFields (listingID, field) VALUES (76, 'Healthcare');
INSERT INTO relevantFields (listingID, field) VALUES (77, 'Biology Research');
INSERT INTO relevantFields (listingID, field) VALUES (78, 'Education');
INSERT INTO relevantFields (listingID, field) VALUES (78, 'Healthcare');
INSERT INTO relevantFields (listingID, field) VALUES (78, 'Software Engineering');
INSERT INTO relevantFields (listingID, field) VALUES (79, 'Financial Services');
INSERT INTO relevantFields (listingID, field) VALUES (79, 'Data Analysis');
INSERT INTO relevantFields (listingID, field) VALUES (80, 'Financial Services');
INSERT INTO relevantFields (listingID, field) VALUES (80, 'Physics');
INSERT INTO relevantFields (listingID, field) VALUES (81, 'Data Analysis');
INSERT INTO relevantFields (listingID, field) VALUES (81, 'Teaching');
INSERT INTO relevantFields (listingID, field) VALUES (82, 'Biology Research');
INSERT INTO relevantFields (listingID, field) VALUES (82, 'Data Analysis');
INSERT INTO relevantFields (listingID, field) VALUES (83, 'Biology Research');
INSERT INTO relevantFields (listingID, field) VALUES (83, 'Healthcare');
INSERT INTO relevantFields (listingID, field) VALUES (84, 'Physics');
INSERT INTO relevantFields (listingID, field) VALUES (85, 'Web Development');
INSERT INTO relevantFields (listingID, field) VALUES (85, 'Teaching');
INSERT INTO relevantFields (listingID, field) VALUES (85, 'Physics');
INSERT INTO relevantFields (listingID, field) VALUES (86, 'Financial Services');
INSERT INTO relevantFields (listingID, field) VALUES (86, 'Web Development');
INSERT INTO relevantFields (listingID, field) VALUES (86, 'Teaching');
INSERT INTO relevantFields (listingID, field) VALUES (87, 'Physics');
INSERT INTO relevantFields (listingID, field) VALUES (87, 'Data Analysis');
INSERT INTO relevantFields (listingID, field) VALUES (87, 'Teaching');
INSERT INTO relevantFields (listingID, field) VALUES (88, 'Data Analysis');
INSERT INTO relevantFields (listingID, field) VALUES (88, 'Biology Research');
INSERT INTO relevantFields (listingID, field) VALUES (89, 'Software Engineering');
INSERT INTO relevantFields (listingID, field) VALUES (89, 'Web Development');
INSERT INTO relevantFields (listingID, field) VALUES (90, 'Software Engineering');
INSERT INTO relevantFields (listingID, field) VALUES (91, 'Biology Research');
INSERT INTO relevantFields (listingID, field) VALUES (92, 'Web Development');
INSERT INTO relevantFields (listingID, field) VALUES (92, 'Physics');
INSERT INTO relevantFields (listingID, field) VALUES (92, 'Healthcare');
INSERT INTO relevantFields (listingID, field) VALUES (93, 'Education');
INSERT INTO relevantFields (listingID, field) VALUES (93, 'Data Analysis');
INSERT INTO relevantFields (listingID, field) VALUES (93, 'Teaching');
INSERT INTO relevantFields (listingID, field) VALUES (94, 'Data Analysis');
INSERT INTO relevantFields (listingID, field) VALUES (95, 'Education');
INSERT INTO relevantFields (listingID, field) VALUES (95, 'Physics');
INSERT INTO relevantFields (listingID, field) VALUES (96, 'Web Development');
INSERT INTO relevantFields (listingID, field) VALUES (96, 'Education');
INSERT INTO relevantFields (listingID, field) VALUES (96, 'Physics');
INSERT INTO relevantFields (listingID, field) VALUES (97, 'Education');
INSERT INTO relevantFields (listingID, field) VALUES (97, 'Web Development');
INSERT INTO relevantFields (listingID, field) VALUES (97, 'Biology Research');
INSERT INTO relevantFields (listingID, field) VALUES (98, 'Financial Services');
INSERT INTO relevantFields (listingID, field) VALUES (99, 'Healthcare');
INSERT INTO relevantFields (listingID, field) VALUES (99, 'Teaching');
INSERT INTO relevantFields (listingID, field) VALUES (99, 'Biology Research');
INSERT INTO relevantFields (listingID, field) VALUES (100, 'Software Engineering');
INSERT INTO relevantFields (listingID, field) VALUES (100, 'Data Analysis');