use coffeeStats;

INSERT INTO user (id, role, email, userName, password) VALUES (1, 'Student', 'aliciathompson@hotmail.com', 'hilljohn', '0*P3_F&s_5KQ');
INSERT INTO user (id, role, email, userName, password) VALUES (2, 'Student', 'uerickson@wilson.com', 'laurawilliams', 's_W1Fqvo@zS3');
INSERT INTO user (id, role, email, userName, password) VALUES (3, 'Student', 'mary87@gmail.com', 'aaron92', 's$ySTMe1_*8A');
INSERT INTO user (id, role, email, userName, password) VALUES (4, 'Student', 'rmontgomery@gmail.com', 'beckeralicia', 'H$_P$PxW85Ld');
INSERT INTO user (id, role, email, userName, password) VALUES (5, 'Student', 'patrick59@johnson.biz', 'emmafisher', 'Djc*KMxt_1hW');
INSERT INTO user (id, role, email, userName, password) VALUES (6, 'Alumnus', 'joseph20@gmail.com', 'erin86', '2k0&a&DHF*Rs');
INSERT INTO user (id, role, email, userName, password) VALUES (7, 'Student', 'garcialisa@ortiz-mejia.info', 'melissa11', 'wN6Xamd9H&WX');
INSERT INTO user (id, role, email, userName, password) VALUES (8, 'Student', 'lisajackson@gmail.com', 'frank40', '+L7oTdC$h(F3');
INSERT INTO user (id, role, email, userName, password) VALUES (9, 'Student', 'brookspatrick@gmail.com', 'mollyhunt', 'cJtRoVmE^2)D');
INSERT INTO user (id, role, email, userName, password) VALUES (10, 'Student', 'williskevin@gmail.com', 'ethanmiller', 'CqTQ_#nA!8Nu');
INSERT INTO user (id, role, email, userName, password) VALUES (11, 'Student', 'grossdanny@hotmail.com', 'gillespieemily', 'D(1JkNuv2Wt$');
INSERT INTO user (id, role, email, userName, password) VALUES (12, 'Student', 'biancavega@mcdonald.com', 'smartin', 'lrP^@Ioko&6N');
INSERT INTO user (id, role, email, userName, password) VALUES (13, 'Student', 'bridgetbrown@hall-silva.info', 'hbradley', 'ohEVOUbY&p1C');
INSERT INTO user (id, role, email, userName, password) VALUES (14, 'Student', 'umitchell@alvarado.net', 'ryanmurphy', 'v75mo7Amu(bo');
INSERT INTO user (id, role, email, userName, password) VALUES (15, 'Company', 'deborahrodriguez@gmail.com', 'brianbrown', '1^7sZ)m7CJ&0');
INSERT INTO user (id, role, email, userName, password) VALUES (16, 'Administrator', 'leslie06@brown.com', 'rwashington', '&a0YGY#d2V3t');
INSERT INTO user (id, role, email, userName, password) VALUES (17, 'Student', 'benjaminpatterson@fitzgerald-gaines.com', 'jmitchell', 'fJ531Th5k(fV');
INSERT INTO user (id, role, email, userName, password) VALUES (18, 'Alumnus', 'ggeorge@gmail.com', 'natalie38', 'k*JW9NEc$+Fr');
INSERT INTO user (id, role, email, userName, password) VALUES (19, 'Student', 'mitchellshelley@hotmail.com', 'carneyheather', 'jS5!lNcNHk1R');
INSERT INTO user (id, role, email, userName, password) VALUES (20, 'Alumnus', 'vasquezlisa@walters-brown.biz', 'wattsrebecca', '389SrR)R+XfN');
INSERT INTO user (id, role, email, userName, password) VALUES (21, 'Student', 'tiffanyjohnson@roach-kemp.org', 'joshua21', '1y5ZWko^&4WZ');
INSERT INTO user (id, role, email, userName, password) VALUES (22, 'Company', 'pamelalittle@gmail.com', 'jamespaul', 'rX!1kMJa+@ax');
INSERT INTO user (id, role, email, userName, password) VALUES (23, 'Student', 'cliu@hendrix.com', 'spearson', 'Sr(dISp@5A5A');
INSERT INTO user (id, role, email, userName, password) VALUES (24, 'Student', 'daniellewheeler@foster.com', 'bradley25', '@Mp+cNyARE5w');
INSERT INTO user (id, role, email, userName, password) VALUES (25, 'Student', 'zcarpenter@hotmail.com', 'millertyler', '$C2%TTzCGZOn');
INSERT INTO user (id, role, email, userName, password) VALUES (26, 'Student', 'teresa58@yahoo.com', 'brenda40', '+1XFqQ&gk03L');
INSERT INTO user (id, role, email, userName, password) VALUES (27, 'Student', 'brandon21@rivera.com', 'mcintoshgabriela', '_B%dc@DuEK0X');
INSERT INTO user (id, role, email, userName, password) VALUES (28, 'Student', 'heather82@wheeler.com', 'bbrown', '$1DVlt2BT*5O');
INSERT INTO user (id, role, email, userName, password) VALUES (29, 'Student', 'sara74@middleton.com', 'raymondnelson', '*DUuLy!ldc7p');
INSERT INTO user (id, role, email, userName, password) VALUES (30, 'Alumnus', 'scottpugh@bryan.com', 'samanthahawkins', '&1ZD+fvbdRBU');
INSERT INTO user (id, role, email, userName, password) VALUES (31, 'Student', 'bbutler@grant.info', 'nathan95', 'MGos5#Jb(T#2');
INSERT INTO user (id, role, email, userName, password) VALUES (32, 'Student', 'sharonmartin@nguyen.com', 'lpitts', 'O9AD+tWh%)Z2');
INSERT INTO user (id, role, email, userName, password) VALUES (33, 'Student', 'christophergross@hotmail.com', 'mcdanielmarcus', '!6FxBDOm%+)t');
INSERT INTO user (id, role, email, userName, password) VALUES (34, 'Student', 'theresa05@morgan-jenkins.org', 'logan58', '*a1TvKXv^s1r');
INSERT INTO user (id, role, email, userName, password) VALUES (35, 'Student', 'daniellegonzalez@mcdonald.com', 'benjamin28', '%3tLzOkcugJ+');
INSERT INTO user (id, role, email, userName, password) VALUES (36, 'Student', 'fcastaneda@hotmail.com', 'gravespatricia', 'E9x7!K0doE__');
INSERT INTO user (id, role, email, userName, password) VALUES (37, 'Student', 'haneybruce@hotmail.com', 'zavalasteven', 'UszWwZdm!Z6H');
INSERT INTO user (id, role, email, userName, password) VALUES (38, 'Student', 'vmays@yahoo.com', 'raymondbray', 'OuS9VPcq@Bt1');
INSERT INTO user (id, role, email, userName, password) VALUES (39, 'Student', 'fbentley@yahoo.com', 'garciakatie', '&4kOecL0cI5&');
INSERT INTO user (id, role, email, userName, password) VALUES (40, 'Student', 'dking@gmail.com', 'steve88', 'weX2G6qJp)M+');
INSERT INTO user (id, role, email, userName, password) VALUES (41, 'Advisor', 'palmercarrie@hotmail.com', 'bhansen', 'Zo3D1w4r%o+B');
INSERT INTO user (id, role, email, userName, password) VALUES (42, 'Alumnus', 'merrittharold@cole.com', 'corey80', 'y456)4Se$ht!');
INSERT INTO user (id, role, email, userName, password) VALUES (43, 'Student', 'whitebrian@martin-khan.com', 'vferrell', '4TUm2QgM(9lF');
INSERT INTO user (id, role, email, userName, password) VALUES (44, 'Student', 'mnelson@yahoo.com', 'jenniferburns', 'GN50dlic5)pB');
INSERT INTO user (id, role, email, userName, password) VALUES (45, 'Student', 'jessicarhodes@hotmail.com', 'vgill', 'ZSCPHTmdPt@9');
INSERT INTO user (id, role, email, userName, password) VALUES (46, 'Student', 'valerie48@anderson.com', 'emma12', '2r4Ekeyj%oQ9');
INSERT INTO user (id, role, email, userName, password) VALUES (47, 'Student', 'littlesteven@mcclure.com', 'marvin26', 'gr+bHdux*7Ne');
INSERT INTO user (id, role, email, userName, password) VALUES (48, 'Student', 'sharpnatalie@hotmail.com', 'ncook', '(V#8AIqt!02&');
INSERT INTO user (id, role, email, userName, password) VALUES (49, 'Student', 'kimberly76@sanders.com', 'jacksondanielle', '_P1hKd8jtlH@');
INSERT INTO user (id, role, email, userName, password) VALUES (50, 'Student', 'ethanstout@yahoo.com', 'nicoledaniels', 'qQqL3va34%1o');
INSERT INTO user (id, role, email, userName, password) VALUES (51, 'Student', 'xkelley@morris.org', 'richard31', '6Kg6J5#sI+^b');
INSERT INTO user (id, role, email, userName, password) VALUES (52, 'Student', 'jhawkins@gmail.com', 'rdaniels', 'S$N6LeJwqydv');
INSERT INTO user (id, role, email, userName, password) VALUES (53, 'Company', 'ballardtara@hotmail.com', 'matthewmcdaniel', '#@KXEqQEz7Gp');
INSERT INTO user (id, role, email, userName, password) VALUES (54, 'Student', 'stephaniepruitt@hotmail.com', 'carrjack', 'yY_Hx5Xrf^0b');
INSERT INTO user (id, role, email, userName, password) VALUES (55, 'Student', 'hsantana@yahoo.com', 'joseph59', 'N2ImpyrE^AOy');
INSERT INTO user (id, role, email, userName, password) VALUES (56, 'Advisor', 'mcdowellkevin@gmail.com', 'pwells', '*!4xaIjex23Z');
INSERT INTO user (id, role, email, userName, password) VALUES (57, 'Company', 'shawnsantiago@roberts.com', 'rachelbarnes', 'JnD63Jpn9H!T');
INSERT INTO user (id, role, email, userName, password) VALUES (58, 'Company', 'chambersjessica@williams.com', 'shannonowens', 'a9ZPuGQvL$1b');
INSERT INTO user (id, role, email, userName, password) VALUES (59, 'Alumnus', 'dustin11@gregory-le.biz', 'luis74', 'O*Zy)uPuo3Sh');
INSERT INTO user (id, role, email, userName, password) VALUES (60, 'Student', 'shannon56@gmail.com', 'yolanda70', '$uNjM9yfXX0E');
INSERT INTO user (id, role, email, userName, password) VALUES (61, 'Advisor', 'yangbecky@rice-trujillo.com', 'dianematthews', '5&Iw_pCjcg0A');
INSERT INTO user (id, role, email, userName, password) VALUES (62, 'Student', 'clairewilliams@rocha.net', 'davisgerald', 'm&PEEmi8!m90');
INSERT INTO user (id, role, email, userName, password) VALUES (63, 'Student', 'kimberlydunlap@yahoo.com', 'jasongarcia', '%CSDMPFlzl*0');
INSERT INTO user (id, role, email, userName, password) VALUES (64, 'Alumnus', 'michaelcontreras@bright.org', 'emmaromero', '5nb#$ktjp^6N');
INSERT INTO user (id, role, email, userName, password) VALUES (65, 'Student', 'martinsusan@hotmail.com', 'john34', 'W9ueDuQj&zQE');
INSERT INTO user (id, role, email, userName, password) VALUES (66, 'Alumnus', 'tarawood@hotmail.com', 'danielmorgan', 'Gf9+aIyaFd@k');
INSERT INTO user (id, role, email, userName, password) VALUES (67, 'Student', 'floresmeghan@hotmail.com', 'ynichols', '%LUruGwkU3T+');
INSERT INTO user (id, role, email, userName, password) VALUES (68, 'Student', 'mooreerik@hotmail.com', 'francisvictor', '$TgpmdXe$s4Z');
INSERT INTO user (id, role, email, userName, password) VALUES (69, 'Student', 'anthonyrichardson@flores.net', 'stevensmaria', 'Q#23jBOfP+M%');
INSERT INTO user (id, role, email, userName, password) VALUES (70, 'Student', 'sanchezgeorge@clark.org', 'amandaclarke', 'SOCOX0@kX_3A');
INSERT INTO user (id, role, email, userName, password) VALUES (71, 'Student', 'cnicholson@yahoo.com', 'miguel19', 'z6nIEx(q_5Qr');
INSERT INTO user (id, role, email, userName, password) VALUES (72, 'Student', 'jennakrueger@smith-jones.com', 'richardswyatt', '#e8QmpRBMM8B');
INSERT INTO user (id, role, email, userName, password) VALUES (73, 'Student', 'jasmine71@yahoo.com', 'vkelley', '%jNssKDb3@6Q');
INSERT INTO user (id, role, email, userName, password) VALUES (74, 'Student', 'gonzalezvanessa@abbott-king.com', 'savannah83', '3f#U0I_AM_p(');
INSERT INTO user (id, role, email, userName, password) VALUES (75, 'Student', 'kmartinez@bowman.com', 'tracymartinez', '&aw2ZnHCY0Br');
INSERT INTO user (id, role, email, userName, password) VALUES (76, 'Student', 'wthomas@johnson.info', 'mitchelljessica', 'ML*H*htiQ$5L');
INSERT INTO user (id, role, email, userName, password) VALUES (77, 'Student', 'john76@gmail.com', 'david08', 'T0CidX0Y@B2Y');
INSERT INTO user (id, role, email, userName, password) VALUES (78, 'Student', 'josegreene@hotmail.com', 'christineallen', '_CbFnBGnM7Uz');
INSERT INTO user (id, role, email, userName, password) VALUES (79, 'Student', 'martinariel@hotmail.com', 'autumn85', '5BrMnBjW(U73');
INSERT INTO user (id, role, email, userName, password) VALUES (80, 'Student', 'yreed@mcgee.com', 'ythompson', '^2PzHQzp@PoL');
INSERT INTO user (id, role, email, userName, password) VALUES (81, 'Student', 'jporter@yahoo.com', 'bgarcia', '$^98!ZMGlb66');
INSERT INTO user (id, role, email, userName, password) VALUES (82, 'Company', 'brenda47@wagner-anderson.com', 'paulcook', '_6SA(tB1%$&R');
INSERT INTO user (id, role, email, userName, password) VALUES (83, 'Student', 'karen64@smith.biz', 'fitzpatrickrobert', 'u(PjyuOU$c3w');
INSERT INTO user (id, role, email, userName, password) VALUES (84, 'Administrator', 'twilson@thompson.com', 'castillomichael', 'YlfIGhw7+n6Y');
INSERT INTO user (id, role, email, userName, password) VALUES (85, 'Student', 'lestrada@watkins.com', 'jevans', 'm7U_Pw*h)R1s');
INSERT INTO user (id, role, email, userName, password) VALUES (86, 'Student', 'jessicaaguirre@hopkins-davis.com', 'marissaperkins', '2z%r3#X4meFw');
INSERT INTO user (id, role, email, userName, password) VALUES (87, 'Administrator', 'kevin49@hotmail.com', 'hallchristopher', '#wk8r7oq#Y2A');
INSERT INTO user (id, role, email, userName, password) VALUES (88, 'Student', 'csantiago@gmail.com', 'jamesespinoza', 'M7I3hlQn#C7N');
INSERT INTO user (id, role, email, userName, password) VALUES (89, 'Student', 'sarah68@yahoo.com', 'brian76', 'u6UzhIp*#1Z_');
INSERT INTO user (id, role, email, userName, password) VALUES (90, 'Company', 'smithfernando@moran.com', 'leestephanie', '@lgClTmDWg4B');
INSERT INTO user (id, role, email, userName, password) VALUES (91, 'Alumnus', 'jennifer49@vega.com', 'ibyrd', '#0ODySDr5vn6');
INSERT INTO user (id, role, email, userName, password) VALUES (92, 'Student', 'pkelley@atkins.info', 'john90', '6*1l6OCu%jPA');
INSERT INTO user (id, role, email, userName, password) VALUES (93, 'Student', 'howardcopeland@stevens.org', 'allengregory', 'V3!KcWb9_9Kz');
INSERT INTO user (id, role, email, userName, password) VALUES (94, 'Student', 'karen65@webster-baxter.info', 'lfowler', 'olL4$JbT(7kc');
INSERT INTO user (id, role, email, userName, password) VALUES (95, 'Advisor', 'jacksonjenna@smith.com', 'qjones', '+6ThICa(%1DW');
INSERT INTO user (id, role, email, userName, password) VALUES (96, 'Student', 'fullertheresa@yahoo.com', 'philipballard', 'n1cy5LngD!$X');
INSERT INTO user (id, role, email, userName, password) VALUES (97, 'Student', 'jesse23@gmail.com', 'alicemacdonald', '$2Yffz_5Hg3h');
INSERT INTO user (id, role, email, userName, password) VALUES (98, 'Student', 'lori73@drake.com', 'xnelson', '^CR7+M%t@0FZ');
INSERT INTO user (id, role, email, userName, password) VALUES (99, 'Company', 'randywilson@yahoo.com', 'gbrown', ')OC^K%b^5bxv');
INSERT INTO user (id, role, email, userName, password) VALUES (100, 'Student', 'paul72@armstrong-miller.com', 'davidramirez', '%7WPlAadx4NU');
INSERT INTO user (id, role, email, userName, password) VALUES (101, 'Student', 'grosshelen@wilson.com', 'kbradshaw', '@HR+y3@Gv8&1');
INSERT INTO user (id, role, email, userName, password) VALUES (102, 'Student', 'donaldbrown@hotmail.com', 'newtonjonathan', 'Q979F9mAm@q)');
INSERT INTO user (id, role, email, userName, password) VALUES (103, 'Alumnus', 'jeffrey50@gmail.com', 'cgill', 'Y$8t6Frqq6Ps');
INSERT INTO user (id, role, email, userName, password) VALUES (104, 'Student', 'sjensen@gmail.com', 'jeremyyoder', '&_7HmlvrEq3S');
INSERT INTO user (id, role, email, userName, password) VALUES (105, 'Student', 'bettycross@mckay-moore.com', 'awoodward', '^4euwVjrm@Q0');
INSERT INTO user (id, role, email, userName, password) VALUES (106, 'Student', 'srobinson@keller-newton.com', 'marcus03', 'dXH8xrEucVp$');
INSERT INTO user (id, role, email, userName, password) VALUES (107, 'Company', 'hmcgee@frank.com', 'christopherlee', '*)61l_cFwp)H');
INSERT INTO user (id, role, email, userName, password) VALUES (108, 'Student', 'jimeneztracey@hotmail.com', 'james22', '#&5UmNLWw_MW');
INSERT INTO user (id, role, email, userName, password) VALUES (109, 'Student', 'vasquezchristopher@lopez.com', 'rodriguezmadison', '9qJj&5LlN7$k');
INSERT INTO user (id, role, email, userName, password) VALUES (110, 'Alumnus', 'kristinsmith@harris.com', 'mackenzie42', 'wF@QUnjk^3Pb');
INSERT INTO user (id, role, email, userName, password) VALUES (111, 'Student', 'kimberly59@warren-estrada.info', 'christopher91', 'LL&0IsUHQ&cG');
INSERT INTO user (id, role, email, userName, password) VALUES (112, 'Student', 'ashley70@hotmail.com', 'martintaylor', '(O!P77Tj#7e+');
INSERT INTO user (id, role, email, userName, password) VALUES (113, 'Student', 'alison39@yahoo.com', 'whitelisa', '4%gGG^bj5#+8');
INSERT INTO user (id, role, email, userName, password) VALUES (114, 'Alumnus', 'jeffreyhutchinson@miller.com', 'sherry39', '*b1PAr&qM3OK');
INSERT INTO user (id, role, email, userName, password) VALUES (115, 'Student', 'gwilliams@yu.com', 'martha44', 'b15GJraKY@fR');
INSERT INTO user (id, role, email, userName, password) VALUES (116, 'Student', 'luis75@hotmail.com', 'charles00', '+rUrl72U(601');
INSERT INTO user (id, role, email, userName, password) VALUES (117, 'Company', 'katherineflores@hotmail.com', 'ashleyromero', 'g8*GE@Hc)MO9');
INSERT INTO user (id, role, email, userName, password) VALUES (118, 'Student', 'aaronwashington@johnson.org', 'hmcgrath', '$V*0OfjS2PVJ');
INSERT INTO user (id, role, email, userName, password) VALUES (119, 'Student', 'christinestanton@gmail.com', 'erin18', '!#6yP#c6Kfu9');
INSERT INTO user (id, role, email, userName, password) VALUES (120, 'Student', 'mary48@montgomery.info', 'philip33', 'M@9j(zVdFlVY');
INSERT INTO user (id, role, email, userName, password) VALUES (121, 'Student', 'ilopez@gmail.com', 'hessbobby', '1htvU)Dn&9Ob');
INSERT INTO user (id, role, email, userName, password) VALUES (122, 'Student', 'gcarter@sullivan-underwood.com', 'lisa31', 'Ej7AzIo0Ez@X');
INSERT INTO user (id, role, email, userName, password) VALUES (123, 'Student', 'david98@faulkner-shannon.net', 'fdavis', '+E_I#aywJ73k');
INSERT INTO user (id, role, email, userName, password) VALUES (124, 'Administrator', 'wrightchristina@hotmail.com', 'egibson', '5V&3SIg&isl%');
INSERT INTO user (id, role, email, userName, password) VALUES (125, 'Student', 'avazquez@yahoo.com', 'lindsaylopez', 's$x%BBji8s7)');
INSERT INTO user (id, role, email, userName, password) VALUES (126, 'Student', 'anna04@gmail.com', 'kennethcooper', '%)tsE1NbDkf5');
INSERT INTO user (id, role, email, userName, password) VALUES (127, 'Student', 'henry90@stafford.net', 'nicholaspham', 'wjWUwlYs!n4R');
INSERT INTO user (id, role, email, userName, password) VALUES (128, 'Alumnus', 'burnsgina@yahoo.com', 'robertrandolph', '))Ud4I2nnHf*');
INSERT INTO user (id, role, email, userName, password) VALUES (129, 'Student', 'teresamorton@hendricks-weber.info', 'richardsonpriscilla', '&u7er3v(^4ZV');
INSERT INTO user (id, role, email, userName, password) VALUES (130, 'Student', 'laura39@guzman.com', 'david38', 'yRs92X^y_!l%');
INSERT INTO user (id, role, email, userName, password) VALUES (131, 'Company', 'johnspencer@hotmail.com', 'catherine22', '81cXi*z8!kw(');
INSERT INTO user (id, role, email, userName, password) VALUES (132, 'Student', 'houselisa@hotmail.com', 'pattersonmichael', 'oOdXG3s2M!6r');
INSERT INTO user (id, role, email, userName, password) VALUES (133, 'Student', 'amberrusso@bullock.info', 'claysara', '23R&mdUcf$K7');
INSERT INTO user (id, role, email, userName, password) VALUES (134, 'Student', 'barnettjames@jones.com', 'destiny17', 'Z*14TRn5N1_+');
INSERT INTO user (id, role, email, userName, password) VALUES (135, 'Student', 'ebrown@hotmail.com', 'dominique57', '%YZ9Jm%Zp8+%');
INSERT INTO user (id, role, email, userName, password) VALUES (136, 'Student', 'eatonnicholas@young-brown.com', 'randy73', '$w6Xrn_c_C5V');
INSERT INTO user (id, role, email, userName, password) VALUES (137, 'Student', 'nadams@madden.com', 'nrogers', 's61CoTl+_YRe');
INSERT INTO user (id, role, email, userName, password) VALUES (138, 'Student', 'david69@fisher.com', 'jameswood', '#9EnX_EdI2AD');
INSERT INTO user (id, role, email, userName, password) VALUES (139, 'Student', 'michaelshea@navarro-hopkins.biz', 'uhines', ')o#(b9gyRQ6W');
INSERT INTO user (id, role, email, userName, password) VALUES (140, 'Student', 'brittany90@gmail.com', 'paul28', 'H2BBrLVc$(HY');
INSERT INTO user (id, role, email, userName, password) VALUES (141, 'Student', 'conniegarza@dunn.com', 'bettyknox', 'a+FCs^nB@D9S');
INSERT INTO user (id, role, email, userName, password) VALUES (142, 'Advisor', 'judith24@martinez.biz', 'lindaoliver', 'd+U7FkoP5is@');
INSERT INTO user (id, role, email, userName, password) VALUES (143, 'Student', 'janet41@moore.org', 'ycarlson', 'KtQ7PYw38&JT');
INSERT INTO user (id, role, email, userName, password) VALUES (144, 'Student', 'danieltorres@cole.net', 'richard83', 'VelNUK2jDW^8');
INSERT INTO user (id, role, email, userName, password) VALUES (145, 'Student', 'alvarezrobert@dawson.com', 'emiller', 'NfI(7LbYGPTm');
INSERT INTO user (id, role, email, userName, password) VALUES (146, 'Administrator', 'patricia82@miller.com', 'scottmcdonald', 'usfRIVHo2^9S');
INSERT INTO user (id, role, email, userName, password) VALUES (147, 'Student', 'gmoore@yahoo.com', 'qanderson', 'C&3MhtVbIGJn');
INSERT INTO user (id, role, email, userName, password) VALUES (148, 'Administrator', 'burtoncurtis@ford-carter.com', 'christine33', '%fW)Mkt#)99*');
INSERT INTO user (id, role, email, userName, password) VALUES (149, 'Company', 'catherinebarajas@neal.com', 'ustevens', '*pJvEgd6m3o!');
INSERT INTO user (id, role, email, userName, password) VALUES (150, 'Student', 'william11@hotmail.com', 'urobinson', 'ChBFZ9jP_vG8');
INSERT INTO user (id, role, email, userName, password) VALUES (151, 'Student', 'lpark@gmail.com', 'browndominic', 'b%86t$%wLRZ#');
INSERT INTO user (id, role, email, userName, password) VALUES (152, 'Student', 'stephen87@gaines.com', 'laura80', 'd_Fu*D&@(8Db');
INSERT INTO user (id, role, email, userName, password) VALUES (153, 'Student', 'donnataylor@gomez-gonzalez.com', 'shill', '_&zbC)(fc5DU');
INSERT INTO user (id, role, email, userName, password) VALUES (154, 'Student', 'mackjoseph@yahoo.com', 'ronald02', '&y1AvVciJToX');
INSERT INTO user (id, role, email, userName, password) VALUES (155, 'Company', 'jadetravis@yahoo.com', 'ghall', 'kaZPDTnW%k83');
INSERT INTO user (id, role, email, userName, password) VALUES (156, 'Student', 'williamschwartz@yahoo.com', 'olivia61', '*BW2AGeeg^m$');
INSERT INTO user (id, role, email, userName, password) VALUES (157, 'Student', 'hfreeman@yahoo.com', 'lisacampbell', 'e3n*(Fimd+S3');
INSERT INTO user (id, role, email, userName, password) VALUES (158, 'Administrator', 'melissa85@brown.com', 'xmacdonald', '(Ji&5nxdm6ZG');
INSERT INTO user (id, role, email, userName, password) VALUES (159, 'Student', 'paulcole@neal-love.com', 'qjohnson', 'j)M#YUneg5U2');
INSERT INTO user (id, role, email, userName, password) VALUES (160, 'Student', 'richard05@george.com', 'bwall', '%8diLOx^7Or0');
INSERT INTO user (id, role, email, userName, password) VALUES (161, 'Student', 'dsmith@gmail.com', 'garrettmichelle', 'C5M+a78s!wrF');
INSERT INTO user (id, role, email, userName, password) VALUES (162, 'Student', 'jasmine63@gmail.com', 'vpacheco', 'sW7Gpoox(g(+');
INSERT INTO user (id, role, email, userName, password) VALUES (163, 'Student', 'ianderson@anderson-king.com', 'kalvarado', '_KUs14#rt7%#');
INSERT INTO user (id, role, email, userName, password) VALUES (164, 'Student', 'wmason@gmail.com', 'mcconnellstephen', 'pZ7mpjqjc!iJ');
INSERT INTO user (id, role, email, userName, password) VALUES (165, 'Alumnus', 'williamroth@mitchell.com', 'zperkins', 'nYcj6O@d_x4G');
INSERT INTO user (id, role, email, userName, password) VALUES (166, 'Student', 'gregory71@yahoo.com', 'williamorr', '_4N6oVVwhUJw');
INSERT INTO user (id, role, email, userName, password) VALUES (167, 'Alumnus', 'thompsonedward@kennedy.biz', 'kpoole', '!S*8FimCKv$(');
INSERT INTO user (id, role, email, userName, password) VALUES (168, 'Student', 'paulhowell@hotmail.com', 'kmyers', 'k!^15YqZgx@d');
INSERT INTO user (id, role, email, userName, password) VALUES (169, 'Alumnus', 'thomas36@dougherty-mathis.org', 'melody49', 'r0LHh(DDqto+');
INSERT INTO user (id, role, email, userName, password) VALUES (170, 'Administrator', 'patricia36@ortiz.org', 'marshallkatie', 'H_7%MJqrs+B0');
INSERT INTO user (id, role, email, userName, password) VALUES (171, 'Student', 'ebaker@gmail.com', 'howardpamela', '_y)0rOtefDeJ');
INSERT INTO user (id, role, email, userName, password) VALUES (172, 'Student', 'emilyking@hotmail.com', 'schultzjose', '09fvpdrQ!!F1');
INSERT INTO user (id, role, email, userName, password) VALUES (173, 'Student', 'smithwillie@coleman.com', 'hayeswilliam', 'j@3I3GvUjV1&');
INSERT INTO user (id, role, email, userName, password) VALUES (174, 'Student', 'crawfordcatherine@benjamin-francis.com', 'johnsonashley', '78VgJudp$h7k');
INSERT INTO user (id, role, email, userName, password) VALUES (175, 'Company', 'harperkimberly@hotmail.com', 'xmendoza', '!7+WJLGyJg6H');
INSERT INTO user (id, role, email, userName, password) VALUES (176, 'Student', 'eric67@yahoo.com', 'wallen', '$8f9dxdvD2tF');
INSERT INTO user (id, role, email, userName, password) VALUES (177, 'Administrator', 'oroy@marshall.com', 'barbarapatterson', '_41MvSmwoD4T');
INSERT INTO user (id, role, email, userName, password) VALUES (178, 'Student', 'kristen13@yahoo.com', 'rkirby', '7d3(UonWOJFg');
INSERT INTO user (id, role, email, userName, password) VALUES (179, 'Student', 'abarrera@gmail.com', 'adamsutton', 'Q5Nk#ffm+fDV');
INSERT INTO user (id, role, email, userName, password) VALUES (180, 'Student', 'leonardjuan@hotmail.com', 'james93', '_tRxR9y8q2Cl');
INSERT INTO user (id, role, email, userName, password) VALUES (181, 'Advisor', 'ythomas@yahoo.com', 'kathrynmorris', '$kn#S%FwYdE2');
INSERT INTO user (id, role, email, userName, password) VALUES (182, 'Company', 'wheelermelissa@gmail.com', 'brian90', 'e30Fe0@xT@3G');
INSERT INTO user (id, role, email, userName, password) VALUES (183, 'Company', 'lauravalencia@leach-harper.com', 'smithemily', '&o%s9JSgfP!F');
INSERT INTO user (id, role, email, userName, password) VALUES (184, 'Student', 'charlottebradford@hotmail.com', 'erika14', 'M+jYAE5w8b7V');
INSERT INTO user (id, role, email, userName, password) VALUES (185, 'Student', 'murraygreg@keller.net', 'bobbyortega', 'HJP$fJ)7)i3I');
INSERT INTO user (id, role, email, userName, password) VALUES (186, 'Student', 'darellano@yahoo.com', 'brownbrandi', '&)B9paVTlJtQ');
INSERT INTO user (id, role, email, userName, password) VALUES (187, 'Student', 'daniel35@webster.info', 'xstrong', 't8sAjmWs_64R');
INSERT INTO user (id, role, email, userName, password) VALUES (188, 'Student', 'thompsonkelly@yahoo.com', 'brian18', '%$6X3jgqvJLd');
INSERT INTO user (id, role, email, userName, password) VALUES (189, 'Student', 'kmitchell@yahoo.com', 'joseph34', '&*lqcoF#90QN');
INSERT INTO user (id, role, email, userName, password) VALUES (190, 'Student', 'esmith@adams.com', 'billychurch', '#6Z%rtS%HoSZ');
INSERT INTO user (id, role, email, userName, password) VALUES (191, 'Alumnus', 'garrisonfrancisco@burke-davis.com', 'rfleming', '*P52VD+cGnB&');
INSERT INTO user (id, role, email, userName, password) VALUES (192, 'Alumnus', 'carol15@owens.com', 'michaelyork', 'C@#16QVfIeDh');
INSERT INTO user (id, role, email, userName, password) VALUES (193, 'Student', 'mary81@allen-johnson.com', 'hamiltonjessica', 'Dhl%#UxlK@6E');
INSERT INTO user (id, role, email, userName, password) VALUES (194, 'Administrator', 'saralewis@yahoo.com', 'vanessathompson', 'L7c))7_2RuiQ');
INSERT INTO user (id, role, email, userName, password) VALUES (195, 'Company', 'jeffrey69@hotmail.com', 'harpersamantha', 'Y@8DorKeBOC8');
INSERT INTO user (id, role, email, userName, password) VALUES (196, 'Administrator', 'nancy39@hotmail.com', 'hartsonya', 'eR4#in@j8paE');
INSERT INTO user (id, role, email, userName, password) VALUES (197, 'Alumnus', 'mariemason@hotmail.com', 'holly20', '@KDwi8mGw19(');
INSERT INTO user (id, role, email, userName, password) VALUES (198, 'Student', 'bmoses@yahoo.com', 'csmith', 'Mj!T8zEebZx1');
INSERT INTO user (id, role, email, userName, password) VALUES (199, 'Advisor', 'benjamin82@hotmail.com', 'james62', '#6jRMoHQ$FHs');
INSERT INTO user (id, role, email, userName, password) VALUES (200, 'Student', 'jessicabennett@cole.biz', 'lisajohnson', 'U!2FvBgh*smD');
INSERT INTO user (id, role, email, userName, password) VALUES (201, 'Student', 'kelly57@smith.com', 'lhernandez', '0t4mAw*f%lLq');
INSERT INTO user (id, role, email, userName, password) VALUES (202, 'Advisor', 'qrodriguez@cooper.com', 'zhill', 'ydFbRuj4_jv3');
INSERT INTO user (id, role, email, userName, password) VALUES (203, 'Advisor', 'james15@austin-smith.com', 'brandonjohnson', '81Pn_%K@(c)*');
INSERT INTO user (id, role, email, userName, password) VALUES (204, 'Student', 'louismartinez@hotmail.com', 'christensenbrittany', '_9G5WDHfHysZ');
INSERT INTO user (id, role, email, userName, password) VALUES (205, 'Student', 'mboyer@rush.com', 'kristinamitchell', 'IwA7GHfW6&U3');
INSERT INTO user (id, role, email, userName, password) VALUES (206, 'Student', 'powellisaac@gmail.com', 'garydavidson', '!)EqW7Wu8T4v');
INSERT INTO user (id, role, email, userName, password) VALUES (207, 'Student', 'millersamantha@yahoo.com', 'kimberly27', '^mH&j2na5N^H');
INSERT INTO user (id, role, email, userName, password) VALUES (208, 'Student', 'mmeyer@yahoo.com', 'jacquelinecunningham', ')lcBSSt8MY4m');
INSERT INTO user (id, role, email, userName, password) VALUES (209, 'Student', 'jonathanharrison@gmail.com', 'stephanieblevins', 'i7Z5OByzv^%3');
INSERT INTO user (id, role, email, userName, password) VALUES (210, 'Administrator', 'jerome15@smith-davis.info', 'hoodraymond', 'Akk2Kay5c&+D');
INSERT INTO user (id, role, email, userName, password) VALUES (211, 'Student', 'danieljones@marsh.biz', 'waltonlindsay', 'i)OP0$EpgPEN');
INSERT INTO user (id, role, email, userName, password) VALUES (212, 'Student', 'kristenewing@yahoo.com', 'ronald55', 'PC_aIlOQRD51');
INSERT INTO user (id, role, email, userName, password) VALUES (213, 'Student', 'hernandezmatthew@hotmail.com', 'burnsalexis', '@J4G2ZIcStV^');
INSERT INTO user (id, role, email, userName, password) VALUES (214, 'Student', 'rrichardson@smith-edwards.biz', 'marymarks', 'ww9UoJ98X$zL');
INSERT INTO user (id, role, email, userName, password) VALUES (215, 'Student', 'brentthompson@yahoo.com', 'baileyamanda', '&RS5ObFxQ67A');
INSERT INTO user (id, role, email, userName, password) VALUES (216, 'Student', 'llowery@gmail.com', 'rachelfuller', '+D5EtuD!)iZ$');
INSERT INTO user (id, role, email, userName, password) VALUES (217, 'Company', 'gsmith@russell.info', 'richardreyes', '_yXf!atGC5J%');
INSERT INTO user (id, role, email, userName, password) VALUES (218, 'Administrator', 'kelleysheila@yahoo.com', 'ajohnson', 'N4u8VyRo#HDA');
INSERT INTO user (id, role, email, userName, password) VALUES (219, 'Student', 'kimberlywolf@garza.com', 'frankthomas', 'Q(7U6pnwA@qY');
INSERT INTO user (id, role, email, userName, password) VALUES (220, 'Alumnus', 'tanner91@rodriguez.com', 'kelly66', '%(I+8Foga56K');
INSERT INTO user (id, role, email, userName, password) VALUES (221, 'Student', 'michelleperez@hotmail.com', 'jonesstephanie', 'x41cMCflK$r%');
INSERT INTO user (id, role, email, userName, password) VALUES (222, 'Student', 'obanks@lopez.info', 'sullivanroberta', '5$6_N#ZB4tDZ');
INSERT INTO user (id, role, email, userName, password) VALUES (223, 'Student', 'joshua91@yahoo.com', 'charles00', 'Mt8T#3cy!4SO');
INSERT INTO user (id, role, email, userName, password) VALUES (224, 'Student', 'michaelwhite@edwards.com', 'rachelbaker', '3Rye3c7y*tOP');
INSERT INTO user (id, role, email, userName, password) VALUES (225, 'Student', 'suzannepace@yahoo.com', 'smithaustin', 'wTi#xd(p7C4T');
INSERT INTO user (id, role, email, userName, password) VALUES (226, 'Student', 'reynoldsjason@yahoo.com', 'qdiaz', 'mLdE7KgjZG(c');
INSERT INTO user (id, role, email, userName, password) VALUES (227, 'Student', 'paul65@yahoo.com', 'obrewer', '#ZC$LM6rD9BR');
INSERT INTO user (id, role, email, userName, password) VALUES (228, 'Student', 'thernandez@williams.com', 'ppatterson', 'As77wu@iM$Db');
INSERT INTO user (id, role, email, userName, password) VALUES (229, 'Student', 'franklewis@lawrence.com', 'walexander', 'YK%RnRySr69$');
INSERT INTO user (id, role, email, userName, password) VALUES (230, 'Student', 'jimmy33@baker-fowler.com', 'lmiller', 'S#2JoCyk#ML+');
INSERT INTO user (id, role, email, userName, password) VALUES (231, 'Student', 'howellkevin@gmail.com', 'timothy57', 'c^Dm9Pf6^CO4');
INSERT INTO user (id, role, email, userName, password) VALUES (232, 'Alumnus', 'alicia75@phillips-shaw.biz', 'rachelgibson', 'evrPlQKu(Km4');
INSERT INTO user (id, role, email, userName, password) VALUES (233, 'Company', 'scottjames@perry.com', 'maymichael', '+&7vkTnNACM@');
INSERT INTO user (id, role, email, userName, password) VALUES (234, 'Alumnus', 'lynngregory@hotmail.com', 'fpena', 'N@)7hezK$7J&');
INSERT INTO user (id, role, email, userName, password) VALUES (235, 'Alumnus', 'eroberts@gmail.com', 'marknelson', '$5o(OMNBihX2');
INSERT INTO user (id, role, email, userName, password) VALUES (236, 'Student', 'stevenphillips@wilson.com', 'patrickphillip', '*4tmLA43loQe');
INSERT INTO user (id, role, email, userName, password) VALUES (237, 'Student', 'janice56@gmail.com', 'zjones', '3B%H+se^(SZc');
INSERT INTO user (id, role, email, userName, password) VALUES (238, 'Student', 'grahameric@hotmail.com', 'umorris', 'G3WGrhyaY&$g');
INSERT INTO user (id, role, email, userName, password) VALUES (239, 'Student', 'davidcarter@yahoo.com', 'madisonvasquez', '1S0WDCh$Z+6q');
INSERT INTO user (id, role, email, userName, password) VALUES (240, 'Student', 'jeffery48@leon.com', 'rogersjesus', 'fl(33Aka@_NS');
INSERT INTO user (id, role, email, userName, password) VALUES (241, 'Student', 'norrislindsey@hays.info', 'washingtoneduardo', '!S+Uohxci2Q7');
INSERT INTO user (id, role, email, userName, password) VALUES (242, 'Student', 'osbornnancy@gmail.com', 'veronicaoneill', 'Dx4Ro+7%!Ej$');
INSERT INTO user (id, role, email, userName, password) VALUES (243, 'Student', 'ravenmorgan@larsen-dalton.biz', 'cruzkevin', '@xGQyl0B!8!k');
INSERT INTO user (id, role, email, userName, password) VALUES (244, 'Company', 'mariaconley@gmail.com', 'obauer', '#FXrPAO23s9C');
INSERT INTO user (id, role, email, userName, password) VALUES (245, 'Student', 'wesleyjohnson@gmail.com', 'matthew18', 'h!4XCvs)1(Q0');
INSERT INTO user (id, role, email, userName, password) VALUES (246, 'Student', 'april11@wright.biz', 'herrerajudy', ')lYCnNz_T2#g');
INSERT INTO user (id, role, email, userName, password) VALUES (247, 'Student', 'lorimendoza@sandoval.biz', 'liutimothy', '6x$y1UqJ*ltQ');
INSERT INTO user (id, role, email, userName, password) VALUES (248, 'Student', 'xrowe@aguirre.info', 'omcguire', 'S4l5CNw)ry^!');
INSERT INTO user (id, role, email, userName, password) VALUES (249, 'Student', 'john90@rios.biz', 'hclay', 'gY_2$WaO$(wf');
INSERT INTO user (id, role, email, userName, password) VALUES (250, 'Alumnus', 'thomasdominic@yahoo.com', 'mendozacheryl', 'L$j%0UMlh@+j');
INSERT INTO user (id, role, email, userName, password) VALUES (251, 'Student', 'robert26@perez.com', 'znicholson', 'BX2Nxz4UtT(q');
INSERT INTO user (id, role, email, userName, password) VALUES (252, 'Student', 'jenniferlee@little.biz', 'dcruz', '7KTAdcs)!gE2');
INSERT INTO user (id, role, email, userName, password) VALUES (253, 'Alumnus', 'iperkins@cross.com', 'roberta59', '9_*(YBge@5R)');
INSERT INTO user (id, role, email, userName, password) VALUES (254, 'Student', 'schmidtgeorge@ferrell-mclaughlin.biz', 'john48', 'L^_1ViZd8uK5');
INSERT INTO user (id, role, email, userName, password) VALUES (255, 'Student', 'james92@coleman-pierce.com', 'thompsoncalvin', 'pn!^MQynS^8C');
INSERT INTO user (id, role, email, userName, password) VALUES (256, 'Student', 'xwilson@gmail.com', 'jeremy20', 'g4sIRnE2_0h3');
INSERT INTO user (id, role, email, userName, password) VALUES (257, 'Alumnus', 'chapmanwilliam@yahoo.com', 'kevin13', '^!0YohKQEVl7');
INSERT INTO user (id, role, email, userName, password) VALUES (258, 'Student', 'laurathompson@yahoo.com', 'jholmes', 'IMZO8KeOcVr&');
INSERT INTO user (id, role, email, userName, password) VALUES (259, 'Student', 'rturner@yang.com', 'steventownsend', 'VFvi4Ezcm1*8');
INSERT INTO user (id, role, email, userName, password) VALUES (260, 'Student', 'laurenlopez@lynch.info', 'robbinsstephanie', 'KfFe0cpq%5BW');
INSERT INTO user (id, role, email, userName, password) VALUES (261, 'Student', 'brian36@bailey.com', 'wbowman', '@NgWeS%q&2s4');
INSERT INTO user (id, role, email, userName, password) VALUES (262, 'Student', 'ewaters@yahoo.com', 'michaelbuck', 'TygO4VqC1M!%');
INSERT INTO user (id, role, email, userName, password) VALUES (263, 'Student', 'megan45@carroll-smith.com', 'jerry55', 'U7R+wYc!_GRz');
INSERT INTO user (id, role, email, userName, password) VALUES (264, 'Student', 'john45@hotmail.com', 'martinezmonica', 'BtSq9U$avy*%');
INSERT INTO user (id, role, email, userName, password) VALUES (265, 'Administrator', 'savagetristan@gmail.com', 'pduffy', 'M#hAZcwQ@(f6');
INSERT INTO user (id, role, email, userName, password) VALUES (266, 'Student', 'dana08@best-garza.com', 'saradaniels', 'L*NdLJ@zwx6$');
INSERT INTO user (id, role, email, userName, password) VALUES (267, 'Student', 'murphykatherine@hotmail.com', 'alexandriahouston', '$svJFf9rD9qm');
INSERT INTO user (id, role, email, userName, password) VALUES (268, 'Student', 'brittanystewart@morales-townsend.info', 'davisjeffery', '*lDWjWD#(%37');
INSERT INTO user (id, role, email, userName, password) VALUES (269, 'Alumnus', 'kbuckley@lee.com', 'johndelacruz', '@mg13QmOM^hK');
INSERT INTO user (id, role, email, userName, password) VALUES (270, 'Student', 'kevinphelps@hotmail.com', 'bgalloway', '*USkSZs3z9!i');
INSERT INTO user (id, role, email, userName, password) VALUES (271, 'Advisor', 'jaredvance@nguyen.net', 'michaelmiller', '9g!GLDXl5UN8');
INSERT INTO user (id, role, email, userName, password) VALUES (272, 'Student', 'savannah49@yahoo.com', 'rossryan', '2^RBU4Et$7f$');
INSERT INTO user (id, role, email, userName, password) VALUES (273, 'Student', 'alexanderisaac@gmail.com', 'timothy56', '1+nZcHA&^2(M');
INSERT INTO user (id, role, email, userName, password) VALUES (274, 'Student', 'collinsmaria@myers.com', 'kristenramirez', '@tZ&(@oV^m4#');
INSERT INTO user (id, role, email, userName, password) VALUES (275, 'Student', 'daniel25@yahoo.com', 'mjimenez', 'l$2YVYcj1GW3');
INSERT INTO user (id, role, email, userName, password) VALUES (276, 'Student', 'chadlewis@montgomery-wallace.biz', 'ujames', 'o)8TqyNeyLVW');
INSERT INTO user (id, role, email, userName, password) VALUES (277, 'Administrator', 'kklein@thomas.com', 'radams', 'VR6@FgNw!z(q');
INSERT INTO user (id, role, email, userName, password) VALUES (278, 'Student', 'lharper@yahoo.com', 'atkinsalexander', '!#e5r2NmXTWc');
INSERT INTO user (id, role, email, userName, password) VALUES (279, 'Company', 'amy21@morris-molina.info', 'cathy71', 'W^2oV1sm)GA4');
INSERT INTO user (id, role, email, userName, password) VALUES (280, 'Student', 'kelleystacy@davis-cooke.com', 'emilywilliams', 'O28Ul4JgT!H7');
INSERT INTO user (id, role, email, userName, password) VALUES (281, 'Student', 'steven08@scott.com', 'charlesthompson', '#@OKjz*F!3nm');
INSERT INTO user (id, role, email, userName, password) VALUES (282, 'Student', 'anagross@gmail.com', 'jason06', 'Fw3RPgnY(RSA');
INSERT INTO user (id, role, email, userName, password) VALUES (283, 'Student', 'jessica90@keller-hicks.info', 'shaungordon', 'Z$)!5$+n&9Li');
INSERT INTO user (id, role, email, userName, password) VALUES (284, 'Student', 'darrylyoung@hotmail.com', 'tracymoody', 'Tn+MxspS#7CF');
INSERT INTO user (id, role, email, userName, password) VALUES (285, 'Student', 'crystalbright@moore.net', 'jasmine40', '&6tyv(@k7KKi');
INSERT INTO user (id, role, email, userName, password) VALUES (286, 'Alumnus', 'mcline@yahoo.com', 'qnelson', '*A0g^tfM)nQV');
INSERT INTO user (id, role, email, userName, password) VALUES (287, 'Student', 'juanadkins@yahoo.com', 'boydisaac', '!iuOBqq_BM0w');
INSERT INTO user (id, role, email, userName, password) VALUES (288, 'Administrator', 'larsonjasmine@powell-jackson.com', 'melissa05', 'C5ar$Jee_sCs');
INSERT INTO user (id, role, email, userName, password) VALUES (289, 'Alumnus', 'ygonzalez@yahoo.com', 'cschultz', '_h43dMu1542J');
INSERT INTO user (id, role, email, userName, password) VALUES (290, 'Student', 'garnerbrandon@gmail.com', 'hogankimberly', '!zWm&0FSf0lY');
INSERT INTO user (id, role, email, userName, password) VALUES (291, 'Student', 'jbrooks@gmail.com', 'brandon18', '!qvOlrd9#6VP');
INSERT INTO user (id, role, email, userName, password) VALUES (292, 'Student', 'andre18@hotmail.com', 'patrick11', 'hv4ATnnn7*W6');
INSERT INTO user (id, role, email, userName, password) VALUES (293, 'Student', 'marytorres@ward.com', 'coryolson', '*MPv1rGcr*NI');
INSERT INTO user (id, role, email, userName, password) VALUES (294, 'Student', 'wendymccoy@drake.com', 'williamarmstrong', '+2KpdRHm64Oq');
INSERT INTO user (id, role, email, userName, password) VALUES (295, 'Alumnus', 'tiffany46@richardson.info', 'zoe66', '%o1APLcloTK7');
INSERT INTO user (id, role, email, userName, password) VALUES (296, 'Student', 'hamiltonheather@white-alexander.com', 'uknight', 'mT(eCvt7*&P7');
INSERT INTO user (id, role, email, userName, password) VALUES (297, 'Student', 'sabrina88@hotmail.com', 'mariamorrison', '12dzUpqE$mFi');
INSERT INTO user (id, role, email, userName, password) VALUES (298, 'Alumnus', 'leah98@gmail.com', 'phillip38', 'p+CFgEGK_S9m');
INSERT INTO user (id, role, email, userName, password) VALUES (299, 'Student', 'stantonsusan@knox.net', 'xcisneros', '%zWqI$#smB5h');
INSERT INTO user (id, role, email, userName, password) VALUES (300, 'Student', 'shawncraig@yahoo.com', 'keithlopez', '53VReiRy(JOW');


INSERT INTO administrator (id, salary, firstName, lastName, startDate) VALUES (16, 78541, 'Brittany', 'Brown', '2024-11-28');
INSERT INTO administrator (id, salary, firstName, lastName, startDate) VALUES (84, 73881, 'Melanie', 'Cunningham', '2024-07-01');
INSERT INTO administrator (id, salary, firstName, lastName, startDate) VALUES (87, 76168, 'Lisa', 'Gray', '2023-09-18');
INSERT INTO administrator (id, salary, firstName, lastName, startDate) VALUES (124, 73313, 'David', 'Morgan', '2024-08-24');
INSERT INTO administrator (id, salary, firstName, lastName, startDate) VALUES (146, 75779, 'Allison', 'Hobbs', '2024-06-30');
INSERT INTO administrator (id, salary, firstName, lastName, startDate) VALUES (148, 67155, 'David', 'Curry', '2023-12-01');
INSERT INTO administrator (id, salary, firstName, lastName, startDate) VALUES (158, 66051, 'Hannah', 'Vargas', '2023-02-25');
INSERT INTO administrator (id, salary, firstName, lastName, startDate) VALUES (170, 68085, 'Timothy', 'Hartman', '2023-06-03');
INSERT INTO administrator (id, salary, firstName, lastName, startDate) VALUES (177, 68775, 'Elizabeth', 'Callahan', '2023-04-10');
INSERT INTO administrator (id, salary, firstName, lastName, startDate) VALUES (194, 68554, 'Aaron', 'Steele', '2023-03-07');
INSERT INTO administrator (id, salary, firstName, lastName, startDate) VALUES (196, 73154, 'Kelly', 'Meyer', '2023-10-07');
INSERT INTO administrator (id, salary, firstName, lastName, startDate) VALUES (210, 73759, 'Robert', 'Larson', '2023-08-05');
INSERT INTO administrator (id, salary, firstName, lastName, startDate) VALUES (218, 72895, 'Christina', 'Tran', '2024-07-25');
INSERT INTO administrator (id, salary, firstName, lastName, startDate) VALUES (265, 74005, 'Anna', 'Jackson', '2023-03-17');
INSERT INTO administrator (id, salary, firstName, lastName, startDate) VALUES (277, 76214, 'Scott', 'Garcia', '2024-07-30');
INSERT INTO administrator (id, salary, firstName, lastName, startDate) VALUES (288, 71051, 'Sheryl', 'Maldonado', '2023-07-17');

INSERT INTO advisor (id, firstName, lastName) VALUES (41, 'Jennifer', 'Hughes');
INSERT INTO advisor (id, firstName, lastName) VALUES (56, 'Joshua', 'Williams');
INSERT INTO advisor (id, firstName, lastName) VALUES (61, 'Miguel', 'Fischer');
INSERT INTO advisor (id, firstName, lastName) VALUES (95, 'Richard', 'Hendricks');
INSERT INTO advisor (id, firstName, lastName) VALUES (142, 'Marc', 'Johnson');
INSERT INTO advisor (id, firstName, lastName) VALUES (181, 'Judy', 'Rice');
INSERT INTO advisor (id, firstName, lastName) VALUES (199, 'Christopher', 'Werner');
INSERT INTO advisor (id, firstName, lastName) VALUES (202, 'Collin', 'Stewart');
INSERT INTO advisor (id, firstName, lastName) VALUES (203, 'Adam', 'Jones');
INSERT INTO advisor (id, firstName, lastName) VALUES (271, 'Stephanie', 'Bright');
INSERT INTO advisor (id, firstName, lastName) VALUES (327, 'Breanna', 'Costa');
INSERT INTO advisor (id, firstName, lastName) VALUES (328, 'James', 'Little');
INSERT INTO advisor (id, firstName, lastName) VALUES (329, 'Stephen', 'Decker');
INSERT INTO advisor (id, firstName, lastName) VALUES (330, 'Jorge', 'Price');
INSERT INTO advisor (id, firstName, lastName) VALUES (331, 'Anthony', 'Morris');

INSERT INTO student (id, firstName, lastName, bio, resume, major, minor, gpa, advisorID) VALUES (2, 'Kristy', 'Hunt', 'Bio of Kristy Hunt', 'Resume of Kristy Hunt', 'Computer Science', 'Math', 3.96, 251);
INSERT INTO student (id, firstName, lastName, bio, resume, major, minor, gpa, advisorID) VALUES (3, 'Erik', 'Lewis', 'Bio of Erik Lewis', 'Resume of Erik Lewis', 'Physics', 'Physics', 2.89, 315);
INSERT INTO student (id, firstName, lastName, bio, resume, major, minor, gpa, advisorID) VALUES (6, 'Brian', 'Becker', 'Bio of Brian Becker', 'Resume of Brian Becker', 'Biology', NULL, 2.52, 314);
INSERT INTO student (id, firstName, lastName, bio, resume, major, minor, gpa, advisorID) VALUES (7, 'Sharon', 'Thompson', 'Bio of Sharon Thompson', 'Resume of Sharon Thompson', 'Mathematics', NULL, 3.77, 155);
INSERT INTO student (id, firstName, lastName, bio, resume, major, minor, gpa, advisorID) VALUES (8, 'Christine', 'Gaines', 'Bio of Christine Gaines', 'Resume of Christine Gaines', 'Physics', 'Literature', 2.73, 17);
INSERT INTO student (id, firstName, lastName, bio, resume, major, minor, gpa, advisorID) VALUES (12, 'Cody', 'Garcia', 'Bio of Cody Garcia', 'Resume of Cody Garcia', 'Chemistry', 'Chemistry', 2.28, 54);
INSERT INTO student (id, firstName, lastName, bio, resume, major, minor, gpa, advisorID) VALUES (13, 'Michael', 'White', 'Bio of Michael White', 'Resume of Michael White', 'Physics', 'Literature', 3.37, 174);
INSERT INTO student (id, firstName, lastName, bio, resume, major, minor, gpa, advisorID) VALUES (14, 'Martin', 'Craig', 'Bio of Martin Craig', 'Resume of Martin Craig', 'Biology', NULL, 3.9, 174);
INSERT INTO student (id, firstName, lastName, bio, resume, major, minor, gpa, advisorID) VALUES (15, 'Amy', 'Lucas', 'Bio of Amy Lucas', 'Resume of Amy Lucas', 'Biology', 'Chemistry', 3.09, 315);
INSERT INTO student (id, firstName, lastName, bio, resume, major, minor, gpa, advisorID) VALUES (16, 'Brandon', 'Rosales', 'Bio of Brandon Rosales', 'Resume of Brandon Rosales', 'Computer Science', 'Chemistry', 3.76, 155);
INSERT INTO student (id, firstName, lastName, bio, resume, major, minor, gpa, advisorID) VALUES (18, 'Willie', 'Castillo', 'Bio of Willie Castillo', 'Resume of Willie Castillo', 'Chemistry', 'Literature', 2.9, 114);
INSERT INTO student (id, firstName, lastName, bio, resume, major, minor, gpa, advisorID) VALUES (19, 'Erin', 'Thomas', 'Bio of Erin Thomas', 'Resume of Erin Thomas', 'Mathematics', 'Literature', 3.66, 251);
INSERT INTO student (id, firstName, lastName, bio, resume, major, minor, gpa, advisorID) VALUES (20, 'Robert', 'Suarez', 'Bio of Robert Suarez', 'Resume of Robert Suarez', 'Chemistry', 'Physics', 2.06, 315);
INSERT INTO student (id, firstName, lastName, bio, resume, major, minor, gpa, advisorID) VALUES (21, 'David', 'Mitchell', 'Bio of David Mitchell', 'Resume of David Mitchell', 'Mathematics', 'Math', 3.06, 258);
INSERT INTO student (id, firstName, lastName, bio, resume, major, minor, gpa, advisorID) VALUES (23, 'Drew', 'Harris', 'Bio of Drew Harris', 'Resume of Drew Harris', 'Engineering', 'Literature', 2.67, 156);
INSERT INTO student (id, firstName, lastName, bio, resume, major, minor, gpa, advisorID) VALUES (24, 'Michelle', 'Cox', 'Bio of Michelle Cox', 'Resume of Michelle Cox', 'Chemistry', 'Literature', 3.23, 258);
INSERT INTO student (id, firstName, lastName, bio, resume, major, minor, gpa, advisorID) VALUES (25, 'David', 'Harris', 'Bio of David Harris', 'Resume of David Harris', 'Physics', 'Chemistry', 3.41, 54);
INSERT INTO student (id, firstName, lastName, bio, resume, major, minor, gpa, advisorID) VALUES (26, 'Tonya', 'Mccall', 'Bio of Tonya Mccall', 'Resume of Tonya Mccall', 'Mathematics', 'Chemistry', 3.11, 156);
INSERT INTO student (id, firstName, lastName, bio, resume, major, minor, gpa, advisorID) VALUES (28, 'Yesenia', 'Wells', 'Bio of Yesenia Wells', 'Resume of Yesenia Wells', 'Chemistry', 'Chemistry', 3.28, 271);
INSERT INTO student (id, firstName, lastName, bio, resume, major, minor, gpa, advisorID) VALUES (29, 'Anthony', 'White', 'Bio of Anthony White', 'Resume of Anthony White', 'Biology', 'Literature', 2.43, 54);
INSERT INTO student (id, firstName, lastName, bio, resume, major, minor, gpa, advisorID) VALUES (30, 'Anthony', 'Nelson', 'Bio of Anthony Nelson', 'Resume of Anthony Nelson', 'Chemistry', 'Literature', 2.68, 251);
INSERT INTO student (id, firstName, lastName, bio, resume, major, minor, gpa, advisorID) VALUES (33, 'Carrie', 'Callahan', 'Bio of Carrie Callahan', 'Resume of Carrie Callahan', 'Physics', 'Math', 3.41, 162);
INSERT INTO student (id, firstName, lastName, bio, resume, major, minor, gpa, advisorID) VALUES (36, 'Travis', 'Washington', 'Bio of Travis Washington', 'Resume of Travis Washington', 'Biology', 'Literature', 2.24, 314);
INSERT INTO student (id, firstName, lastName, bio, resume, major, minor, gpa, advisorID) VALUES (38, 'Cheryl', 'Dean', 'Bio of Cheryl Dean', 'Resume of Cheryl Dean', 'Engineering', NULL, 3.42, 162);
INSERT INTO student (id, firstName, lastName, bio, resume, major, minor, gpa, advisorID) VALUES (41, 'Michael', 'Sparks', 'Bio of Michael Sparks', 'Resume of Michael Sparks', 'Mathematics', 'Physics', 3.87, 1);
INSERT INTO student (id, firstName, lastName, bio, resume, major, minor, gpa, advisorID) VALUES (42, 'Kent', 'Jones', 'Bio of Kent Jones', 'Resume of Kent Jones', 'Mathematics', 'Chemistry', 3.02, 251);
INSERT INTO student (id, firstName, lastName, bio, resume, major, minor, gpa, advisorID) VALUES (43, 'Lorraine', 'Stout', 'Bio of Lorraine Stout', 'Resume of Lorraine Stout', 'Computer Science', 'Physics', 3.76, 315);
INSERT INTO student (id, firstName, lastName, bio, resume, major, minor, gpa, advisorID) VALUES (44, 'Ronald', 'Henry', 'Bio of Ronald Henry', 'Resume of Ronald Henry', 'Biology', 'Math', 2.23, 258);
INSERT INTO student (id, firstName, lastName, bio, resume, major, minor, gpa, advisorID) VALUES (45, 'Robert', 'Jones', 'Bio of Robert Jones', 'Resume of Robert Jones', 'Biology', 'Physics', 3.5, 174);
INSERT INTO student (id, firstName, lastName, bio, resume, major, minor, gpa, advisorID) VALUES (46, 'Brittany', 'Simpson', 'Bio of Brittany Simpson', 'Resume of Brittany Simpson', 'Engineering', NULL, 2.15, 155);
INSERT INTO student (id, firstName, lastName, bio, resume, major, minor, gpa, advisorID) VALUES (47, 'Nathan', 'Moore', 'Bio of Nathan Moore', 'Resume of Nathan Moore', 'Engineering', 'Literature', 2.39, 171);
INSERT INTO student (id, firstName, lastName, bio, resume, major, minor, gpa, advisorID) VALUES (48, 'Emily', 'Barrett', 'Bio of Emily Barrett', 'Resume of Emily Barrett', 'Chemistry', 'Chemistry', 2.51, 114);
INSERT INTO student (id, firstName, lastName, bio, resume, major, minor, gpa, advisorID) VALUES (49, 'Michael', 'Fox', 'Bio of Michael Fox', 'Resume of Michael Fox', 'Mathematics', NULL, 2.46, 271);
INSERT INTO student (id, firstName, lastName, bio, resume, major, minor, gpa, advisorID) VALUES (50, 'Brad', 'Travis', 'Bio of Brad Travis', 'Resume of Brad Travis', 'Engineering', 'Literature', 2.89, 315);
INSERT INTO student (id, firstName, lastName, bio, resume, major, minor, gpa, advisorID) VALUES (53, 'Barry', 'Singh', 'Bio of Barry Singh', 'Resume of Barry Singh', 'Engineering', 'Literature', 2.1, 315);
INSERT INTO student (id, firstName, lastName, bio, resume, major, minor, gpa, advisorID) VALUES (55, 'Thomas', 'Reid', 'Bio of Thomas Reid', 'Resume of Thomas Reid', 'Biology', 'Literature', 3.88, 1);
INSERT INTO student (id, firstName, lastName, bio, resume, major, minor, gpa, advisorID) VALUES (56, 'Jane', 'Parker', 'Bio of Jane Parker', 'Resume of Jane Parker', 'Biology', 'Physics', 2.99, 237);
INSERT INTO student (id, firstName, lastName, bio, resume, major, minor, gpa, advisorID) VALUES (57, 'Lindsay', 'Smith', 'Bio of Lindsay Smith', 'Resume of Lindsay Smith', 'Physics', 'Physics', 3.66, 155);
INSERT INTO student (id, firstName, lastName, bio, resume, major, minor, gpa, advisorID) VALUES (58, 'James', 'Gomez', 'Bio of James Gomez', 'Resume of James Gomez', 'Mathematics', 'Math', 3.52, 314);
INSERT INTO student (id, firstName, lastName, bio, resume, major, minor, gpa, advisorID) VALUES (60, 'Karen', 'Bailey', 'Bio of Karen Bailey', 'Resume of Karen Bailey', 'Engineering', NULL, 3.06, 315);
INSERT INTO student (id, firstName, lastName, bio, resume, major, minor, gpa, advisorID) VALUES (63, 'Angela', 'Jackson', 'Bio of Angela Jackson', 'Resume of Angela Jackson', 'Biology', 'Math', 2.98, 174);
INSERT INTO student (id, firstName, lastName, bio, resume, major, minor, gpa, advisorID) VALUES (64, 'Michele', 'Turner', 'Bio of Michele Turner', 'Resume of Michele Turner', 'Engineering', 'Chemistry', 2.46, 271);
INSERT INTO student (id, firstName, lastName, bio, resume, major, minor, gpa, advisorID) VALUES (67, 'Vanessa', 'Robertson', 'Bio of Vanessa Robertson', 'Resume of Vanessa Robertson', 'Mathematics', 'Chemistry', 3.47, 314);
INSERT INTO student (id, firstName, lastName, bio, resume, major, minor, gpa, advisorID) VALUES (68, 'Erin', 'Berry', 'Bio of Erin Berry', 'Resume of Erin Berry', 'Biology', 'Math', 3.4, 315);
INSERT INTO student (id, firstName, lastName, bio, resume, major, minor, gpa, advisorID) VALUES (69, 'William', 'Franco', 'Bio of William Franco', 'Resume of William Franco', 'Mathematics', 'Physics', 2.59, 1);
INSERT INTO student (id, firstName, lastName, bio, resume, major, minor, gpa, advisorID) VALUES (70, 'Kurt', 'Sawyer', 'Bio of Kurt Sawyer', 'Resume of Kurt Sawyer', 'Computer Science', 'Chemistry', 3.51, 271);
INSERT INTO student (id, firstName, lastName, bio, resume, major, minor, gpa, advisorID) VALUES (71, 'Timothy', 'Avila', 'Bio of Timothy Avila', 'Resume of Timothy Avila', 'Mathematics', 'Physics', 3.67, 54);
INSERT INTO student (id, firstName, lastName, bio, resume, major, minor, gpa, advisorID) VALUES (72, 'Alicia', 'Burns', 'Bio of Alicia Burns', 'Resume of Alicia Burns', 'Engineering', 'Chemistry', 3.74, 155);
INSERT INTO student (id, firstName, lastName, bio, resume, major, minor, gpa, advisorID) VALUES (73, 'Robert', 'Sanchez', 'Bio of Robert Sanchez', 'Resume of Robert Sanchez', 'Engineering', 'Literature', 3.41, 1);
INSERT INTO student (id, firstName, lastName, bio, resume, major, minor, gpa, advisorID) VALUES (74, 'Leroy', 'Cox', 'Bio of Leroy Cox', 'Resume of Leroy Cox', 'Computer Science', 'Physics', 3.53, 155);
INSERT INTO student (id, firstName, lastName, bio, resume, major, minor, gpa, advisorID) VALUES (75, 'Bryan', 'Edwards', 'Bio of Bryan Edwards', 'Resume of Bryan Edwards', 'Chemistry', NULL, 2.58, 174);
INSERT INTO student (id, firstName, lastName, bio, resume, major, minor, gpa, advisorID) VALUES (76, 'Nicholas', 'Osborne', 'Bio of Nicholas Osborne', 'Resume of Nicholas Osborne', 'Chemistry', 'Literature', 2.35, 155);
INSERT INTO student (id, firstName, lastName, bio, resume, major, minor, gpa, advisorID) VALUES (77, 'Ashley', 'Drake', 'Bio of Ashley Drake', 'Resume of Ashley Drake', 'Computer Science', 'Chemistry', 2.92, 237);
INSERT INTO student (id, firstName, lastName, bio, resume, major, minor, gpa, advisorID) VALUES (79, 'James', 'Harper', 'Bio of James Harper', 'Resume of James Harper', 'Engineering', 'Math', 3.14, 237);
INSERT INTO student (id, firstName, lastName, bio, resume, major, minor, gpa, advisorID) VALUES (81, 'Phillip', 'Ford', 'Bio of Phillip Ford', 'Resume of Phillip Ford', 'Engineering', NULL, 2.41, 1);
INSERT INTO student (id, firstName, lastName, bio, resume, major, minor, gpa, advisorID) VALUES (83, 'Christopher', 'Robinson', 'Bio of Christopher Robinson', 'Resume of Christopher Robinson', 'Mathematics', 'Chemistry', 2.0, 271);
INSERT INTO student (id, firstName, lastName, bio, resume, major, minor, gpa, advisorID) VALUES (84, 'John', 'Elliott', 'Bio of John Elliott', 'Resume of John Elliott', 'Computer Science', 'Chemistry', 2.7, 162);
INSERT INTO student (id, firstName, lastName, bio, resume, major, minor, gpa, advisorID) VALUES (85, 'Michelle', 'Phillips', 'Bio of Michelle Phillips', 'Resume of Michelle Phillips', 'Chemistry', NULL, 2.2, 315);
INSERT INTO student (id, firstName, lastName, bio, resume, major, minor, gpa, advisorID) VALUES (87, 'Cassandra', 'Curtis', 'Bio of Cassandra Curtis', 'Resume of Cassandra Curtis', 'Physics', NULL, 3.38, 114);
INSERT INTO student (id, firstName, lastName, bio, resume, major, minor, gpa, advisorID) VALUES (89, 'Stephen', 'Arnold', 'Bio of Stephen Arnold', 'Resume of Stephen Arnold', 'Chemistry', NULL, 3.6, 54);
INSERT INTO student (id, firstName, lastName, bio, resume, major, minor, gpa, advisorID) VALUES (90, 'James', 'Fitzpatrick', 'Bio of James Fitzpatrick', 'Resume of James Fitzpatrick', 'Computer Science', NULL, 2.21, 315);
INSERT INTO student (id, firstName, lastName, bio, resume, major, minor, gpa, advisorID) VALUES (91, 'Brendan', 'Bradley', 'Bio of Brendan Bradley', 'Resume of Brendan Bradley', 'Chemistry', NULL, 2.61, 54);
INSERT INTO student (id, firstName, lastName, bio, resume, major, minor, gpa, advisorID) VALUES (92, 'Stacy', 'Rodriguez', 'Bio of Stacy Rodriguez', 'Resume of Stacy Rodriguez', 'Computer Science', 'Chemistry', 3.66, 315);
INSERT INTO student (id, firstName, lastName, bio, resume, major, minor, gpa, advisorID) VALUES (93, 'Lauren', 'Spears', 'Bio of Lauren Spears', 'Resume of Lauren Spears', 'Physics', NULL, 2.81, 171);
INSERT INTO student (id, firstName, lastName, bio, resume, major, minor, gpa, advisorID) VALUES (94, 'Timothy', 'Greene', 'Bio of Timothy Greene', 'Resume of Timothy Greene', 'Physics', 'Literature', 3.49, 171);
INSERT INTO student (id, firstName, lastName, bio, resume, major, minor, gpa, advisorID) VALUES (95, 'Mary', 'Rivera', 'Bio of Mary Rivera', 'Resume of Mary Rivera', 'Physics', NULL, 2.2, 17);
INSERT INTO student (id, firstName, lastName, bio, resume, major, minor, gpa, advisorID) VALUES (97, 'David', 'Baker', 'Bio of David Baker', 'Resume of David Baker', 'Physics', 'Literature', 3.42, 314);
INSERT INTO student (id, firstName, lastName, bio, resume, major, minor, gpa, advisorID) VALUES (98, 'Colleen', 'Jones', 'Bio of Colleen Jones', 'Resume of Colleen Jones', 'Engineering', 'Literature', 3.17, 251);
INSERT INTO student (id, firstName, lastName, bio, resume, major, minor, gpa, advisorID) VALUES (99, 'Angela', 'Ramirez', 'Bio of Angela Ramirez', 'Resume of Angela Ramirez', 'Physics', 'Literature', 3.87, 114);
INSERT INTO student (id, firstName, lastName, bio, resume, major, minor, gpa, advisorID) VALUES (100, 'Jonathan', 'Sanchez', 'Bio of Jonathan Sanchez', 'Resume of Jonathan Sanchez', 'Biology', 'Chemistry', 2.23, 1);
INSERT INTO student (id, firstName, lastName, bio, resume, major, minor, gpa, advisorID) VALUES (101, 'Jennifer', 'Garner', 'Bio of Jennifer Garner', 'Resume of Jennifer Garner', 'Engineering', 'Chemistry', 2.8, 258);
INSERT INTO student (id, firstName, lastName, bio, resume, major, minor, gpa, advisorID) VALUES (104, 'Teresa', 'Carter', 'Bio of Teresa Carter', 'Resume of Teresa Carter', 'Chemistry', NULL, 2.76, 174);
INSERT INTO student (id, firstName, lastName, bio, resume, major, minor, gpa, advisorID) VALUES (105, 'Jeffrey', 'Freeman', 'Bio of Jeffrey Freeman', 'Resume of Jeffrey Freeman', 'Mathematics', 'Physics', 3.04, 171);
INSERT INTO student (id, firstName, lastName, bio, resume, major, minor, gpa, advisorID) VALUES (106, 'John', 'Moore', 'Bio of John Moore', 'Resume of John Moore', 'Computer Science', 'Physics', 2.75, 237);
INSERT INTO student (id, firstName, lastName, bio, resume, major, minor, gpa, advisorID) VALUES (109, 'Corey', 'Rice', 'Bio of Corey Rice', 'Resume of Corey Rice', 'Computer Science', 'Chemistry', 3.76, 315);
INSERT INTO student (id, firstName, lastName, bio, resume, major, minor, gpa, advisorID) VALUES (110, 'Lori', 'Frey', 'Bio of Lori Frey', 'Resume of Lori Frey', 'Mathematics', 'Literature', 3.78, 17);
INSERT INTO student (id, firstName, lastName, bio, resume, major, minor, gpa, advisorID) VALUES (111, 'Penny', 'Lopez', 'Bio of Penny Lopez', 'Resume of Penny Lopez', 'Engineering', NULL, 2.73, 258);
INSERT INTO student (id, firstName, lastName, bio, resume, major, minor, gpa, advisorID) VALUES (112, 'Steven', 'Mitchell', 'Bio of Steven Mitchell', 'Resume of Steven Mitchell', 'Engineering', 'Math', 2.91, 258);
INSERT INTO student (id, firstName, lastName, bio, resume, major, minor, gpa, advisorID) VALUES (113, 'Alexandra', 'Flores', 'Bio of Alexandra Flores', 'Resume of Alexandra Flores', 'Physics', 'Physics', 3.48, 271);
INSERT INTO student (id, firstName, lastName, bio, resume, major, minor, gpa, advisorID) VALUES (115, 'Katie', 'Haynes', 'Bio of Katie Haynes', 'Resume of Katie Haynes', 'Biology', 'Math', 3.73, 171);
INSERT INTO student (id, firstName, lastName, bio, resume, major, minor, gpa, advisorID) VALUES (116, 'Jennifer', 'Davis', 'Bio of Jennifer Davis', 'Resume of Jennifer Davis', 'Computer Science', 'Math', 3.0, 17);
INSERT INTO student (id, firstName, lastName, bio, resume, major, minor, gpa, advisorID) VALUES (118, 'Joel', 'Bailey', 'Bio of Joel Bailey', 'Resume of Joel Bailey', 'Physics', 'Chemistry', 3.68, 315);
INSERT INTO student (id, firstName, lastName, bio, resume, major, minor, gpa, advisorID) VALUES (120, 'Wesley', 'Allen', 'Bio of Wesley Allen', 'Resume of Wesley Allen', 'Computer Science', 'Chemistry', 3.25, 17);
INSERT INTO student (id, firstName, lastName, bio, resume, major, minor, gpa, advisorID) VALUES (121, 'Michael', 'Peterson', 'Bio of Michael Peterson', 'Resume of Michael Peterson', 'Biology', 'Math', 3.98, 237);
INSERT INTO student (id, firstName, lastName, bio, resume, major, minor, gpa, advisorID) VALUES (123, 'Johnny', 'Bradley', 'Bio of Johnny Bradley', 'Resume of Johnny Bradley', 'Chemistry', 'Physics', 3.34, 17);
INSERT INTO student (id, firstName, lastName, bio, resume, major, minor, gpa, advisorID) VALUES (124, 'Kimberly', 'Long', 'Bio of Kimberly Long', 'Resume of Kimberly Long', 'Chemistry', NULL, 3.02, 1);
INSERT INTO student (id, firstName, lastName, bio, resume, major, minor, gpa, advisorID) VALUES (126, 'Dave', 'Walls', 'Bio of Dave Walls', 'Resume of Dave Walls', 'Engineering', 'Physics', 2.05, 251);
INSERT INTO student (id, firstName, lastName, bio, resume, major, minor, gpa, advisorID) VALUES (127, 'Marco', 'Rivera', 'Bio of Marco Rivera', 'Resume of Marco Rivera', 'Computer Science', 'Literature', 2.33, 171);
INSERT INTO student (id, firstName, lastName, bio, resume, major, minor, gpa, advisorID) VALUES (129, 'Timothy', 'Wiley', 'Bio of Timothy Wiley', 'Resume of Timothy Wiley', 'Physics', 'Physics', 2.14, 114);
INSERT INTO student (id, firstName, lastName, bio, resume, major, minor, gpa, advisorID) VALUES (130, 'Vernon', 'Anderson', 'Bio of Vernon Anderson', 'Resume of Vernon Anderson', 'Chemistry', NULL, 2.13, 54);
INSERT INTO student (id, firstName, lastName, bio, resume, major, minor, gpa, advisorID) VALUES (132, 'Kimberly', 'Parker', 'Bio of Kimberly Parker', 'Resume of Kimberly Parker', 'Mathematics', 'Literature', 2.06, 174);
INSERT INTO student (id, firstName, lastName, bio, resume, major, minor, gpa, advisorID) VALUES (133, 'Barbara', 'Whitehead', 'Bio of Barbara Whitehead', 'Resume of Barbara Whitehead', 'Computer Science', 'Physics', 2.96, 174);
INSERT INTO student (id, firstName, lastName, bio, resume, major, minor, gpa, advisorID) VALUES (134, 'Kim', 'Huber', 'Bio of Kim Huber', 'Resume of Kim Huber', 'Chemistry', 'Literature', 2.5, 251);
INSERT INTO student (id, firstName, lastName, bio, resume, major, minor, gpa, advisorID) VALUES (135, 'Angela', 'Watson', 'Bio of Angela Watson', 'Resume of Angela Watson', 'Physics', NULL, 2.88, 162);
INSERT INTO student (id, firstName, lastName, bio, resume, major, minor, gpa, advisorID) VALUES (136, 'Jessica', 'Carlson', 'Bio of Jessica Carlson', 'Resume of Jessica Carlson', 'Biology', 'Math', 3.43, 156);
INSERT INTO student (id, firstName, lastName, bio, resume, major, minor, gpa, advisorID) VALUES (137, 'Denise', 'Smith', 'Bio of Denise Smith', 'Resume of Denise Smith', 'Mathematics', 'Chemistry', 2.84, 54);
INSERT INTO student (id, firstName, lastName, bio, resume, major, minor, gpa, advisorID) VALUES (138, 'Brent', 'Johnson', 'Bio of Brent Johnson', 'Resume of Brent Johnson', 'Mathematics', 'Literature', 3.63, 114);
INSERT INTO student (id, firstName, lastName, bio, resume, major, minor, gpa, advisorID) VALUES (140, 'Angela', 'Taylor', 'Bio of Angela Taylor', 'Resume of Angela Taylor', 'Biology', 'Chemistry', 3.3, 155);
INSERT INTO student (id, firstName, lastName, bio, resume, major, minor, gpa, advisorID) VALUES (142, 'Steven', 'Gilbert', 'Bio of Steven Gilbert', 'Resume of Steven Gilbert', 'Engineering', 'Math', 2.78, 174);
INSERT INTO student (id, firstName, lastName, bio, resume, major, minor, gpa, advisorID) VALUES (144, 'Shane', 'Harris', 'Bio of Shane Harris', 'Resume of Shane Harris', 'Engineering', 'Math', 3.9, 17);
INSERT INTO student (id, firstName, lastName, bio, resume, major, minor, gpa, advisorID) VALUES (145, 'Troy', 'Fisher', 'Bio of Troy Fisher', 'Resume of Troy Fisher', 'Computer Science', 'Literature', 3.85, 17);
INSERT INTO student (id, firstName, lastName, bio, resume, major, minor, gpa, advisorID) VALUES (146, 'Mark', 'Kim', 'Bio of Mark Kim', 'Resume of Mark Kim', 'Physics', 'Chemistry', 3.55, 156);
INSERT INTO student (id, firstName, lastName, bio, resume, major, minor, gpa, advisorID) VALUES (147, 'Jennifer', 'Parker', 'Bio of Jennifer Parker', 'Resume of Jennifer Parker', 'Computer Science', 'Math', 2.33, 155);
INSERT INTO student (id, firstName, lastName, bio, resume, major, minor, gpa, advisorID) VALUES (148, 'Robert', 'Anthony', 'Bio of Robert Anthony', 'Resume of Robert Anthony', 'Biology', 'Chemistry', 3.36, 1);
INSERT INTO student (id, firstName, lastName, bio, resume, major, minor, gpa, advisorID) VALUES (150, 'Nathaniel', 'Hale', 'Bio of Nathaniel Hale', 'Resume of Nathaniel Hale', 'Mathematics', NULL, 2.75, 315);
INSERT INTO student (id, firstName, lastName, bio, resume, major, minor, gpa, advisorID) VALUES (151, 'Deborah', 'Roberts', 'Bio of Deborah Roberts', 'Resume of Deborah Roberts', 'Computer Science', 'Literature', 3.44, 156);
INSERT INTO student (id, firstName, lastName, bio, resume, major, minor, gpa, advisorID) VALUES (152, 'Debra', 'Wong', 'Bio of Debra Wong', 'Resume of Debra Wong', 'Biology', 'Chemistry', 3.12, 1);
INSERT INTO student (id, firstName, lastName, bio, resume, major, minor, gpa, advisorID) VALUES (153, 'Gavin', 'Armstrong', 'Bio of Gavin Armstrong', 'Resume of Gavin Armstrong', 'Mathematics', 'Math', 3.33, 17);
INSERT INTO student (id, firstName, lastName, bio, resume, major, minor, gpa, advisorID) VALUES (154, 'Mikayla', 'Melendez', 'Bio of Mikayla Melendez', 'Resume of Mikayla Melendez', 'Engineering', 'Chemistry', 2.39, 155);
INSERT INTO student (id, firstName, lastName, bio, resume, major, minor, gpa, advisorID) VALUES (160, 'Austin', 'Torres', 'Bio of Austin Torres', 'Resume of Austin Torres', 'Biology', NULL, 3.93, 156);
INSERT INTO student (id, firstName, lastName, bio, resume, major, minor, gpa, advisorID) VALUES (161, 'Amanda', 'Garrison', 'Bio of Amanda Garrison', 'Resume of Amanda Garrison', 'Physics', 'Chemistry', 3.4, 1);
INSERT INTO student (id, firstName, lastName, bio, resume, major, minor, gpa, advisorID) VALUES (163, 'Travis', 'Monroe', 'Bio of Travis Monroe', 'Resume of Travis Monroe', 'Engineering', 'Chemistry', 3.5, 174);
INSERT INTO student (id, firstName, lastName, bio, resume, major, minor, gpa, advisorID) VALUES (164, 'Veronica', 'Ayala', 'Bio of Veronica Ayala', 'Resume of Veronica Ayala', 'Mathematics', 'Math', 2.13, 271);
INSERT INTO student (id, firstName, lastName, bio, resume, major, minor, gpa, advisorID) VALUES (165, 'Michael', 'White', 'Bio of Michael White', 'Resume of Michael White', 'Engineering', 'Literature', 2.32, 114);
INSERT INTO student (id, firstName, lastName, bio, resume, major, minor, gpa, advisorID) VALUES (166, 'Anthony', 'Lewis', 'Bio of Anthony Lewis', 'Resume of Anthony Lewis', 'Engineering', NULL, 3.56, 237);
INSERT INTO student (id, firstName, lastName, bio, resume, major, minor, gpa, advisorID) VALUES (167, 'Vanessa', 'Diaz', 'Bio of Vanessa Diaz', 'Resume of Vanessa Diaz', 'Physics', 'Literature', 3.39, 17);
INSERT INTO student (id, firstName, lastName, bio, resume, major, minor, gpa, advisorID) VALUES (168, 'Tracy', 'Garcia', 'Bio of Tracy Garcia', 'Resume of Tracy Garcia', 'Physics', 'Math', 3.5, 251);
INSERT INTO student (id, firstName, lastName, bio, resume, major, minor, gpa, advisorID) VALUES (170, 'Penny', 'Nelson', 'Bio of Penny Nelson', 'Resume of Penny Nelson', 'Biology', 'Chemistry', 3.87, 271);
INSERT INTO student (id, firstName, lastName, bio, resume, major, minor, gpa, advisorID) VALUES (172, 'Jeffrey', 'Blevins', 'Bio of Jeffrey Blevins', 'Resume of Jeffrey Blevins', 'Physics', 'Physics', 2.37, 258);
INSERT INTO student (id, firstName, lastName, bio, resume, major, minor, gpa, advisorID) VALUES (173, 'Ashley', 'Cline', 'Bio of Ashley Cline', 'Resume of Ashley Cline', 'Engineering', 'Math', 2.65, 237);
INSERT INTO student (id, firstName, lastName, bio, resume, major, minor, gpa, advisorID) VALUES (175, 'Sandra', 'Crawford', 'Bio of Sandra Crawford', 'Resume of Sandra Crawford', 'Biology', 'Physics', 2.39, 155);
INSERT INTO student (id, firstName, lastName, bio, resume, major, minor, gpa, advisorID) VALUES (176, 'Robin', 'Garcia', 'Bio of Robin Garcia', 'Resume of Robin Garcia', 'Biology', 'Literature', 3.19, 271);
INSERT INTO student (id, firstName, lastName, bio, resume, major, minor, gpa, advisorID) VALUES (178, 'Kyle', 'Ingram', 'Bio of Kyle Ingram', 'Resume of Kyle Ingram', 'Engineering', 'Chemistry', 2.82, 314);
INSERT INTO student (id, firstName, lastName, bio, resume, major, minor, gpa, advisorID) VALUES (179, 'Diana', 'Moody', 'Bio of Diana Moody', 'Resume of Diana Moody', 'Biology', NULL, 3.59, 258);
INSERT INTO student (id, firstName, lastName, bio, resume, major, minor, gpa, advisorID) VALUES (180, 'Linda', 'Lane', 'Bio of Linda Lane', 'Resume of Linda Lane', 'Mathematics', 'Math', 2.73, 171);
INSERT INTO student (id, firstName, lastName, bio, resume, major, minor, gpa, advisorID) VALUES (181, 'Scott', 'Ramirez', 'Bio of Scott Ramirez', 'Resume of Scott Ramirez', 'Computer Science', 'Math', 2.87, 315);
INSERT INTO student (id, firstName, lastName, bio, resume, major, minor, gpa, advisorID) VALUES (182, 'Joshua', 'Crawford', 'Bio of Joshua Crawford', 'Resume of Joshua Crawford', 'Physics', 'Literature', 3.48, 315);
INSERT INTO student (id, firstName, lastName, bio, resume, major, minor, gpa, advisorID) VALUES (183, 'Jason', 'Jordan', 'Bio of Jason Jordan', 'Resume of Jason Jordan', 'Engineering', NULL, 3.65, 251);
INSERT INTO student (id, firstName, lastName, bio, resume, major, minor, gpa, advisorID) VALUES (184, 'Jason', 'Deleon', 'Bio of Jason Deleon', 'Resume of Jason Deleon', 'Physics', 'Literature', 3.05, 156);
INSERT INTO student (id, firstName, lastName, bio, resume, major, minor, gpa, advisorID) VALUES (187, 'Steven', 'Daniels', 'Bio of Steven Daniels', 'Resume of Steven Daniels', 'Biology', 'Math', 2.43, 155);
INSERT INTO student (id, firstName, lastName, bio, resume, major, minor, gpa, advisorID) VALUES (189, 'Natasha', 'Davis', 'Bio of Natasha Davis', 'Resume of Natasha Davis', 'Chemistry', 'Literature', 3.28, 314);
INSERT INTO student (id, firstName, lastName, bio, resume, major, minor, gpa, advisorID) VALUES (190, 'Ashley', 'Taylor', 'Bio of Ashley Taylor', 'Resume of Ashley Taylor', 'Computer Science', NULL, 3.59, 314);
INSERT INTO student (id, firstName, lastName, bio, resume, major, minor, gpa, advisorID) VALUES (191, 'Cindy', 'Walls', 'Bio of Cindy Walls', 'Resume of Cindy Walls', 'Engineering', 'Literature', 2.24, 156);
INSERT INTO student (id, firstName, lastName, bio, resume, major, minor, gpa, advisorID) VALUES (192, 'Jenna', 'Gonzalez', 'Bio of Jenna Gonzalez', 'Resume of Jenna Gonzalez', 'Physics', 'Chemistry', 3.52, 54);
INSERT INTO student (id, firstName, lastName, bio, resume, major, minor, gpa, advisorID) VALUES (193, 'Katie', 'Flores', 'Bio of Katie Flores', 'Resume of Katie Flores', 'Chemistry', 'Physics', 2.22, 17);
INSERT INTO student (id, firstName, lastName, bio, resume, major, minor, gpa, advisorID) VALUES (194, 'Jessica', 'Wagner', 'Bio of Jessica Wagner', 'Resume of Jessica Wagner', 'Computer Science', NULL, 2.75, 174);
INSERT INTO student (id, firstName, lastName, bio, resume, major, minor, gpa, advisorID) VALUES (195, 'Michael', 'Mora', 'Bio of Michael Mora', 'Resume of Michael Mora', 'Biology', 'Math', 2.07, 315);
INSERT INTO student (id, firstName, lastName, bio, resume, major, minor, gpa, advisorID) VALUES (197, 'Joseph', 'Wilson', 'Bio of Joseph Wilson', 'Resume of Joseph Wilson', 'Biology', 'Chemistry', 3.59, 258);
INSERT INTO student (id, firstName, lastName, bio, resume, major, minor, gpa, advisorID) VALUES (199, 'Angel', 'Green', 'Bio of Angel Green', 'Resume of Angel Green', 'Mathematics', 'Literature', 2.62, 17);
INSERT INTO student (id, firstName, lastName, bio, resume, major, minor, gpa, advisorID) VALUES (200, 'Sara', 'Rodriguez', 'Bio of Sara Rodriguez', 'Resume of Sara Rodriguez', 'Physics', NULL, 2.95, 54);
INSERT INTO student (id, firstName, lastName, bio, resume, major, minor, gpa, advisorID) VALUES (202, 'Hannah', 'Murray', 'Bio of Hannah Murray', 'Resume of Hannah Murray', 'Chemistry', NULL, 2.52, 156);
INSERT INTO student (id, firstName, lastName, bio, resume, major, minor, gpa, advisorID) VALUES (203, 'Derek', 'Randall', 'Bio of Derek Randall', 'Resume of Derek Randall', 'Engineering', 'Chemistry', 3.34, 315);
INSERT INTO student (id, firstName, lastName, bio, resume, major, minor, gpa, advisorID) VALUES (206, 'Audrey', 'Marshall', 'Bio of Audrey Marshall', 'Resume of Audrey Marshall', 'Computer Science', NULL, 2.77, 258);
INSERT INTO student (id, firstName, lastName, bio, resume, major, minor, gpa, advisorID) VALUES (207, 'Jared', 'Waters', 'Bio of Jared Waters', 'Resume of Jared Waters', 'Chemistry', 'Physics', 3.29, 162);
INSERT INTO student (id, firstName, lastName, bio, resume, major, minor, gpa, advisorID) VALUES (209, 'Jay', 'Fernandez', 'Bio of Jay Fernandez', 'Resume of Jay Fernandez', 'Biology', NULL, 2.56, 17);
INSERT INTO student (id, firstName, lastName, bio, resume, major, minor, gpa, advisorID) VALUES (211, 'Sharon', 'Burns', 'Bio of Sharon Burns', 'Resume of Sharon Burns', 'Chemistry', 'Math', 3.23, 1);
INSERT INTO student (id, firstName, lastName, bio, resume, major, minor, gpa, advisorID) VALUES (212, 'Donna', 'Alvarez', 'Bio of Donna Alvarez', 'Resume of Donna Alvarez', 'Engineering', NULL, 3.48, 271);
INSERT INTO student (id, firstName, lastName, bio, resume, major, minor, gpa, advisorID) VALUES (213, 'Heather', 'Jones', 'Bio of Heather Jones', 'Resume of Heather Jones', 'Mathematics', 'Math', 2.66, 17);
INSERT INTO student (id, firstName, lastName, bio, resume, major, minor, gpa, advisorID) VALUES (216, 'Karen', 'Henderson', 'Bio of Karen Henderson', 'Resume of Karen Henderson', 'Biology', 'Math', 3.23, 1);
INSERT INTO student (id, firstName, lastName, bio, resume, major, minor, gpa, advisorID) VALUES (217, 'Christopher', 'Mcguire', 'Bio of Christopher Mcguire', 'Resume of Christopher Mcguire', 'Mathematics', NULL, 2.07, 251);
INSERT INTO student (id, firstName, lastName, bio, resume, major, minor, gpa, advisorID) VALUES (219, 'Megan', 'Stevenson', 'Bio of Megan Stevenson', 'Resume of Megan Stevenson', 'Mathematics', 'Literature', 3.42, 155);
INSERT INTO student (id, firstName, lastName, bio, resume, major, minor, gpa, advisorID) VALUES (220, 'Jesse', 'Hanson', 'Bio of Jesse Hanson', 'Resume of Jesse Hanson', 'Computer Science', 'Literature', 2.65, 258);
INSERT INTO student (id, firstName, lastName, bio, resume, major, minor, gpa, advisorID) VALUES (221, 'Logan', 'Ward', 'Bio of Logan Ward', 'Resume of Logan Ward', 'Computer Science', 'Chemistry', 2.08, 174);
INSERT INTO student (id, firstName, lastName, bio, resume, major, minor, gpa, advisorID) VALUES (223, 'Laura', 'Salazar', 'Bio of Laura Salazar', 'Resume of Laura Salazar', 'Biology', 'Literature', 3.09, 258);
INSERT INTO student (id, firstName, lastName, bio, resume, major, minor, gpa, advisorID) VALUES (224, 'Amy', 'Wilson', 'Bio of Amy Wilson', 'Resume of Amy Wilson', 'Physics', 'Math', 2.98, 17);
INSERT INTO student (id, firstName, lastName, bio, resume, major, minor, gpa, advisorID) VALUES (227, 'Curtis', 'Smith', 'Bio of Curtis Smith', 'Resume of Curtis Smith', 'Physics', 'Literature', 3.53, 155);
INSERT INTO student (id, firstName, lastName, bio, resume, major, minor, gpa, advisorID) VALUES (228, 'Thomas', 'Mckee', 'Bio of Thomas Mckee', 'Resume of Thomas Mckee', 'Engineering', 'Math', 2.03, 155);
INSERT INTO student (id, firstName, lastName, bio, resume, major, minor, gpa, advisorID) VALUES (229, 'Brent', 'Bates', 'Bio of Brent Bates', 'Resume of Brent Bates', 'Computer Science', 'Chemistry', 2.78, 258);
INSERT INTO student (id, firstName, lastName, bio, resume, major, minor, gpa, advisorID) VALUES (230, 'Janet', 'Figueroa', 'Bio of Janet Figueroa', 'Resume of Janet Figueroa', 'Mathematics', 'Math', 3.22, 171);
INSERT INTO student (id, firstName, lastName, bio, resume, major, minor, gpa, advisorID) VALUES (231, 'Anthony', 'Walker', 'Bio of Anthony Walker', 'Resume of Anthony Walker', 'Engineering', NULL, 2.17, 162);
INSERT INTO student (id, firstName, lastName, bio, resume, major, minor, gpa, advisorID) VALUES (233, 'Michael', 'Ibarra', 'Bio of Michael Ibarra', 'Resume of Michael Ibarra', 'Physics', NULL, 2.99, 162);
INSERT INTO student (id, firstName, lastName, bio, resume, major, minor, gpa, advisorID) VALUES (234, 'Bonnie', 'Gardner', 'Bio of Bonnie Gardner', 'Resume of Bonnie Gardner', 'Computer Science', 'Literature', 3.59, 271);
INSERT INTO student (id, firstName, lastName, bio, resume, major, minor, gpa, advisorID) VALUES (235, 'Pamela', 'Cole', 'Bio of Pamela Cole', 'Resume of Pamela Cole', 'Physics', 'Math', 3.37, 315);
INSERT INTO student (id, firstName, lastName, bio, resume, major, minor, gpa, advisorID) VALUES (236, 'Steven', 'Garcia', 'Bio of Steven Garcia', 'Resume of Steven Garcia', 'Engineering', 'Math', 3.51, 114);
INSERT INTO student (id, firstName, lastName, bio, resume, major, minor, gpa, advisorID) VALUES (238, 'Hannah', 'Murphy', 'Bio of Hannah Murphy', 'Resume of Hannah Murphy', 'Biology', 'Math', 2.29, 156);
INSERT INTO student (id, firstName, lastName, bio, resume, major, minor, gpa, advisorID) VALUES (239, 'Tina', 'Thornton', 'Bio of Tina Thornton', 'Resume of Tina Thornton', 'Chemistry', 'Math', 3.12, 315);
INSERT INTO student (id, firstName, lastName, bio, resume, major, minor, gpa, advisorID) VALUES (240, 'Albert', 'Brewer', 'Bio of Albert Brewer', 'Resume of Albert Brewer', 'Chemistry', 'Literature', 2.38, 155);
INSERT INTO student (id, firstName, lastName, bio, resume, major, minor, gpa, advisorID) VALUES (242, 'Heather', 'Thomas', 'Bio of Heather Thomas', 'Resume of Heather Thomas', 'Mathematics', 'Math', 2.82, 174);
INSERT INTO student (id, firstName, lastName, bio, resume, major, minor, gpa, advisorID) VALUES (244, 'Susan', 'Austin', 'Bio of Susan Austin', 'Resume of Susan Austin', 'Chemistry', 'Physics', 3.61, 54);
INSERT INTO student (id, firstName, lastName, bio, resume, major, minor, gpa, advisorID) VALUES (247, 'Stacy', 'Nelson', 'Bio of Stacy Nelson', 'Resume of Stacy Nelson', 'Biology', 'Math', 2.37, 174);
INSERT INTO student (id, firstName, lastName, bio, resume, major, minor, gpa, advisorID) VALUES (248, 'Alicia', 'Warner', 'Bio of Alicia Warner', 'Resume of Alicia Warner', 'Mathematics', NULL, 3.32, 315);
INSERT INTO student (id, firstName, lastName, bio, resume, major, minor, gpa, advisorID) VALUES (249, 'Charlotte', 'Daniel', 'Bio of Charlotte Daniel', 'Resume of Charlotte Daniel', 'Physics', 'Math', 2.09, 171);
INSERT INTO student (id, firstName, lastName, bio, resume, major, minor, gpa, advisorID) VALUES (252, 'Stephanie', 'Hernandez', 'Bio of Stephanie Hernandez', 'Resume of Stephanie Hernandez', 'Biology', NULL, 3.56, 171);
INSERT INTO student (id, firstName, lastName, bio, resume, major, minor, gpa, advisorID) VALUES (254, 'Ashley', 'Alexander', 'Bio of Ashley Alexander', 'Resume of Ashley Alexander', 'Biology', NULL, 3.06, 314);
INSERT INTO student (id, firstName, lastName, bio, resume, major, minor, gpa, advisorID) VALUES (255, 'Nicole', 'Roy', 'Bio of Nicole Roy', 'Resume of Nicole Roy', 'Chemistry', NULL, 2.31, 114);
INSERT INTO student (id, firstName, lastName, bio, resume, major, minor, gpa, advisorID) VALUES (256, 'Renee', 'Leach', 'Bio of Renee Leach', 'Resume of Renee Leach', 'Chemistry', NULL, 3.76, 156);
INSERT INTO student (id, firstName, lastName, bio, resume, major, minor, gpa, advisorID) VALUES (257, 'Justin', 'Santiago', 'Bio of Justin Santiago', 'Resume of Justin Santiago', 'Chemistry', 'Math', 3.03, 251);
INSERT INTO student (id, firstName, lastName, bio, resume, major, minor, gpa, advisorID) VALUES (259, 'Sara', 'Hopkins', 'Bio of Sara Hopkins', 'Resume of Sara Hopkins', 'Engineering', NULL, 3.27, 315);
INSERT INTO student (id, firstName, lastName, bio, resume, major, minor, gpa, advisorID) VALUES (260, 'Stephen', 'Anthony', 'Bio of Stephen Anthony', 'Resume of Stephen Anthony', 'Chemistry', 'Literature', 3.8, 114);
INSERT INTO student (id, firstName, lastName, bio, resume, major, minor, gpa, advisorID) VALUES (261, 'Christopher', 'Price', 'Bio of Christopher Price', 'Resume of Christopher Price', 'Biology', 'Math', 3.5, 17);
INSERT INTO student (id, firstName, lastName, bio, resume, major, minor, gpa, advisorID) VALUES (262, 'Scott', 'Miller', 'Bio of Scott Miller', 'Resume of Scott Miller', 'Biology', 'Physics', 3.42, 271);
INSERT INTO student (id, firstName, lastName, bio, resume, major, minor, gpa, advisorID) VALUES (264, 'Beverly', 'Booth', 'Bio of Beverly Booth', 'Resume of Beverly Booth', 'Physics', 'Chemistry', 2.03, 156);
INSERT INTO student (id, firstName, lastName, bio, resume, major, minor, gpa, advisorID) VALUES (266, 'John', 'Atkinson', 'Bio of John Atkinson', 'Resume of John Atkinson', 'Engineering', 'Literature', 2.7, 251);
INSERT INTO student (id, firstName, lastName, bio, resume, major, minor, gpa, advisorID) VALUES (268, 'Jacob', 'Morton', 'Bio of Jacob Morton', 'Resume of Jacob Morton', 'Computer Science', 'Physics', 3.33, 155);
INSERT INTO student (id, firstName, lastName, bio, resume, major, minor, gpa, advisorID) VALUES (269, 'Christian', 'Romero', 'Bio of Christian Romero', 'Resume of Christian Romero', 'Mathematics', 'Math', 2.81, 171);
INSERT INTO student (id, firstName, lastName, bio, resume, major, minor, gpa, advisorID) VALUES (270, 'Dennis', 'Johnson', 'Bio of Dennis Johnson', 'Resume of Dennis Johnson', 'Computer Science', 'Chemistry', 3.33, 162);
INSERT INTO student (id, firstName, lastName, bio, resume, major, minor, gpa, advisorID) VALUES (273, 'Anthony', 'Gibson', 'Bio of Anthony Gibson', 'Resume of Anthony Gibson', 'Chemistry', 'Chemistry', 2.06, 251);
INSERT INTO student (id, firstName, lastName, bio, resume, major, minor, gpa, advisorID) VALUES (274, 'Daniel', 'Thomas', 'Bio of Daniel Thomas', 'Resume of Daniel Thomas', 'Chemistry', 'Math', 2.96, 237);
INSERT INTO student (id, firstName, lastName, bio, resume, major, minor, gpa, advisorID) VALUES (275, 'Matthew', 'Petersen', 'Bio of Matthew Petersen', 'Resume of Matthew Petersen', 'Biology', 'Literature', 2.61, 258);
INSERT INTO student (id, firstName, lastName, bio, resume, major, minor, gpa, advisorID) VALUES (276, 'Anthony', 'Ortega', 'Bio of Anthony Ortega', 'Resume of Anthony Ortega', 'Physics', 'Math', 2.1, 54);
INSERT INTO student (id, firstName, lastName, bio, resume, major, minor, gpa, advisorID) VALUES (277, 'Amanda', 'Carter', 'Bio of Amanda Carter', 'Resume of Amanda Carter', 'Physics', 'Math', 2.59, 17);
INSERT INTO student (id, firstName, lastName, bio, resume, major, minor, gpa, advisorID) VALUES (278, 'Kristin', 'Cook', 'Bio of Kristin Cook', 'Resume of Kristin Cook', 'Physics', 'Math', 2.7, 17);
INSERT INTO student (id, firstName, lastName, bio, resume, major, minor, gpa, advisorID) VALUES (279, 'James', 'Wade', 'Bio of James Wade', 'Resume of James Wade', 'Physics', 'Chemistry', 3.65, 1);
INSERT INTO student (id, firstName, lastName, bio, resume, major, minor, gpa, advisorID) VALUES (280, 'Sara', 'Miller', 'Bio of Sara Miller', 'Resume of Sara Miller', 'Computer Science', 'Chemistry', 3.02, 258);
INSERT INTO student (id, firstName, lastName, bio, resume, major, minor, gpa, advisorID) VALUES (281, 'Fred', 'Harper', 'Bio of Fred Harper', 'Resume of Fred Harper', 'Biology', 'Literature', 3.09, 114);
INSERT INTO student (id, firstName, lastName, bio, resume, major, minor, gpa, advisorID) VALUES (282, 'Laura', 'Morris', 'Bio of Laura Morris', 'Resume of Laura Morris', 'Physics', 'Literature', 3.77, 237);
INSERT INTO student (id, firstName, lastName, bio, resume, major, minor, gpa, advisorID) VALUES (283, 'Mary', 'Munoz', 'Bio of Mary Munoz', 'Resume of Mary Munoz', 'Mathematics', 'Physics', 2.77, 17);
INSERT INTO student (id, firstName, lastName, bio, resume, major, minor, gpa, advisorID) VALUES (286, 'Angelica', 'Gomez', 'Bio of Angelica Gomez', 'Resume of Angelica Gomez', 'Mathematics', 'Literature', 2.88, 271);
INSERT INTO student (id, firstName, lastName, bio, resume, major, minor, gpa, advisorID) VALUES (287, 'Brian', 'Howard', 'Bio of Brian Howard', 'Resume of Brian Howard', 'Mathematics', 'Physics', 3.89, 251);
INSERT INTO student (id, firstName, lastName, bio, resume, major, minor, gpa, advisorID) VALUES (289, 'Christina', 'Wilson', 'Bio of Christina Wilson', 'Resume of Christina Wilson', 'Mathematics', 'Math', 3.26, 315);
INSERT INTO student (id, firstName, lastName, bio, resume, major, minor, gpa, advisorID) VALUES (290, 'Carl', 'Elliott', 'Bio of Carl Elliott', 'Resume of Carl Elliott', 'Computer Science', 'Physics', 3.02, 155);
INSERT INTO student (id, firstName, lastName, bio, resume, major, minor, gpa, advisorID) VALUES (291, 'Valerie', 'Sheppard', 'Bio of Valerie Sheppard', 'Resume of Valerie Sheppard', 'Mathematics', NULL, 2.39, 174);
INSERT INTO student (id, firstName, lastName, bio, resume, major, minor, gpa, advisorID) VALUES (292, 'Lori', 'Morrison', 'Bio of Lori Morrison', 'Resume of Lori Morrison', 'Engineering', 'Physics', 3.87, 155);
INSERT INTO student (id, firstName, lastName, bio, resume, major, minor, gpa, advisorID) VALUES (293, 'Kimberly', 'Turner', 'Bio of Kimberly Turner', 'Resume of Kimberly Turner', 'Computer Science', 'Math', 2.6, 17);
INSERT INTO student (id, firstName, lastName, bio, resume, major, minor, gpa, advisorID) VALUES (294, 'Michael', 'Briggs', 'Bio of Michael Briggs', 'Resume of Michael Briggs', 'Computer Science', NULL, 3.91, 155);
INSERT INTO student (id, firstName, lastName, bio, resume, major, minor, gpa, advisorID) VALUES (296, 'Jasmine', 'Scott', 'Bio of Jasmine Scott', 'Resume of Jasmine Scott', 'Physics', 'Chemistry', 2.36, 17);
INSERT INTO student (id, firstName, lastName, bio, resume, major, minor, gpa, advisorID) VALUES (297, 'Samuel', 'Vazquez', 'Bio of Samuel Vazquez', 'Resume of Samuel Vazquez', 'Biology', 'Math', 2.19, 237);
INSERT INTO student (id, firstName, lastName, bio, resume, major, minor, gpa, advisorID) VALUES (298, 'David', 'Scott', 'Bio of David Scott', 'Resume of David Scott', 'Mathematics', 'Literature', 3.81, 251);
INSERT INTO student (id, firstName, lastName, bio, resume, major, minor, gpa, advisorID) VALUES (299, 'Diana', 'Schmidt', 'Bio of Diana Schmidt', 'Resume of Diana Schmidt', 'Biology', 'Literature', 2.13, 271);
INSERT INTO student (id, firstName, lastName, bio, resume, major, minor, gpa, advisorID) VALUES (300, 'Patricia', 'King', 'Bio of Patricia King', 'Resume of Patricia King', 'Engineering', 'Physics', 3.38, 17);

INSERT INTO company (id, name) VALUES (9, 'Miller Group');
INSERT INTO company (id, name) VALUES (31, 'Gardner, Johnson and Garcia');
INSERT INTO company (id, name) VALUES (32, 'Shaw, Wilson and Rios');
INSERT INTO company (id, name) VALUES (35, 'Miller, Cochran and Knight');
INSERT INTO company (id, name) VALUES (37, 'Chapman and Sons');
INSERT INTO company (id, name) VALUES (40, 'Williams-Lowery');
INSERT INTO company (id, name) VALUES (51, 'Lopez-Poole');
INSERT INTO company (id, name) VALUES (61, 'Alvarez, Kramer and Medina');
INSERT INTO company (id, name) VALUES (78, 'Keller, Garcia and Nelson');
INSERT INTO company (id, name) VALUES (102, 'Martin, Schwartz and Robinson');
INSERT INTO company (id, name) VALUES (103, 'Davis-Edwards');
INSERT INTO company (id, name) VALUES (125, 'Oconnell-Adams');
INSERT INTO company (id, name) VALUES (128, 'Bell-Gomez');
INSERT INTO company (id, name) VALUES (149, 'Norris LLC');
INSERT INTO company (id, name) VALUES (177, 'Strong Group');
INSERT INTO company (id, name) VALUES (185, 'Spencer-Santana');
INSERT INTO company (id, name) VALUES (188, 'Miller LLC');
INSERT INTO company (id, name) VALUES (196, 'Gates-Dunn');
INSERT INTO company (id, name) VALUES (204, 'Perez-Rosales');
INSERT INTO company (id, name) VALUES (208, 'Myers-Rodriguez');
INSERT INTO company (id, name) VALUES (214, 'Hughes LLC');
INSERT INTO company (id, name) VALUES (215, 'Gardner-Simmons');
INSERT INTO company (id, name) VALUES (226, 'Anthony-Alexander');
INSERT INTO company (id, name) VALUES (241, 'Bernard Inc');
INSERT INTO company (id, name) VALUES (265, 'Bhlarma Advance');

-- Populate the position table
INSERT INTO position (comment, companyID) VALUES ('Chiropractor Position', 214);
INSERT INTO position (comment, companyID) VALUES ('Financial manager Position', 185);
INSERT INTO position (comment, companyID) VALUES ('Secretary, company Position', 241);
INSERT INTO position (comment, companyID) VALUES ('Land/geomatics surveyor Position', 208);
INSERT INTO position (comment, companyID) VALUES ('Engineer, agricultural Position', 196);
INSERT INTO position (comment, companyID) VALUES ('Horticulturist, commercial Position', 37);
INSERT INTO position (comment, companyID) VALUES ('Charity officer Position', 215);
INSERT INTO position (comment, companyID) VALUES ('Fish farm manager Position', 32);
INSERT INTO position (comment, companyID) VALUES ('Chief Financial Officer Position', 35);
INSERT INTO position (comment, companyID) VALUES ('Lighting technician, broadcasting/film/video Position', 51);
INSERT INTO position (comment, companyID) VALUES ('Electronics engineer Position', 177);
INSERT INTO position (comment, companyID) VALUES ('Accountant, chartered Position', 208);
INSERT INTO position (comment, companyID) VALUES ('Designer, furniture Position', 103);
INSERT INTO position (comment, companyID) VALUES ('Special effects artist Position', 241);
INSERT INTO position (comment, companyID) VALUES ('Barrister Position', 102);
INSERT INTO position (comment, companyID) VALUES ('Secretary, company Position', 185);
INSERT INTO position (comment, companyID) VALUES ('Bonds trader Position', 125);
INSERT INTO position (comment, companyID) VALUES ('Editor, film/video Position', 31);
INSERT INTO position (comment, companyID) VALUES ('Product designer Position', 226);
INSERT INTO position (comment, companyID) VALUES ('Estate agent Position', 35);
INSERT INTO position (comment, companyID) VALUES ('Newspaper journalist Position', 35);
INSERT INTO position (comment, companyID) VALUES ('Trade union research officer Position', 214);
INSERT INTO position (comment, companyID) VALUES ('Programmer, multimedia Position', 188);
INSERT INTO position (comment, companyID) VALUES ('Pharmacologist Position', 9);
INSERT INTO position (comment, companyID) VALUES ('Writer Position', 51);
INSERT INTO position (comment, companyID) VALUES ('Advertising copywriter Position', 185);
INSERT INTO position (comment, companyID) VALUES ('Nurse, learning disability Position', 78);
INSERT INTO position (comment, companyID) VALUES ('Trade mark attorney Position', 102);
INSERT INTO position (comment, companyID) VALUES ('Hospital pharmacist Position', 61);
INSERT INTO position (comment, companyID) VALUES ('Lighting technician, broadcasting/film/video Position', 215);
INSERT INTO position (comment, companyID) VALUES ('Local government officer Position', 215);
INSERT INTO position (comment, companyID) VALUES ('Horticulturist, amenity Position', 226);
INSERT INTO position (comment, companyID) VALUES ('Personnel officer Position', 188);
INSERT INTO position (comment, companyID) VALUES ('Barrister's clerk Position', 215);
INSERT INTO position (comment, companyID) VALUES ('Designer, multimedia Position', 226);
INSERT INTO position (comment, companyID) VALUES ('Special effects artist Position', 188);
INSERT INTO position (comment, companyID) VALUES ('Embryologist, clinical Position', 128);
INSERT INTO position (comment, companyID) VALUES ('Information systems manager Position', 31);
INSERT INTO position (comment, companyID) VALUES ('Computer games developer Position', 32);
INSERT INTO position (comment, companyID) VALUES ('Chartered legal executive (England and Wales) Position', 241);
INSERT INTO position (comment, companyID) VALUES ('Risk manager Position', 208);
INSERT INTO position (comment, companyID) VALUES ('Research officer, political party Position', 37);
INSERT INTO position (comment, companyID) VALUES ('Civil Service administrator Position', 149);
INSERT INTO position (comment, companyID) VALUES ('Education officer, environmental Position', 61);
INSERT INTO position (comment, companyID) VALUES ('Medical secretary Position', 208);
INSERT INTO position (comment, companyID) VALUES ('Field trials officer Position', 125);
INSERT INTO position (comment, companyID) VALUES ('Retail manager Position', 128);
INSERT INTO position (comment, companyID) VALUES ('Adult nurse Position', 196);
INSERT INTO position (comment, companyID) VALUES ('Engineer, biomedical Position', 102);
INSERT INTO position (comment, companyID) VALUES ('Buyer, industrial Position', 149);
INSERT INTO position (comment, companyID) VALUES ('Data processing manager Position', 215);
INSERT INTO position (comment, companyID) VALUES ('Interior and spatial designer Position', 32);
INSERT INTO position (comment, companyID) VALUES ('Wellsite geologist Position', 78);
INSERT INTO position (comment, companyID) VALUES ('Engineer, building services Position', 215);
INSERT INTO position (comment, companyID) VALUES ('Public librarian Position', 149);
INSERT INTO position (comment, companyID) VALUES ('Emergency planning/management officer Position', 226);
INSERT INTO position (comment, companyID) VALUES ('Chemical engineer Position', 31);
INSERT INTO position (comment, companyID) VALUES ('Optometrist Position', 103);
INSERT INTO position (comment, companyID) VALUES ('Insurance claims handler Position', 215);
INSERT INTO position (comment, companyID) VALUES ('Musician Position', 149);
INSERT INTO position (comment, companyID) VALUES ('Broadcast presenter Position', 35);
INSERT INTO position (comment, companyID) VALUES ('Careers information officer Position', 32);
INSERT INTO position (comment, companyID) VALUES ('Designer, television/film set Position', 188);
INSERT INTO position (comment, companyID) VALUES ('Teacher, music Position', 61);
INSERT INTO position (comment, companyID) VALUES ('Architectural technologist Position', 102);
INSERT INTO position (comment, companyID) VALUES ('Nurse, children's Position', 35);
INSERT INTO position (comment, companyID) VALUES ('Television production assistant Position', 32);
INSERT INTO position (comment, companyID) VALUES ('Tree surgeon Position', 177);
INSERT INTO position (comment, companyID) VALUES ('Engineer, technical sales Position', 9);
INSERT INTO position (comment, companyID) VALUES ('Accountant, chartered Position', 32);
INSERT INTO position (comment, companyID) VALUES ('Building control surveyor Position', 149);
INSERT INTO position (comment, companyID) VALUES ('Printmaker Position', 188);
INSERT INTO position (comment, companyID) VALUES ('Hospital pharmacist Position', 204);
INSERT INTO position (comment, companyID) VALUES ('Volunteer coordinator Position', 31);
INSERT INTO position (comment, companyID) VALUES ('Police officer Position', 226);
INSERT INTO position (comment, companyID) VALUES ('Structural engineer Position', 103);
INSERT INTO position (comment, companyID) VALUES ('Engineer, mining Position', 185);
INSERT INTO position (comment, companyID) VALUES ('Estate agent Position', 35);
INSERT INTO position (comment, companyID) VALUES ('Audiological scientist Position', 35);
INSERT INTO position (comment, companyID) VALUES ('Psychiatric nurse Position', 9);
INSERT INTO position (comment, companyID) VALUES ('Television production assistant Position', 149);
INSERT INTO position (comment, companyID) VALUES ('Forensic scientist Position', 214);
INSERT INTO position (comment, companyID) VALUES ('Administrator, sports Position', 35);
INSERT INTO position (comment, companyID) VALUES ('Press sub Position', 61);
INSERT INTO position (comment, companyID) VALUES ('Fast food restaurant manager Position', 196);
INSERT INTO position (comment, companyID) VALUES ('Chartered certified accountant Position', 78);
INSERT INTO position (comment, companyID) VALUES ('Proofreader Position', 102);
INSERT INTO position (comment, companyID) VALUES ('Secretary, company Position', 35);
INSERT INTO position (comment, companyID) VALUES ('Fitness centre manager Position', 188);
INSERT INTO position (comment, companyID) VALUES ('Armed forces technical officer Position', 61);
INSERT INTO position (comment, companyID) VALUES ('Development worker, community Position', 103);
INSERT INTO position (comment, companyID) VALUES ('Tourism officer Position', 177);
INSERT INTO position (comment, companyID) VALUES ('Psychologist, clinical Position', 32);
INSERT INTO position (comment, companyID) VALUES ('Interpreter Position', 241);
INSERT INTO position (comment, companyID) VALUES ('Computer games developer Position', 61);
INSERT INTO position (comment, companyID) VALUES ('Programmer, applications Position', 40);
INSERT INTO position (comment, companyID) VALUES ('Emergency planning/management officer Position', 9);
INSERT INTO position (comment, companyID) VALUES ('Corporate investment banker Position', 31);
INSERT INTO position (comment, companyID) VALUES ('International aid/development worker Position', 51);
INSERT INTO position (comment, companyID) VALUES ('Chartered management accountant Position', 149);

-- Populate the jobListing table
INSERT INTO jobListing (requiredGPA, numOpenings, applicationDeadline, payPerHour, numApplicants, description, title, companyID) VALUES (3.2, 6, '2024-12-02', 49.93, 30, 'Total global success at Brooks-Collins', 'Magazine journalist', 102);
INSERT INTO jobListing (requiredGPA, numOpenings, applicationDeadline, payPerHour, numApplicants, description, title, companyID) VALUES (3.3, 4, '2024-12-02', 22.63, 3, 'Advanced zero administration strategy at Reynolds-Graham', 'Secretary, company', 177);
INSERT INTO jobListing (requiredGPA, numOpenings, applicationDeadline, payPerHour, numApplicants, description, title, companyID) VALUES (2.9, 10, '2024-12-02', 39.93, 33, 'Compatible asymmetric architecture at Ortega Inc', 'Community pharmacist', 31);
INSERT INTO jobListing (requiredGPA, numOpenings, applicationDeadline, payPerHour, numApplicants, description, title, companyID) VALUES (2.5, 10, '2024-12-02', 42.63, 6, 'Re-engineered dynamic superstructure at Jones PLC', 'Transport planner', 214);
INSERT INTO jobListing (requiredGPA, numOpenings, applicationDeadline, payPerHour, numApplicants, description, title, companyID) VALUES (2.9, 6, '2024-12-02', 26.98, 4, 'Advanced composite frame at Mcintosh-Ross', 'Publishing rights manager', 185);
INSERT INTO jobListing (requiredGPA, numOpenings, applicationDeadline, payPerHour, numApplicants, description, title, companyID) VALUES (3.8, 1, '2024-12-02', 33.4, 49, 'Enhanced scalable toolset at Brown Ltd', 'Bonds trader', 128);
INSERT INTO jobListing (requiredGPA, numOpenings, applicationDeadline, payPerHour, numApplicants, description, title, companyID) VALUES (2.1, 7, '2024-12-02', 45.76, 25, 'Focused system-worthy flexibility at Whitaker-Flores', 'Investment analyst', 265);
INSERT INTO jobListing (requiredGPA, numOpenings, applicationDeadline, payPerHour, numApplicants, description, title, companyID) VALUES (3.3, 3, '2024-12-02', 46.73, 29, 'Re-engineered secondary emulation at Clark-Mckay', 'Education officer, museum', 185);
INSERT INTO jobListing (requiredGPA, numOpenings, applicationDeadline, payPerHour, numApplicants, description, title, companyID) VALUES (2.8, 8, '2024-12-02', 40.72, 7, 'Fundamental maximized forecast at Contreras Ltd', 'Acupuncturist', 31);
INSERT INTO jobListing (requiredGPA, numOpenings, applicationDeadline, payPerHour, numApplicants, description, title, companyID) VALUES (2.8, 2, '2024-12-02', 31.85, 18, 'Diverse non-volatile Internet solution at Ryan, Rios and Miles', 'Engineer, energy', 37);
INSERT INTO jobListing (requiredGPA, numOpenings, applicationDeadline, payPerHour, numApplicants, description, title, companyID) VALUES (2.4, 4, '2024-12-02', 38.52, 3, 'Innovative eco-centric framework at Black, Beck and Munoz', 'Armed forces logistics/support/administrative officer', 185);
INSERT INTO jobListing (requiredGPA, numOpenings, applicationDeadline, payPerHour, numApplicants, description, title, companyID) VALUES (2.1, 10, '2024-12-02', 48.97, 17, 'Distributed object-oriented approach at Griffin LLC', 'Careers adviser', 226);
INSERT INTO jobListing (requiredGPA, numOpenings, applicationDeadline, payPerHour, numApplicants, description, title, companyID) VALUES (2.2, 2, '2024-12-02', 36.74, 1, 'Customer-focused discrete knowledgebase at Lee, Erickson and Gentry', 'Civil engineer, contracting', 188);
INSERT INTO jobListing (requiredGPA, numOpenings, applicationDeadline, payPerHour, numApplicants, description, title, companyID) VALUES (2.1, 6, '2024-12-02', 46.45, 11, 'Profound impactful portal at Williams PLC', 'Health service manager', 78);
INSERT INTO jobListing (requiredGPA, numOpenings, applicationDeadline, payPerHour, numApplicants, description, title, companyID) VALUES (3.0, 6, '2024-12-02', 21.25, 27, 'Down-sized mobile productivity at Rodriguez Group', 'Printmaker', 265);
INSERT INTO jobListing (requiredGPA, numOpenings, applicationDeadline, payPerHour, numApplicants, description, title, companyID) VALUES (3.0, 5, '2024-12-02', 37.25, 0, 'Profit-focused value-added standardization at Bass, Castillo and Perez', 'Commercial horticulturist', 226);
INSERT INTO jobListing (requiredGPA, numOpenings, applicationDeadline, payPerHour, numApplicants, description, title, companyID) VALUES (2.3, 1, '2024-12-02', 18.4, 24, 'Proactive secondary initiative at Simpson PLC', 'Editor, magazine features', 214);
INSERT INTO jobListing (requiredGPA, numOpenings, applicationDeadline, payPerHour, numApplicants, description, title, companyID) VALUES (3.0, 2, '2024-12-02', 44.61, 39, 'Persevering foreground middleware at Butler, Martinez and Nelson', 'Public librarian', 149);
INSERT INTO jobListing (requiredGPA, numOpenings, applicationDeadline, payPerHour, numApplicants, description, title, companyID) VALUES (2.5, 10, '2024-12-02', 49.56, 45, 'Decentralized real-time infrastructure at Hickman Group', 'Solicitor, Scotland', 61);
INSERT INTO jobListing (requiredGPA, numOpenings, applicationDeadline, payPerHour, numApplicants, description, title, companyID) VALUES (2.2, 7, '2024-12-02', 38.81, 2, 'Managed client-server knowledgebase at Fisher Ltd', 'Geophysicist/field seismologist', 241);
INSERT INTO jobListing (requiredGPA, numOpenings, applicationDeadline, payPerHour, numApplicants, description, title, companyID) VALUES (2.9, 1, '2024-12-02', 29.08, 31, 'Re-contextualized systematic service-desk at Smith-Perry', 'Clinical cytogeneticist', 125);
INSERT INTO jobListing (requiredGPA, numOpenings, applicationDeadline, payPerHour, numApplicants, description, title, companyID) VALUES (2.7, 8, '2024-12-02', 42.31, 27, 'Synergistic content-based protocol at Nguyen-Vincent', 'Designer, blown glass/stained glass', 78);
INSERT INTO jobListing (requiredGPA, numOpenings, applicationDeadline, payPerHour, numApplicants, description, title, companyID) VALUES (2.4, 7, '2024-12-02', 25.26, 15, 'Networked radical alliance at Caldwell-Garcia', 'Dispensing optician', 128);
INSERT INTO jobListing (requiredGPA, numOpenings, applicationDeadline, payPerHour, numApplicants, description, title, companyID) VALUES (2.2, 2, '2024-12-02', 15.27, 30, 'Robust full-range artificial intelligence at Kent and Sons', 'Buyer, retail', 35);
INSERT INTO jobListing (requiredGPA, numOpenings, applicationDeadline, payPerHour, numApplicants, description, title, companyID) VALUES (3.2, 8, '2024-12-02', 31.91, 28, 'Function-based even-keeled array at Floyd, Harrison and Thomas', 'Geologist, engineering', 51);
INSERT INTO jobListing (requiredGPA, numOpenings, applicationDeadline, payPerHour, numApplicants, description, title, companyID) VALUES (2.8, 9, '2024-12-02', 15.15, 26, 'Optional 3rdgeneration moderator at Smith Ltd', 'Firefighter', 149);
INSERT INTO jobListing (requiredGPA, numOpenings, applicationDeadline, payPerHour, numApplicants, description, title, companyID) VALUES (3.1, 9, '2024-12-02', 25.56, 39, 'User-friendly didactic workforce at Anderson Group', 'Building services engineer', 78);
INSERT INTO jobListing (requiredGPA, numOpenings, applicationDeadline, payPerHour, numApplicants, description, title, companyID) VALUES (3.1, 9, '2024-12-02', 35.83, 45, 'Pre-emptive dynamic protocol at Rogers-Moore', 'Sales executive', 61);
INSERT INTO jobListing (requiredGPA, numOpenings, applicationDeadline, payPerHour, numApplicants, description, title, companyID) VALUES (2.3, 5, '2024-12-02', 35.0, 44, 'Customer-focused attitude-oriented time-frame at Davis LLC', 'Horticulturist, amenity', 188);
INSERT INTO jobListing (requiredGPA, numOpenings, applicationDeadline, payPerHour, numApplicants, description, title, companyID) VALUES (3.6, 4, '2024-12-02', 36.57, 15, 'Robust multi-tasking focus group at Smith Inc', 'Scientist, forensic', 208);
INSERT INTO jobListing (requiredGPA, numOpenings, applicationDeadline, payPerHour, numApplicants, description, title, companyID) VALUES (3.7, 3, '2024-12-02', 26.63, 26, 'Visionary next generation product at Estes, Merritt and Smith', 'Event organiser', 125);
INSERT INTO jobListing (requiredGPA, numOpenings, applicationDeadline, payPerHour, numApplicants, description, title, companyID) VALUES (3.2, 5, '2024-12-02', 28.13, 26, 'Front-line client-server database at Smith, Austin and Weaver', 'Musician', 265);
INSERT INTO jobListing (requiredGPA, numOpenings, applicationDeadline, payPerHour, numApplicants, description, title, companyID) VALUES (2.5, 10, '2024-12-02', 22.48, 31, 'Customer-focused 6thgeneration artificial intelligence at Williams, Williams and Ray', 'Radio broadcast assistant', 9);
INSERT INTO jobListing (requiredGPA, numOpenings, applicationDeadline, payPerHour, numApplicants, description, title, companyID) VALUES (3.9, 2, '2024-12-02', 25.61, 37, 'Decentralized systematic middleware at Coffey-Jones', 'Market researcher', 9);
INSERT INTO jobListing (requiredGPA, numOpenings, applicationDeadline, payPerHour, numApplicants, description, title, companyID) VALUES (3.0, 2, '2024-12-02', 32.21, 17, 'De-engineered multi-state Graphic Interface at Smith, Burke and Ewing', 'Counsellor', 188);
INSERT INTO jobListing (requiredGPA, numOpenings, applicationDeadline, payPerHour, numApplicants, description, title, companyID) VALUES (2.3, 9, '2024-12-02', 23.16, 28, 'Assimilated reciprocal migration at Hines Group', 'Engineer, building services', 149);
INSERT INTO jobListing (requiredGPA, numOpenings, applicationDeadline, payPerHour, numApplicants, description, title, companyID) VALUES (3.7, 9, '2024-12-02', 42.51, 16, 'Switchable object-oriented software at Foster-Evans', 'Editor, film/video', 149);
INSERT INTO jobListing (requiredGPA, numOpenings, applicationDeadline, payPerHour, numApplicants, description, title, companyID) VALUES (3.1, 10, '2024-12-02', 41.2, 25, 'Cloned holistic framework at Marshall-Lindsey', 'Product designer', 125);
INSERT INTO jobListing (requiredGPA, numOpenings, applicationDeadline, payPerHour, numApplicants, description, title, companyID) VALUES (3.0, 3, '2024-12-02', 15.23, 3, 'Cloned heuristic Graphic Interface at Wright and Sons', 'Call centre manager', 40);
INSERT INTO jobListing (requiredGPA, numOpenings, applicationDeadline, payPerHour, numApplicants, description, title, companyID) VALUES (3.6, 9, '2024-12-02', 19.95, 40, 'Ameliorated needs-based paradigm at Jones-Walls', 'Engineer, chemical', 103);
INSERT INTO jobListing (requiredGPA, numOpenings, applicationDeadline, payPerHour, numApplicants, description, title, companyID) VALUES (3.5, 1, '2024-12-02', 39.08, 22, 'Diverse executive focus group at Burns PLC', 'Catering manager', 196);
INSERT INTO jobListing (requiredGPA, numOpenings, applicationDeadline, payPerHour, numApplicants, description, title, companyID) VALUES (2.3, 5, '2024-12-02', 39.94, 14, 'Versatile transitional orchestration at Mills PLC', 'Scientist, biomedical', 226);
INSERT INTO jobListing (requiredGPA, numOpenings, applicationDeadline, payPerHour, numApplicants, description, title, companyID) VALUES (3.9, 6, '2024-12-02', 40.72, 35, 'Right-sized radical policy at Ochoa, Jordan and Phillips', 'Exercise physiologist', 208);
INSERT INTO jobListing (requiredGPA, numOpenings, applicationDeadline, payPerHour, numApplicants, description, title, companyID) VALUES (3.5, 2, '2024-12-02', 32.18, 18, 'Enhanced leadingedge utilization at White LLC', 'Social worker', 215);
INSERT INTO jobListing (requiredGPA, numOpenings, applicationDeadline, payPerHour, numApplicants, description, title, companyID) VALUES (2.5, 1, '2024-12-02', 48.4, 10, 'Fully-configurable solution-oriented algorithm at Holland LLC', 'Visual merchandiser', 226);
INSERT INTO jobListing (requiredGPA, numOpenings, applicationDeadline, payPerHour, numApplicants, description, title, companyID) VALUES (3.2, 2, '2024-12-02', 29.8, 43, 'Multi-tiered value-added encoding at Hayes-Gibson', 'Homeopath', 37);
INSERT INTO jobListing (requiredGPA, numOpenings, applicationDeadline, payPerHour, numApplicants, description, title, companyID) VALUES (2.5, 5, '2024-12-02', 37.91, 49, 'Business-focused holistic implementation at Kerr and Sons', 'Psychiatrist', 78);
INSERT INTO jobListing (requiredGPA, numOpenings, applicationDeadline, payPerHour, numApplicants, description, title, companyID) VALUES (2.9, 10, '2024-12-02', 34.9, 22, 'Sharable responsive extranet at Thornton-Harrell', 'Engineer, drilling', 226);
INSERT INTO jobListing (requiredGPA, numOpenings, applicationDeadline, payPerHour, numApplicants, description, title, companyID) VALUES (3.3, 5, '2024-12-02', 31.89, 25, 'Open-source asynchronous interface at Peterson-Stewart', 'Quarry manager', 102);
INSERT INTO jobListing (requiredGPA, numOpenings, applicationDeadline, payPerHour, numApplicants, description, title, companyID) VALUES (3.8, 5, '2024-12-02', 23.92, 0, 'Exclusive fault-tolerant database at Blevins, Wilkins and Reynolds', 'Physicist, medical', 128);
INSERT INTO jobListing (requiredGPA, numOpenings, applicationDeadline, payPerHour, numApplicants, description, title, companyID) VALUES (2.5, 6, '2024-12-02', 26.24, 25, 'Integrated dedicated projection at Williams, Kaiser and Maddox', 'Patent examiner', 78);
INSERT INTO jobListing (requiredGPA, numOpenings, applicationDeadline, payPerHour, numApplicants, description, title, companyID) VALUES (3.3, 10, '2024-12-02', 20.21, 19, 'Optional well-modulated pricing structure at Nichols Ltd', 'Music tutor', 103);
INSERT INTO jobListing (requiredGPA, numOpenings, applicationDeadline, payPerHour, numApplicants, description, title, companyID) VALUES (2.2, 4, '2024-12-02', 36.02, 37, 'Adaptive empowering interface at Brown Ltd', 'Chartered loss adjuster', 214);
INSERT INTO jobListing (requiredGPA, numOpenings, applicationDeadline, payPerHour, numApplicants, description, title, companyID) VALUES (3.8, 2, '2024-12-02', 47.93, 34, 'Reduced systemic Local Area Network at Church, Ortiz and Sullivan', 'Accountant, chartered', 177);
INSERT INTO jobListing (requiredGPA, numOpenings, applicationDeadline, payPerHour, numApplicants, description, title, companyID) VALUES (3.0, 2, '2024-12-02', 17.05, 9, 'Stand-alone fault-tolerant archive at Williams, Harper and Benjamin', 'Biomedical scientist', 31);
INSERT INTO jobListing (requiredGPA, numOpenings, applicationDeadline, payPerHour, numApplicants, description, title, companyID) VALUES (3.0, 7, '2024-12-02', 27.32, 16, 'Customizable heuristic toolset at English PLC', 'Orthoptist', 196);
INSERT INTO jobListing (requiredGPA, numOpenings, applicationDeadline, payPerHour, numApplicants, description, title, companyID) VALUES (2.9, 2, '2024-12-02', 35.26, 5, 'Fully-configurable value-added Internet solution at Taylor-Harris', 'Designer, furniture', 265);
INSERT INTO jobListing (requiredGPA, numOpenings, applicationDeadline, payPerHour, numApplicants, description, title, companyID) VALUES (3.8, 1, '2024-12-02', 21.61, 22, 'Front-line needs-based alliance at Durham, Strickland and Torres', 'Facilities manager', 215);
INSERT INTO jobListing (requiredGPA, numOpenings, applicationDeadline, payPerHour, numApplicants, description, title, companyID) VALUES (2.6, 3, '2024-12-02', 39.37, 9, 'Stand-alone responsive attitude at Hamilton-Brown', 'Designer, interior/spatial', 185);
INSERT INTO jobListing (requiredGPA, numOpenings, applicationDeadline, payPerHour, numApplicants, description, title, companyID) VALUES (3.4, 10, '2024-12-02', 47.56, 8, 'Grass-roots 24hour architecture at Gibson-Sparks', 'Camera operator', 9);
INSERT INTO jobListing (requiredGPA, numOpenings, applicationDeadline, payPerHour, numApplicants, description, title, companyID) VALUES (3.9, 3, '2024-12-02', 30.97, 33, 'Virtual intangible installation at Smith-Ferrell', 'Teacher, primary school', 265);
INSERT INTO jobListing (requiredGPA, numOpenings, applicationDeadline, payPerHour, numApplicants, description, title, companyID) VALUES (3.4, 10, '2024-12-02', 42.0, 6, 'Synergized zero-defect knowledge user at Robinson-Nielsen', 'Maintenance engineer', 185);
INSERT INTO jobListing (requiredGPA, numOpenings, applicationDeadline, payPerHour, numApplicants, description, title, companyID) VALUES (3.6, 5, '2024-12-02', 20.56, 40, 'Proactive local task-force at Smith-Bullock', 'Veterinary surgeon', 215);
INSERT INTO jobListing (requiredGPA, numOpenings, applicationDeadline, payPerHour, numApplicants, description, title, companyID) VALUES (2.5, 10, '2024-12-02', 36.11, 43, 'Open-source responsive algorithm at Cross Inc', 'Furniture designer', 204);
INSERT INTO jobListing (requiredGPA, numOpenings, applicationDeadline, payPerHour, numApplicants, description, title, companyID) VALUES (3.2, 10, '2024-12-02', 17.77, 49, 'Re-engineered solution-oriented orchestration at Hobbs-Mccarthy', 'Research scientist (life sciences)', 215);
INSERT INTO jobListing (requiredGPA, numOpenings, applicationDeadline, payPerHour, numApplicants, description, title, companyID) VALUES (3.6, 5, '2024-12-02', 46.95, 34, 'Reverse-engineered mission-critical customer loyalty at Randolph, Valentine and Hurley', 'Applications developer', 185);
INSERT INTO jobListing (requiredGPA, numOpenings, applicationDeadline, payPerHour, numApplicants, description, title, companyID) VALUES (2.8, 5, '2024-12-02', 39.94, 1, 'Up-sized fault-tolerant monitoring at Edwards Inc', 'Geographical information systems officer', 128);
INSERT INTO jobListing (requiredGPA, numOpenings, applicationDeadline, payPerHour, numApplicants, description, title, companyID) VALUES (3.3, 8, '2024-12-02', 38.15, 34, 'Ameliorated directional definition at Richardson-Martin', 'Colour technologist', 149);
INSERT INTO jobListing (requiredGPA, numOpenings, applicationDeadline, payPerHour, numApplicants, description, title, companyID) VALUES (3.9, 9, '2024-12-02', 38.38, 50, 'Synchronized foreground infrastructure at Gordon-Smith', 'Equities trader', 35);
INSERT INTO jobListing (requiredGPA, numOpenings, applicationDeadline, payPerHour, numApplicants, description, title, companyID) VALUES (2.1, 5, '2024-12-02', 40.26, 0, 'Persistent zero tolerance approach at Crawford, Griffith and Smith', 'Armed forces technical officer', 196);
INSERT INTO jobListing (requiredGPA, numOpenings, applicationDeadline, payPerHour, numApplicants, description, title, companyID) VALUES (2.4, 4, '2024-12-02', 42.44, 40, 'De-engineered 24hour budgetary management at Rogers-Blair', 'Health physicist', 31);
INSERT INTO jobListing (requiredGPA, numOpenings, applicationDeadline, payPerHour, numApplicants, description, title, companyID) VALUES (3.7, 2, '2024-12-02', 28.1, 8, 'Horizontal didactic service-desk at Rivera-Sanders', 'Field trials officer', 188);
INSERT INTO jobListing (requiredGPA, numOpenings, applicationDeadline, payPerHour, numApplicants, description, title, companyID) VALUES (2.2, 10, '2024-12-02', 23.32, 14, 'Re-contextualized value-added success at Cruz, Scott and Garrett', 'Visual merchandiser', 241);
INSERT INTO jobListing (requiredGPA, numOpenings, applicationDeadline, payPerHour, numApplicants, description, title, companyID) VALUES (3.2, 2, '2024-12-02', 25.55, 6, 'Decentralized composite moratorium at Brown-Roberts', 'Embryologist, clinical', 35);
INSERT INTO jobListing (requiredGPA, numOpenings, applicationDeadline, payPerHour, numApplicants, description, title, companyID) VALUES (3.1, 6, '2024-12-02', 18.68, 8, 'Reduced national methodology at Mcgee-Flores', 'Surveyor, planning and development', 37);
INSERT INTO jobListing (requiredGPA, numOpenings, applicationDeadline, payPerHour, numApplicants, description, title, companyID) VALUES (3.8, 5, '2024-12-02', 16.04, 48, 'Persistent motivating middleware at Frazier, Gates and Miller', 'Medical illustrator', 78);
INSERT INTO jobListing (requiredGPA, numOpenings, applicationDeadline, payPerHour, numApplicants, description, title, companyID) VALUES (3.7, 10, '2024-12-02', 33.26, 18, 'Open-architected leadingedge analyzer at Miller and Sons', 'Sales promotion account executive', 40);
INSERT INTO jobListing (requiredGPA, numOpenings, applicationDeadline, payPerHour, numApplicants, description, title, companyID) VALUES (2.2, 5, '2024-12-02', 25.27, 11, 'Synergistic 5thgeneration emulation at Johnson, Marks and Clark', 'Geoscientist', 35);
INSERT INTO jobListing (requiredGPA, numOpenings, applicationDeadline, payPerHour, numApplicants, description, title, companyID) VALUES (2.7, 4, '2024-12-02', 38.76, 37, 'Quality-focused 24/7 strategy at Leon-White', 'Speech and language therapist', 226);
INSERT INTO jobListing (requiredGPA, numOpenings, applicationDeadline, payPerHour, numApplicants, description, title, companyID) VALUES (3.7, 7, '2024-12-02', 40.32, 46, 'Pre-emptive transitional neural-net at Yang Group', 'Editorial assistant', 35);
INSERT INTO jobListing (requiredGPA, numOpenings, applicationDeadline, payPerHour, numApplicants, description, title, companyID) VALUES (2.6, 2, '2024-12-02', 33.67, 8, 'Business-focused multi-tasking secured line at Holland PLC', 'Energy manager', 31);
INSERT INTO jobListing (requiredGPA, numOpenings, applicationDeadline, payPerHour, numApplicants, description, title, companyID) VALUES (3.8, 1, '2024-12-02', 15.1, 10, 'Down-sized optimal hierarchy at Stevens Inc', 'Building control surveyor', 103);
INSERT INTO jobListing (requiredGPA, numOpenings, applicationDeadline, payPerHour, numApplicants, description, title, companyID) VALUES (3.0, 10, '2024-12-02', 25.04, 33, 'Devolved zero tolerance initiative at Hernandez, White and Shields', 'Fish farm manager', 208);
INSERT INTO jobListing (requiredGPA, numOpenings, applicationDeadline, payPerHour, numApplicants, description, title, companyID) VALUES (2.5, 3, '2024-12-02', 47.56, 0, 'Function-based system-worthy budgetary management at Fernandez-Levy', 'Producer, radio', 226);
INSERT INTO jobListing (requiredGPA, numOpenings, applicationDeadline, payPerHour, numApplicants, description, title, companyID) VALUES (2.5, 2, '2024-12-02', 47.98, 3, 'Synergized logistical methodology at Munoz-Watson', 'Sales executive', 226);
INSERT INTO jobListing (requiredGPA, numOpenings, applicationDeadline, payPerHour, numApplicants, description, title, companyID) VALUES (2.6, 1, '2024-12-02', 38.63, 23, 'Triple-buffered radical complexity at Miller, Francis and Howard', 'Administrator', 196);
INSERT INTO jobListing (requiredGPA, numOpenings, applicationDeadline, payPerHour, numApplicants, description, title, companyID) VALUES (2.3, 10, '2024-12-02', 34.83, 43, 'Total static methodology at Reynolds, Lewis and Richardson', 'Surveyor, minerals', 188);
INSERT INTO jobListing (requiredGPA, numOpenings, applicationDeadline, payPerHour, numApplicants, description, title, companyID) VALUES (2.0, 1, '2024-12-02', 21.08, 36, 'Up-sized exuding conglomeration at Taylor and Sons', 'Metallurgist', 40);
INSERT INTO jobListing (requiredGPA, numOpenings, applicationDeadline, payPerHour, numApplicants, description, title, companyID) VALUES (2.1, 6, '2024-12-02', 23.49, 30, 'Advanced next generation attitude at Burke-Santiago', 'Engineer, agricultural', 103);
INSERT INTO jobListing (requiredGPA, numOpenings, applicationDeadline, payPerHour, numApplicants, description, title, companyID) VALUES (2.8, 7, '2024-12-02', 32.99, 22, 'Reverse-engineered full-range process improvement at Potter PLC', 'Leisure centre manager', 185);
INSERT INTO jobListing (requiredGPA, numOpenings, applicationDeadline, payPerHour, numApplicants, description, title, companyID) VALUES (4.0, 3, '2024-12-02', 38.97, 26, 'Expanded hybrid customer loyalty at Roberts Group', 'Hydrologist', 265);
INSERT INTO jobListing (requiredGPA, numOpenings, applicationDeadline, payPerHour, numApplicants, description, title, companyID) VALUES (3.9, 5, '2024-12-02', 35.94, 11, 'Ameliorated radical toolset at Martinez-Perkins', 'Estate agent', 102);
INSERT INTO jobListing (requiredGPA, numOpenings, applicationDeadline, payPerHour, numApplicants, description, title, companyID) VALUES (2.9, 8, '2024-12-02', 37.87, 12, 'Horizontal disintermediate Graphical User Interface at Donovan, Ross and Noble', 'Optician, dispensing', 51);
INSERT INTO jobListing (requiredGPA, numOpenings, applicationDeadline, payPerHour, numApplicants, description, title, companyID) VALUES (3.2, 1, '2024-12-02', 22.09, 30, 'Organized optimizing utilization at Hawkins LLC', 'Homeopath', 214);
INSERT INTO jobListing (requiredGPA, numOpenings, applicationDeadline, payPerHour, numApplicants, description, title, companyID) VALUES (3.4, 7, '2024-12-02', 47.03, 10, 'Managed zero tolerance algorithm at Woods-Ball', 'Theatre director', 226);
INSERT INTO jobListing (requiredGPA, numOpenings, applicationDeadline, payPerHour, numApplicants, description, title, companyID) VALUES (2.6, 4, '2024-12-02', 40.81, 30, 'Streamlined responsive attitude at Morris, Maldonado and Copeland', 'Designer, multimedia', 125);
INSERT INTO jobListing (requiredGPA, numOpenings, applicationDeadline, payPerHour, numApplicants, description, title, companyID) VALUES (3.0, 5, '2024-12-02', 37.47, 37, 'Cross-group next generation product at Anderson PLC', 'Administrator, sports', 128);
INSERT INTO jobListing (requiredGPA, numOpenings, applicationDeadline, payPerHour, numApplicants, description, title, companyID) VALUES (3.5, 4, '2024-12-02', 29.27, 27, 'Grass-roots zero-defect Internet solution at Ramsey, Williams and Wells', 'Embryologist, clinical', 149);
INSERT INTO jobListing (requiredGPA, numOpenings, applicationDeadline, payPerHour, numApplicants, description, title, companyID) VALUES (3.6, 10, '2024-12-02', 44.44, 5, 'Optional non-volatile application at Diaz and Sons', 'Investment banker, operational', 61);
INSERT INTO jobListing (requiredGPA, numOpenings, applicationDeadline, payPerHour, numApplicants, description, title, companyID) VALUES (2.9, 3, '2024-12-02', 19.31, 50, 'Re-contextualized high-level orchestration at Keller-Freeman', 'Television camera operator', 35);

--Populate the application table
INSERT INTO application (applicantID, listingID, coverLetter) VALUES (2, 1, 'Cover letter from Tiffany Smith for listing 1');
INSERT INTO application (applicantID, listingID, coverLetter) VALUES (3, 2, 'Cover letter from Larry Walker for listing 2');
INSERT INTO application (applicantID, listingID, coverLetter) VALUES (6, 3, 'Cover letter from Carla Graves for listing 3');
INSERT INTO application (applicantID, listingID, coverLetter) VALUES (7, 4, 'Cover letter from Bryan Allen for listing 4');
INSERT INTO application (applicantID, listingID, coverLetter) VALUES (8, 5, 'Cover letter from Lisa Brennan for listing 5');
INSERT INTO application (applicantID, listingID, coverLetter) VALUES (12, 6, 'Cover letter from Sarah Parks for listing 6');
INSERT INTO application (applicantID, listingID, coverLetter) VALUES (13, 7, 'Cover letter from Paul Davis for listing 7');
INSERT INTO application (applicantID, listingID, coverLetter) VALUES (14, 8, 'Cover letter from Matthew Hunter for listing 8');
INSERT INTO application (applicantID, listingID, coverLetter) VALUES (15, 9, 'Cover letter from Frank Robinson for listing 9');
INSERT INTO application (applicantID, listingID, coverLetter) VALUES (16, 10, 'Cover letter from Timothy Taylor for listing 10');
INSERT INTO application (applicantID, listingID, coverLetter) VALUES (18, 11, 'Cover letter from James Jordan for listing 11');
INSERT INTO application (applicantID, listingID, coverLetter) VALUES (19, 12, 'Cover letter from Kyle Cross for listing 12');
INSERT INTO application (applicantID, listingID, coverLetter) VALUES (20, 13, 'Cover letter from April Gilbert for listing 13');
INSERT INTO application (applicantID, listingID, coverLetter) VALUES (21, 14, 'Cover letter from Bryan Lane for listing 14');
INSERT INTO application (applicantID, listingID, coverLetter) VALUES (23, 15, 'Cover letter from Kathy Sanchez for listing 15');
INSERT INTO application (applicantID, listingID, coverLetter) VALUES (24, 16, 'Cover letter from Michelle Blevins for listing 16');
INSERT INTO application (applicantID, listingID, coverLetter) VALUES (25, 17, 'Cover letter from Michael Shaw for listing 17');
INSERT INTO application (applicantID, listingID, coverLetter) VALUES (26, 18, 'Cover letter from Karina Buck for listing 18');
INSERT INTO application (applicantID, listingID, coverLetter) VALUES (28, 19, 'Cover letter from Eric Jensen for listing 19');
INSERT INTO application (applicantID, listingID, coverLetter) VALUES (29, 20, 'Cover letter from Robert Welch for listing 20');
INSERT INTO application (applicantID, listingID, coverLetter) VALUES (30, 21, 'Cover letter from Dennis Robertson for listing 21');
INSERT INTO application (applicantID, listingID, coverLetter) VALUES (33, 22, 'Cover letter from Bailey Brown for listing 22');
INSERT INTO application (applicantID, listingID, coverLetter) VALUES (36, 23, 'Cover letter from Caleb Patton for listing 23');
INSERT INTO application (applicantID, listingID, coverLetter) VALUES (38, 24, 'Cover letter from Shannon Warner for listing 24');
INSERT INTO application (applicantID, listingID, coverLetter) VALUES (41, 25, 'Cover letter from Alexis Davidson for listing 25');
INSERT INTO application (applicantID, listingID, coverLetter) VALUES (42, 26, 'Cover letter from Adam Pineda for listing 26');
INSERT INTO application (applicantID, listingID, coverLetter) VALUES (43, 27, 'Cover letter from Carrie Kelly for listing 27');
INSERT INTO application (applicantID, listingID, coverLetter) VALUES (44, 28, 'Cover letter from Bradley Cooley for listing 28');
INSERT INTO application (applicantID, listingID, coverLetter) VALUES (45, 29, 'Cover letter from Jared Wright for listing 29');
INSERT INTO application (applicantID, listingID, coverLetter) VALUES (46, 30, 'Cover letter from Christopher Wagner for listing 30');
INSERT INTO application (applicantID, listingID, coverLetter) VALUES (47, 31, 'Cover letter from David Frazier for listing 31');
INSERT INTO application (applicantID, listingID, coverLetter) VALUES (48, 32, 'Cover letter from Wayne Arellano for listing 32');
INSERT INTO application (applicantID, listingID, coverLetter) VALUES (49, 33, 'Cover letter from Jonathan Young for listing 33');
INSERT INTO application (applicantID, listingID, coverLetter) VALUES (50, 34, 'Cover letter from Autumn Roberts for listing 34');
INSERT INTO application (applicantID, listingID, coverLetter) VALUES (53, 35, 'Cover letter from Anthony Mills for listing 35');
INSERT INTO application (applicantID, listingID, coverLetter) VALUES (55, 36, 'Cover letter from Carolyn Stevenson for listing 36');
INSERT INTO application (applicantID, listingID, coverLetter) VALUES (56, 37, 'Cover letter from Brenda Rodriguez for listing 37');
INSERT INTO application (applicantID, listingID, coverLetter) VALUES (57, 38, 'Cover letter from Donald Pratt for listing 38');
INSERT INTO application (applicantID, listingID, coverLetter) VALUES (58, 39, 'Cover letter from Richard Moreno for listing 39');
INSERT INTO application (applicantID, listingID, coverLetter) VALUES (60, 40, 'Cover letter from Mary Yoder for listing 40');
INSERT INTO application (applicantID, listingID, coverLetter) VALUES (63, 41, 'Cover letter from Shane Estes for listing 41');
INSERT INTO application (applicantID, listingID, coverLetter) VALUES (64, 42, 'Cover letter from Shelly Garcia for listing 42');
INSERT INTO application (applicantID, listingID, coverLetter) VALUES (67, 43, 'Cover letter from Brian Stewart for listing 43');
INSERT INTO application (applicantID, listingID, coverLetter) VALUES (68, 44, 'Cover letter from Renee Cole for listing 44');
INSERT INTO application (applicantID, listingID, coverLetter) VALUES (69, 45, 'Cover letter from Anthony Porter for listing 45');
INSERT INTO application (applicantID, listingID, coverLetter) VALUES (70, 46, 'Cover letter from Cheryl Solis for listing 46');
INSERT INTO application (applicantID, listingID, coverLetter) VALUES (71, 47, 'Cover letter from Lisa Turner for listing 47');
INSERT INTO application (applicantID, listingID, coverLetter) VALUES (72, 48, 'Cover letter from Joseph Smith for listing 48');
INSERT INTO application (applicantID, listingID, coverLetter) VALUES (73, 49, 'Cover letter from Christopher Collins for listing 49');
INSERT INTO application (applicantID, listingID, coverLetter) VALUES (74, 50, 'Cover letter from Heather Bradford for listing 50');
INSERT INTO application (applicantID, listingID, coverLetter) VALUES (75, 51, 'Cover letter from Jason Jones for listing 51');
INSERT INTO application (applicantID, listingID, coverLetter) VALUES (76, 52, 'Cover letter from Michael Gutierrez for listing 52');
INSERT INTO application (applicantID, listingID, coverLetter) VALUES (77, 53, 'Cover letter from Ian Cobb for listing 53');
INSERT INTO application (applicantID, listingID, coverLetter) VALUES (79, 54, 'Cover letter from Jennifer Brown for listing 54');
INSERT INTO application (applicantID, listingID, coverLetter) VALUES (81, 55, 'Cover letter from Matthew Morrison for listing 55');
INSERT INTO application (applicantID, listingID, coverLetter) VALUES (83, 56, 'Cover letter from Jon Bridges for listing 56');
INSERT INTO application (applicantID, listingID, coverLetter) VALUES (84, 57, 'Cover letter from William Rose for listing 57');
INSERT INTO application (applicantID, listingID, coverLetter) VALUES (85, 58, 'Cover letter from Christina Jones for listing 58');
INSERT INTO application (applicantID, listingID, coverLetter) VALUES (87, 59, 'Cover letter from Paul Taylor for listing 59');
INSERT INTO application (applicantID, listingID, coverLetter) VALUES (89, 60, 'Cover letter from Shelley Anderson for listing 60');
INSERT INTO application (applicantID, listingID, coverLetter) VALUES (90, 61, 'Cover letter from Zachary Newton for listing 61');
INSERT INTO application (applicantID, listingID, coverLetter) VALUES (91, 62, 'Cover letter from Crystal White for listing 62');
INSERT INTO application (applicantID, listingID, coverLetter) VALUES (92, 63, 'Cover letter from Kathleen Chen for listing 63');
INSERT INTO application (applicantID, listingID, coverLetter) VALUES (93, 64, 'Cover letter from Alexander Moore for listing 64');
INSERT INTO application (applicantID, listingID, coverLetter) VALUES (94, 65, 'Cover letter from John Martinez for listing 65');
INSERT INTO application (applicantID, listingID, coverLetter) VALUES (95, 66, 'Cover letter from Heather Ryan for listing 66');
INSERT INTO application (applicantID, listingID, coverLetter) VALUES (97, 67, 'Cover letter from Jennifer Anderson for listing 67');
INSERT INTO application (applicantID, listingID, coverLetter) VALUES (98, 68, 'Cover letter from Bryan Oliver for listing 68');
INSERT INTO application (applicantID, listingID, coverLetter) VALUES (99, 69, 'Cover letter from Carrie Watson for listing 69');
INSERT INTO application (applicantID, listingID, coverLetter) VALUES (100, 70, 'Cover letter from Albert Beard for listing 70');
INSERT INTO application (applicantID, listingID, coverLetter) VALUES (101, 71, 'Cover letter from Kenneth Murray for listing 71');
INSERT INTO application (applicantID, listingID, coverLetter) VALUES (104, 72, 'Cover letter from Christy Clark for listing 72');
INSERT INTO application (applicantID, listingID, coverLetter) VALUES (105, 73, 'Cover letter from Aaron Owens for listing 73');
INSERT INTO application (applicantID, listingID, coverLetter) VALUES (106, 74, 'Cover letter from Jeremy Peterson for listing 74');
INSERT INTO application (applicantID, listingID, coverLetter) VALUES (109, 75, 'Cover letter from Anthony Kim for listing 75');
INSERT INTO application (applicantID, listingID, coverLetter) VALUES (110, 76, 'Cover letter from Pam George for listing 76');
INSERT INTO application (applicantID, listingID, coverLetter) VALUES (111, 77, 'Cover letter from Robin Vazquez for listing 77');
INSERT INTO application (applicantID, listingID, coverLetter) VALUES (112, 78, 'Cover letter from Emily Campbell for listing 78');
INSERT INTO application (applicantID, listingID, coverLetter) VALUES (113, 79, 'Cover letter from Ethan Pena for listing 79');
INSERT INTO application (applicantID, listingID, coverLetter) VALUES (115, 80, 'Cover letter from Lauren Mccullough for listing 80');
INSERT INTO application (applicantID, listingID, coverLetter) VALUES (116, 81, 'Cover letter from Aaron Koch for listing 81');
INSERT INTO application (applicantID, listingID, coverLetter) VALUES (118, 82, 'Cover letter from Lauren Perez for listing 82');
INSERT INTO application (applicantID, listingID, coverLetter) VALUES (120, 83, 'Cover letter from Daniel Flores for listing 83');
INSERT INTO application (applicantID, listingID, coverLetter) VALUES (121, 84, 'Cover letter from David George for listing 84');
INSERT INTO application (applicantID, listingID, coverLetter) VALUES (123, 85, 'Cover letter from Rodney Wood for listing 85');
INSERT INTO application (applicantID, listingID, coverLetter) VALUES (124, 86, 'Cover letter from Jeremy Rodriguez for listing 86');
INSERT INTO application (applicantID, listingID, coverLetter) VALUES (126, 87, 'Cover letter from Kayla Benson for listing 87');
INSERT INTO application (applicantID, listingID, coverLetter) VALUES (127, 88, 'Cover letter from Patrick Orozco for listing 88');
INSERT INTO application (applicantID, listingID, coverLetter) VALUES (129, 89, 'Cover letter from Susan Gomez for listing 89');
INSERT INTO application (applicantID, listingID, coverLetter) VALUES (130, 90, 'Cover letter from Katherine Yates for listing 90');
INSERT INTO application (applicantID, listingID, coverLetter) VALUES (132, 91, 'Cover letter from Nicholas Lowe for listing 91');
INSERT INTO application (applicantID, listingID, coverLetter) VALUES (133, 92, 'Cover letter from Brenda Gordon for listing 92');
INSERT INTO application (applicantID, listingID, coverLetter) VALUES (134, 93, 'Cover letter from Stefanie Martin for listing 93');
INSERT INTO application (applicantID, listingID, coverLetter) VALUES (135, 94, 'Cover letter from Terri Thomas for listing 94');
INSERT INTO application (applicantID, listingID, coverLetter) VALUES (136, 95, 'Cover letter from Elizabeth Jones for listing 95');
INSERT INTO application (applicantID, listingID, coverLetter) VALUES (137, 96, 'Cover letter from Erin Benson for listing 96');
INSERT INTO application (applicantID, listingID, coverLetter) VALUES (138, 97, 'Cover letter from Rebecca Simmons for listing 97');
INSERT INTO application (applicantID, listingID, coverLetter) VALUES (140, 98, 'Cover letter from Ashley York for listing 98');
INSERT INTO application (applicantID, listingID, coverLetter) VALUES (142, 99, 'Cover letter from Jessica Roberts for listing 99');
INSERT INTO application (applicantID, listingID, coverLetter) VALUES (144, 100, 'Cover letter from Julie Curry for listing 100');

-- Populate the alumnus table
INSERT INTO alumnus (id, firstName, lastName, jobID) VALUES (4, 'Alexa', 'Moore', 1);
INSERT INTO alumnus (id, firstName, lastName, jobID) VALUES (5, 'Leslie', 'Gonzalez', 2);
INSERT INTO alumnus (id, firstName, lastName, jobID) VALUES (11, 'Mary', 'Gray', 3);
INSERT INTO alumnus (id, firstName, lastName, jobID) VALUES (22, 'Anthony', 'Ortiz', 4);
INSERT INTO alumnus (id, firstName, lastName, jobID) VALUES (27, 'Corey', 'Brown', 5);
INSERT INTO alumnus (id, firstName, lastName, jobID) VALUES (34, 'Mary', 'Munoz', 6);
INSERT INTO alumnus (id, firstName, lastName, jobID) VALUES (52, 'Todd', 'Dorsey', 7);
INSERT INTO alumnus (id, firstName, lastName, jobID) VALUES (59, 'Linda', 'Rich', 8);
INSERT INTO alumnus (id, firstName, lastName, jobID) VALUES (62, 'Nicole', 'Diaz', 9);
INSERT INTO alumnus (id, firstName, lastName, jobID) VALUES (65, 'Jeremy', 'Owens', 10);
INSERT INTO alumnus (id, firstName, lastName, jobID) VALUES (66, 'Rebecca', 'Hernandez', 11);
INSERT INTO alumnus (id, firstName, lastName, jobID) VALUES (80, 'Jasmine', 'Cummings', 12);
INSERT INTO alumnus (id, firstName, lastName, jobID) VALUES (82, 'Linda', 'Perez', 13);
INSERT INTO alumnus (id, firstName, lastName, jobID) VALUES (86, 'Amanda', 'Guerrero', 14);
INSERT INTO alumnus (id, firstName, lastName, jobID) VALUES (88, 'Xavier', 'Freeman', 15);
INSERT INTO alumnus (id, firstName, lastName, jobID) VALUES (96, 'Brian', 'Robinson', 16);
INSERT INTO alumnus (id, firstName, lastName, jobID) VALUES (108, 'Daniel', 'Davis', 17);
INSERT INTO alumnus (id, firstName, lastName, jobID) VALUES (119, 'Wayne', 'Hardy', 18);
INSERT INTO alumnus (id, firstName, lastName, jobID) VALUES (139, 'Dylan', 'Gallegos', 19);
INSERT INTO alumnus (id, firstName, lastName, jobID) VALUES (143, 'Julia', 'King', 20);
INSERT INTO alumnus (id, firstName, lastName, jobID) VALUES (157, 'Jessica', 'Miller', 21);
INSERT INTO alumnus (id, firstName, lastName, jobID) VALUES (158, 'Julian', 'Torres', 22);
INSERT INTO alumnus (id, firstName, lastName, jobID) VALUES (159, 'Jennifer', 'Hill', 23);
INSERT INTO alumnus (id, firstName, lastName, jobID) VALUES (169, 'Michael', 'Sweeney', 24);
INSERT INTO alumnus (id, firstName, lastName, jobID) VALUES (186, 'Christopher', 'Thompson', 25);
INSERT INTO alumnus (id, firstName, lastName, jobID) VALUES (201, 'Kurt', 'Nielsen', 26);
INSERT INTO alumnus (id, firstName, lastName, jobID) VALUES (205, 'Matthew', 'Jacobs', 27);
INSERT INTO alumnus (id, firstName, lastName, jobID) VALUES (210, 'Gary', 'Osborne', 28);
INSERT INTO alumnus (id, firstName, lastName, jobID) VALUES (218, 'Stephen', 'Brewer', 29);
INSERT INTO alumnus (id, firstName, lastName, jobID) VALUES (222, 'Erin', 'Garcia', 30);
INSERT INTO alumnus (id, firstName, lastName, jobID) VALUES (225, 'Kathy', 'Dominguez', 31);
INSERT INTO alumnus (id, firstName, lastName, jobID) VALUES (243, 'Lisa', 'Berry', 32);
INSERT INTO alumnus (id, firstName, lastName, jobID) VALUES (250, 'Melanie', 'Montgomery', 33);
INSERT INTO alumnus (id, firstName, lastName, jobID) VALUES (253, 'Michelle', 'Collins', 34);
INSERT INTO alumnus (id, firstName, lastName, jobID) VALUES (263, 'Rebecca', 'Robinson', 35);
INSERT INTO alumnus (id, firstName, lastName, jobID) VALUES (267, 'Cameron', 'Watson', 36);
INSERT INTO alumnus (id, firstName, lastName, jobID) VALUES (272, 'Brenda', 'Reed', 37);
INSERT INTO alumnus (id, firstName, lastName, jobID) VALUES (285, 'Travis', 'Jenkins', 38);
INSERT INTO alumnus (id, firstName, lastName, jobID) VALUES (288, 'Patrick', 'Evans', 39);

-- Populate the friends table
INSERT INTO friends (friend1ID, friend2ID) VALUES (292, 15);
INSERT INTO friends (friend1ID, friend2ID) VALUES (294, 46);
INSERT INTO friends (friend1ID, friend2ID) VALUES (213, 84);
INSERT INTO friends (friend1ID, friend2ID) VALUES (103, 121);
INSERT INTO friends (friend1ID, friend2ID) VALUES (242, 276);
INSERT INTO friends (friend1ID, friend2ID) VALUES (79, 297);
INSERT INTO friends (friend1ID, friend2ID) VALUES (295, 231);
INSERT INTO friends (friend1ID, friend2ID) VALUES (1, 300);
INSERT INTO friends (friend1ID, friend2ID) VALUES (243, 37);
INSERT INTO friends (friend1ID, friend2ID) VALUES (46, 231);
INSERT INTO friends (friend1ID, friend2ID) VALUES (161, 137);
INSERT INTO friends (friend1ID, friend2ID) VALUES (254, 66);
INSERT INTO friends (friend1ID, friend2ID) VALUES (119, 192);
INSERT INTO friends (friend1ID, friend2ID) VALUES (90, 98);
INSERT INTO friends (friend1ID, friend2ID) VALUES (289, 80);
INSERT INTO friends (friend1ID, friend2ID) VALUES (195, 191);
INSERT INTO friends (friend1ID, friend2ID) VALUES (276, 51);
INSERT INTO friends (friend1ID, friend2ID) VALUES (164, 256);
INSERT INTO friends (friend1ID, friend2ID) VALUES (286, 125);
INSERT INTO friends (friend1ID, friend2ID) VALUES (132, 103);
INSERT INTO friends (friend1ID, friend2ID) VALUES (164, 264);
INSERT INTO friends (friend1ID, friend2ID) VALUES (267, 70);
INSERT INTO friends (friend1ID, friend2ID) VALUES (84, 178);
INSERT INTO friends (friend1ID, friend2ID) VALUES (151, 152);
INSERT INTO friends (friend1ID, friend2ID) VALUES (100, 61);
INSERT INTO friends (friend1ID, friend2ID) VALUES (90, 41);
INSERT INTO friends (friend1ID, friend2ID) VALUES (241, 81);
INSERT INTO friends (friend1ID, friend2ID) VALUES (201, 268);
INSERT INTO friends (friend1ID, friend2ID) VALUES (51, 255);
INSERT INTO friends (friend1ID, friend2ID) VALUES (33, 81);
INSERT INTO friends (friend1ID, friend2ID) VALUES (115, 244);
INSERT INTO friends (friend1ID, friend2ID) VALUES (183, 195);
INSERT INTO friends (friend1ID, friend2ID) VALUES (252, 41);
INSERT INTO friends (friend1ID, friend2ID) VALUES (112, 259);
INSERT INTO friends (friend1ID, friend2ID) VALUES (246, 27);
INSERT INTO friends (friend1ID, friend2ID) VALUES (122, 265);
INSERT INTO friends (friend1ID, friend2ID) VALUES (101, 239);
INSERT INTO friends (friend1ID, friend2ID) VALUES (69, 19);
INSERT INTO friends (friend1ID, friend2ID) VALUES (118, 147);
INSERT INTO friends (friend1ID, friend2ID) VALUES (254, 295);
INSERT INTO friends (friend1ID, friend2ID) VALUES (230, 253);
INSERT INTO friends (friend1ID, friend2ID) VALUES (71, 28);
INSERT INTO friends (friend1ID, friend2ID) VALUES (97, 83);
INSERT INTO friends (friend1ID, friend2ID) VALUES (33, 62);
INSERT INTO friends (friend1ID, friend2ID) VALUES (247, 203);
INSERT INTO friends (friend1ID, friend2ID) VALUES (92, 299);
INSERT INTO friends (friend1ID, friend2ID) VALUES (115, 21);
INSERT INTO friends (friend1ID, friend2ID) VALUES (236, 24);
INSERT INTO friends (friend1ID, friend2ID) VALUES (87, 201);
INSERT INTO friends (friend1ID, friend2ID) VALUES (36, 31);
INSERT INTO friends (friend1ID, friend2ID) VALUES (127, 164);
INSERT INTO friends (friend1ID, friend2ID) VALUES (276, 210);
INSERT INTO friends (friend1ID, friend2ID) VALUES (238, 174);
INSERT INTO friends (friend1ID, friend2ID) VALUES (139, 164);
INSERT INTO friends (friend1ID, friend2ID) VALUES (35, 113);
INSERT INTO friends (friend1ID, friend2ID) VALUES (258, 172);
INSERT INTO friends (friend1ID, friend2ID) VALUES (82, 287);
INSERT INTO friends (friend1ID, friend2ID) VALUES (23, 116);
INSERT INTO friends (friend1ID, friend2ID) VALUES (269, 226);
INSERT INTO friends (friend1ID, friend2ID) VALUES (230, 56);
INSERT INTO friends (friend1ID, friend2ID) VALUES (236, 153);
INSERT INTO friends (friend1ID, friend2ID) VALUES (269, 33);
INSERT INTO friends (friend1ID, friend2ID) VALUES (247, 154);
INSERT INTO friends (friend1ID, friend2ID) VALUES (68, 288);
INSERT INTO friends (friend1ID, friend2ID) VALUES (183, 291);
INSERT INTO friends (friend1ID, friend2ID) VALUES (98, 195);
INSERT INTO friends (friend1ID, friend2ID) VALUES (205, 186);
INSERT INTO friends (friend1ID, friend2ID) VALUES (161, 178);
INSERT INTO friends (friend1ID, friend2ID) VALUES (258, 275);
INSERT INTO friends (friend1ID, friend2ID) VALUES (78, 58);
INSERT INTO friends (friend1ID, friend2ID) VALUES (186, 202);
INSERT INTO friends (friend1ID, friend2ID) VALUES (133, 148);
INSERT INTO friends (friend1ID, friend2ID) VALUES (111, 98);
INSERT INTO friends (friend1ID, friend2ID) VALUES (232, 179);
INSERT INTO friends (friend1ID, friend2ID) VALUES (7, 261);
INSERT INTO friends (friend1ID, friend2ID) VALUES (260, 165);
INSERT INTO friends (friend1ID, friend2ID) VALUES (226, 39);
INSERT INTO friends (friend1ID, friend2ID) VALUES (63, 190);
INSERT INTO friends (friend1ID, friend2ID) VALUES (1, 42);
INSERT INTO friends (friend1ID, friend2ID) VALUES (171, 293);
INSERT INTO friends (friend1ID, friend2ID) VALUES (277, 207);
INSERT INTO friends (friend1ID, friend2ID) VALUES (29, 106);
INSERT INTO friends (friend1ID, friend2ID) VALUES (107, 109);
INSERT INTO friends (friend1ID, friend2ID) VALUES (181, 259);
INSERT INTO friends (friend1ID, friend2ID) VALUES (44, 137);
INSERT INTO friends (friend1ID, friend2ID) VALUES (91, 61);
INSERT INTO friends (friend1ID, friend2ID) VALUES (290, 121);
INSERT INTO friends (friend1ID, friend2ID) VALUES (240, 90);
INSERT INTO friends (friend1ID, friend2ID) VALUES (9, 65);
INSERT INTO friends (friend1ID, friend2ID) VALUES (104, 276);
INSERT INTO friends (friend1ID, friend2ID) VALUES (221, 16);
INSERT INTO friends (friend1ID, friend2ID) VALUES (194, 26);
INSERT INTO friends (friend1ID, friend2ID) VALUES (175, 195);
INSERT INTO friends (friend1ID, friend2ID) VALUES (299, 229);
INSERT INTO friends (friend1ID, friend2ID) VALUES (46, 175);
INSERT INTO friends (friend1ID, friend2ID) VALUES (151, 285);
INSERT INTO friends (friend1ID, friend2ID) VALUES (286, 296);
INSERT INTO friends (friend1ID, friend2ID) VALUES (16, 155);
INSERT INTO friends (friend1ID, friend2ID) VALUES (102, 77);
INSERT INTO friends (friend1ID, friend2ID) VALUES (186, 133);
INSERT INTO friends (friend1ID, friend2ID) VALUES (281, 255);
INSERT INTO friends (friend1ID, friend2ID) VALUES (78, 48);
INSERT INTO friends (friend1ID, friend2ID) VALUES (80, 234);
INSERT INTO friends (friend1ID, friend2ID) VALUES (105, 284);
INSERT INTO friends (friend1ID, friend2ID) VALUES (188, 299);
INSERT INTO friends (friend1ID, friend2ID) VALUES (46, 132);
INSERT INTO friends (friend1ID, friend2ID) VALUES (66, 104);
INSERT INTO friends (friend1ID, friend2ID) VALUES (215, 8);
INSERT INTO friends (friend1ID, friend2ID) VALUES (82, 23);
INSERT INTO friends (friend1ID, friend2ID) VALUES (228, 271);
INSERT INTO friends (friend1ID, friend2ID) VALUES (116, 80);
INSERT INTO friends (friend1ID, friend2ID) VALUES (277, 300);
INSERT INTO friends (friend1ID, friend2ID) VALUES (175, 179);
INSERT INTO friends (friend1ID, friend2ID) VALUES (96, 300);
INSERT INTO friends (friend1ID, friend2ID) VALUES (173, 212);
INSERT INTO friends (friend1ID, friend2ID) VALUES (35, 90);
INSERT INTO friends (friend1ID, friend2ID) VALUES (287, 295);
INSERT INTO friends (friend1ID, friend2ID) VALUES (113, 140);
INSERT INTO friends (friend1ID, friend2ID) VALUES (263, 173);
INSERT INTO friends (friend1ID, friend2ID) VALUES (245, 170);
INSERT INTO friends (friend1ID, friend2ID) VALUES (21, 5);
INSERT INTO friends (friend1ID, friend2ID) VALUES (10, 232);
INSERT INTO friends (friend1ID, friend2ID) VALUES (105, 29);
INSERT INTO friends (friend1ID, friend2ID) VALUES (80, 79);
INSERT INTO friends (friend1ID, friend2ID) VALUES (88, 12);
INSERT INTO friends (friend1ID, friend2ID) VALUES (222, 120);
INSERT INTO friends (friend1ID, friend2ID) VALUES (115, 138);
INSERT INTO friends (friend1ID, friend2ID) VALUES (251, 18);
INSERT INTO friends (friend1ID, friend2ID) VALUES (183, 200);
INSERT INTO friends (friend1ID, friend2ID) VALUES (50, 6);
INSERT INTO friends (friend1ID, friend2ID) VALUES (58, 124);
INSERT INTO friends (friend1ID, friend2ID) VALUES (131, 157);
INSERT INTO friends (friend1ID, friend2ID) VALUES (250, 231);
INSERT INTO friends (friend1ID, friend2ID) VALUES (300, 201);
INSERT INTO friends (friend1ID, friend2ID) VALUES (84, 74);
INSERT INTO friends (friend1ID, friend2ID) VALUES (36, 158);
INSERT INTO friends (friend1ID, friend2ID) VALUES (47, 69);
INSERT INTO friends (friend1ID, friend2ID) VALUES (45, 278);
INSERT INTO friends (friend1ID, friend2ID) VALUES (84, 225);
INSERT INTO friends (friend1ID, friend2ID) VALUES (184, 165);
INSERT INTO friends (friend1ID, friend2ID) VALUES (25, 26);
INSERT INTO friends (friend1ID, friend2ID) VALUES (155, 29);
INSERT INTO friends (friend1ID, friend2ID) VALUES (165, 240);
INSERT INTO friends (friend1ID, friend2ID) VALUES (125, 16);
INSERT INTO friends (friend1ID, friend2ID) VALUES (37, 297);
INSERT INTO friends (friend1ID, friend2ID) VALUES (88, 149);
INSERT INTO friends (friend1ID, friend2ID) VALUES (139, 52);
INSERT INTO friends (friend1ID, friend2ID) VALUES (106, 70);
INSERT INTO friends (friend1ID, friend2ID) VALUES (119, 75);
INSERT INTO friends (friend1ID, friend2ID) VALUES (35, 234);
INSERT INTO friends (friend1ID, friend2ID) VALUES (62, 35);
INSERT INTO friends (friend1ID, friend2ID) VALUES (128, 266);
INSERT INTO friends (friend1ID, friend2ID) VALUES (61, 31);
INSERT INTO friends (friend1ID, friend2ID) VALUES (135, 285);
INSERT INTO friends (friend1ID, friend2ID) VALUES (118, 37);
INSERT INTO friends (friend1ID, friend2ID) VALUES (51, 174);
INSERT INTO friends (friend1ID, friend2ID) VALUES (236, 187);
INSERT INTO friends (friend1ID, friend2ID) VALUES (84, 60);
INSERT INTO friends (friend1ID, friend2ID) VALUES (262, 139);
INSERT INTO friends (friend1ID, friend2ID) VALUES (236, 198);
INSERT INTO friends (friend1ID, friend2ID) VALUES (55, 30);
INSERT INTO friends (friend1ID, friend2ID) VALUES (73, 72);
INSERT INTO friends (friend1ID, friend2ID) VALUES (204, 136);
INSERT INTO friends (friend1ID, friend2ID) VALUES (85, 139);
INSERT INTO friends (friend1ID, friend2ID) VALUES (291, 282);
INSERT INTO friends (friend1ID, friend2ID) VALUES (290, 164);
INSERT INTO friends (friend1ID, friend2ID) VALUES (9, 118);
INSERT INTO friends (friend1ID, friend2ID) VALUES (39, 170);
INSERT INTO friends (friend1ID, friend2ID) VALUES (295, 58);
INSERT INTO friends (friend1ID, friend2ID) VALUES (224, 260);
INSERT INTO friends (friend1ID, friend2ID) VALUES (55, 164);
INSERT INTO friends (friend1ID, friend2ID) VALUES (122, 243);
INSERT INTO friends (friend1ID, friend2ID) VALUES (243, 149);
INSERT INTO friends (friend1ID, friend2ID) VALUES (225, 276);
INSERT INTO friends (friend1ID, friend2ID) VALUES (137, 295);
INSERT INTO friends (friend1ID, friend2ID) VALUES (25, 178);
INSERT INTO friends (friend1ID, friend2ID) VALUES (222, 257);
INSERT INTO friends (friend1ID, friend2ID) VALUES (173, 291);
INSERT INTO friends (friend1ID, friend2ID) VALUES (25, 138);
INSERT INTO friends (friend1ID, friend2ID) VALUES (150, 132);
INSERT INTO friends (friend1ID, friend2ID) VALUES (40, 160);
INSERT INTO friends (friend1ID, friend2ID) VALUES (68, 259);
INSERT INTO friends (friend1ID, friend2ID) VALUES (96, 272);
INSERT INTO friends (friend1ID, friend2ID) VALUES (16, 298);
INSERT INTO friends (friend1ID, friend2ID) VALUES (118, 29);
INSERT INTO friends (friend1ID, friend2ID) VALUES (257, 91);
INSERT INTO friends (friend1ID, friend2ID) VALUES (38, 26);
INSERT INTO friends (friend1ID, friend2ID) VALUES (15, 184);
INSERT INTO friends (friend1ID, friend2ID) VALUES (25, 35);
INSERT INTO friends (friend1ID, friend2ID) VALUES (41, 289);
INSERT INTO friends (friend1ID, friend2ID) VALUES (163, 61);
INSERT INTO friends (friend1ID, friend2ID) VALUES (205, 210);
INSERT INTO friends (friend1ID, friend2ID) VALUES (269, 29);
INSERT INTO friends (friend1ID, friend2ID) VALUES (33, 194);
INSERT INTO friends (friend1ID, friend2ID) VALUES (263, 39);
INSERT INTO friends (friend1ID, friend2ID) VALUES (214, 13);
INSERT INTO friends (friend1ID, friend2ID) VALUES (177, 175);
INSERT INTO friends (friend1ID, friend2ID) VALUES (48, 7);
INSERT INTO friends (friend1ID, friend2ID) VALUES (229, 210);
INSERT INTO friends (friend1ID, friend2ID) VALUES (217, 275);
INSERT INTO friends (friend1ID, friend2ID) VALUES (257, 195);
INSERT INTO friends (friend1ID, friend2ID) VALUES (18, 163);
INSERT INTO friends (friend1ID, friend2ID) VALUES (258, 277);
INSERT INTO friends (friend1ID, friend2ID) VALUES (244, 157);
INSERT INTO friends (friend1ID, friend2ID) VALUES (204, 201);
INSERT INTO friends (friend1ID, friend2ID) VALUES (142, 174);
INSERT INTO friends (friend1ID, friend2ID) VALUES (178, 169);
INSERT INTO friends (friend1ID, friend2ID) VALUES (223, 22);
INSERT INTO friends (friend1ID, friend2ID) VALUES (290, 173);
INSERT INTO friends (friend1ID, friend2ID) VALUES (125, 155);
INSERT INTO friends (friend1ID, friend2ID) VALUES (121, 184);
INSERT INTO friends (friend1ID, friend2ID) VALUES (218, 66);
INSERT INTO friends (friend1ID, friend2ID) VALUES (193, 186);
INSERT INTO friends (friend1ID, friend2ID) VALUES (95, 246);
INSERT INTO friends (friend1ID, friend2ID) VALUES (108, 228);
INSERT INTO friends (friend1ID, friend2ID) VALUES (223, 285);
INSERT INTO friends (friend1ID, friend2ID) VALUES (8, 111);
INSERT INTO friends (friend1ID, friend2ID) VALUES (71, 199);
INSERT INTO friends (friend1ID, friend2ID) VALUES (123, 33);
INSERT INTO friends (friend1ID, friend2ID) VALUES (96, 141);
INSERT INTO friends (friend1ID, friend2ID) VALUES (213, 21);
INSERT INTO friends (friend1ID, friend2ID) VALUES (138, 21);
INSERT INTO friends (friend1ID, friend2ID) VALUES (93, 138);
INSERT INTO friends (friend1ID, friend2ID) VALUES (253, 295);
INSERT INTO friends (friend1ID, friend2ID) VALUES (141, 153);
INSERT INTO friends (friend1ID, friend2ID) VALUES (273, 96);
INSERT INTO friends (friend1ID, friend2ID) VALUES (105, 76);
INSERT INTO friends (friend1ID, friend2ID) VALUES (136, 194);
INSERT INTO friends (friend1ID, friend2ID) VALUES (201, 59);
INSERT INTO friends (friend1ID, friend2ID) VALUES (256, 243);
INSERT INTO friends (friend1ID, friend2ID) VALUES (245, 293);
INSERT INTO friends (friend1ID, friend2ID) VALUES (103, 115);
INSERT INTO friends (friend1ID, friend2ID) VALUES (262, 166);
INSERT INTO friends (friend1ID, friend2ID) VALUES (137, 126);
INSERT INTO friends (friend1ID, friend2ID) VALUES (214, 224);
INSERT INTO friends (friend1ID, friend2ID) VALUES (108, 109);
INSERT INTO friends (friend1ID, friend2ID) VALUES (285, 226);
INSERT INTO friends (friend1ID, friend2ID) VALUES (294, 72);
INSERT INTO friends (friend1ID, friend2ID) VALUES (114, 224);
INSERT INTO friends (friend1ID, friend2ID) VALUES (63, 275);
INSERT INTO friends (friend1ID, friend2ID) VALUES (54, 87);
INSERT INTO friends (friend1ID, friend2ID) VALUES (102, 156);
INSERT INTO friends (friend1ID, friend2ID) VALUES (80, 202);
INSERT INTO friends (friend1ID, friend2ID) VALUES (53, 4);
INSERT INTO friends (friend1ID, friend2ID) VALUES (206, 127);
INSERT INTO friends (friend1ID, friend2ID) VALUES (44, 261);
INSERT INTO friends (friend1ID, friend2ID) VALUES (94, 263);
INSERT INTO friends (friend1ID, friend2ID) VALUES (252, 67);
INSERT INTO friends (friend1ID, friend2ID) VALUES (86, 14);
INSERT INTO friends (friend1ID, friend2ID) VALUES (112, 172);
INSERT INTO friends (friend1ID, friend2ID) VALUES (105, 267);
INSERT INTO friends (friend1ID, friend2ID) VALUES (268, 141);
INSERT INTO friends (friend1ID, friend2ID) VALUES (19, 85);
INSERT INTO friends (friend1ID, friend2ID) VALUES (165, 33);
INSERT INTO friends (friend1ID, friend2ID) VALUES (219, 154);
INSERT INTO friends (friend1ID, friend2ID) VALUES (271, 286);
INSERT INTO friends (friend1ID, friend2ID) VALUES (204, 180);
INSERT INTO friends (friend1ID, friend2ID) VALUES (73, 115);
INSERT INTO friends (friend1ID, friend2ID) VALUES (159, 38);
INSERT INTO friends (friend1ID, friend2ID) VALUES (79, 283);
INSERT INTO friends (friend1ID, friend2ID) VALUES (2, 238);
INSERT INTO friends (friend1ID, friend2ID) VALUES (280, 149);
INSERT INTO friends (friend1ID, friend2ID) VALUES (67, 278);
INSERT INTO friends (friend1ID, friend2ID) VALUES (201, 23);
INSERT INTO friends (friend1ID, friend2ID) VALUES (116, 203);
INSERT INTO friends (friend1ID, friend2ID) VALUES (142, 293);
INSERT INTO friends (friend1ID, friend2ID) VALUES (78, 118);
INSERT INTO friends (friend1ID, friend2ID) VALUES (258, 241);
INSERT INTO friends (friend1ID, friend2ID) VALUES (237, 65);
INSERT INTO friends (friend1ID, friend2ID) VALUES (67, 91);
INSERT INTO friends (friend1ID, friend2ID) VALUES (14, 112);
INSERT INTO friends (friend1ID, friend2ID) VALUES (83, 58);
INSERT INTO friends (friend1ID, friend2ID) VALUES (68, 293);
INSERT INTO friends (friend1ID, friend2ID) VALUES (126, 123);
INSERT INTO friends (friend1ID, friend2ID) VALUES (285, 81);
INSERT INTO friends (friend1ID, friend2ID) VALUES (251, 68);
INSERT INTO friends (friend1ID, friend2ID) VALUES (192, 226);
INSERT INTO friends (friend1ID, friend2ID) VALUES (184, 210);
INSERT INTO friends (friend1ID, friend2ID) VALUES (287, 155);
INSERT INTO friends (friend1ID, friend2ID) VALUES (10, 18);
INSERT INTO friends (friend1ID, friend2ID) VALUES (34, 227);
INSERT INTO friends (friend1ID, friend2ID) VALUES (233, 150);
INSERT INTO friends (friend1ID, friend2ID) VALUES (121, 166);
INSERT INTO friends (friend1ID, friend2ID) VALUES (33, 230);
INSERT INTO friends (friend1ID, friend2ID) VALUES (133, 56);
INSERT INTO friends (friend1ID, friend2ID) VALUES (12, 44);
INSERT INTO friends (friend1ID, friend2ID) VALUES (194, 287);
INSERT INTO friends (friend1ID, friend2ID) VALUES (265, 26);
INSERT INTO friends (friend1ID, friend2ID) VALUES (156, 271);
INSERT INTO friends (friend1ID, friend2ID) VALUES (126, 219);
INSERT INTO friends (friend1ID, friend2ID) VALUES (199, 192);
INSERT INTO friends (friend1ID, friend2ID) VALUES (221, 243);
INSERT INTO friends (friend1ID, friend2ID) VALUES (280, 201);
INSERT INTO friends (friend1ID, friend2ID) VALUES (88, 256);
INSERT INTO friends (friend1ID, friend2ID) VALUES (109, 112);
INSERT INTO friends (friend1ID, friend2ID) VALUES (256, 198);
INSERT INTO friends (friend1ID, friend2ID) VALUES (72, 254);
INSERT INTO friends (friend1ID, friend2ID) VALUES (213, 298);
INSERT INTO friends (friend1ID, friend2ID) VALUES (32, 111);
INSERT INTO friends (friend1ID, friend2ID) VALUES (185, 265);
INSERT INTO friends (friend1ID, friend2ID) VALUES (92, 7);
INSERT INTO friends (friend1ID, friend2ID) VALUES (198, 174);
INSERT INTO friends (friend1ID, friend2ID) VALUES (299, 73);
INSERT INTO friends (friend1ID, friend2ID) VALUES (11, 52);
INSERT INTO friends (friend1ID, friend2ID) VALUES (293, 152);
INSERT INTO friends (friend1ID, friend2ID) VALUES (71, 237);
INSERT INTO friends (friend1ID, friend2ID) VALUES (275, 164);
INSERT INTO friends (friend1ID, friend2ID) VALUES (91, 153);
INSERT INTO friends (friend1ID, friend2ID) VALUES (180, 111);
INSERT INTO friends (friend1ID, friend2ID) VALUES (133, 76);
INSERT INTO friends (friend1ID, friend2ID) VALUES (199, 53);
INSERT INTO friends (friend1ID, friend2ID) VALUES (241, 128);
INSERT INTO friends (friend1ID, friend2ID) VALUES (139, 117);
INSERT INTO friends (friend1ID, friend2ID) VALUES (143, 85);
INSERT INTO friends (friend1ID, friend2ID) VALUES (119, 101);
INSERT INTO friends (friend1ID, friend2ID) VALUES (272, 115);
INSERT INTO friends (friend1ID, friend2ID) VALUES (300, 51);
INSERT INTO friends (friend1ID, friend2ID) VALUES (35, 284);
INSERT INTO friends (friend1ID, friend2ID) VALUES (64, 168);
INSERT INTO friends (friend1ID, friend2ID) VALUES (170, 110);
INSERT INTO friends (friend1ID, friend2ID) VALUES (129, 25);
INSERT INTO friends (friend1ID, friend2ID) VALUES (189, 23);
INSERT INTO friends (friend1ID, friend2ID) VALUES (160, 173);
INSERT INTO friends (friend1ID, friend2ID) VALUES (97, 191);
INSERT INTO friends (friend1ID, friend2ID) VALUES (213, 7);
INSERT INTO friends (friend1ID, friend2ID) VALUES (11, 157);
INSERT INTO friends (friend1ID, friend2ID) VALUES (200, 171);
INSERT INTO friends (friend1ID, friend2ID) VALUES (103, 154);
INSERT INTO friends (friend1ID, friend2ID) VALUES (202, 251);
INSERT INTO friends (friend1ID, friend2ID) VALUES (253, 270);
INSERT INTO friends (friend1ID, friend2ID) VALUES (44, 97);
INSERT INTO friends (friend1ID, friend2ID) VALUES (230, 51);
INSERT INTO friends (friend1ID, friend2ID) VALUES (275, 158);
INSERT INTO friends (friend1ID, friend2ID) VALUES (294, 147);
INSERT INTO friends (friend1ID, friend2ID) VALUES (158, 235);
INSERT INTO friends (friend1ID, friend2ID) VALUES (191, 219);
INSERT INTO friends (friend1ID, friend2ID) VALUES (75, 32);
INSERT INTO friends (friend1ID, friend2ID) VALUES (179, 82);
INSERT INTO friends (friend1ID, friend2ID) VALUES (216, 106);
INSERT INTO friends (friend1ID, friend2ID) VALUES (275, 258);
INSERT INTO friends (friend1ID, friend2ID) VALUES (250, 203);
INSERT INTO friends (friend1ID, friend2ID) VALUES (139, 229);
INSERT INTO friends (friend1ID, friend2ID) VALUES (202, 164);
INSERT INTO friends (friend1ID, friend2ID) VALUES (141, 263);
INSERT INTO friends (friend1ID, friend2ID) VALUES (32, 35);
INSERT INTO friends (friend1ID, friend2ID) VALUES (98, 76);
INSERT INTO friends (friend1ID, friend2ID) VALUES (179, 114);
INSERT INTO friends (friend1ID, friend2ID) VALUES (160, 11);
INSERT INTO friends (friend1ID, friend2ID) VALUES (11, 135);
INSERT INTO friends (friend1ID, friend2ID) VALUES (132, 125);
INSERT INTO friends (friend1ID, friend2ID) VALUES (252, 168);
INSERT INTO friends (friend1ID, friend2ID) VALUES (83, 275);
INSERT INTO friends (friend1ID, friend2ID) VALUES (48, 45);
INSERT INTO friends (friend1ID, friend2ID) VALUES (73, 116);
INSERT INTO friends (friend1ID, friend2ID) VALUES (188, 267);
INSERT INTO friends (friend1ID, friend2ID) VALUES (9, 201);
INSERT INTO friends (friend1ID, friend2ID) VALUES (267, 96);
INSERT INTO friends (friend1ID, friend2ID) VALUES (81, 203);
INSERT INTO friends (friend1ID, friend2ID) VALUES (282, 197);
INSERT INTO friends (friend1ID, friend2ID) VALUES (175, 236);
INSERT INTO friends (friend1ID, friend2ID) VALUES (143, 94);
INSERT INTO friends (friend1ID, friend2ID) VALUES (262, 82);
INSERT INTO friends (friend1ID, friend2ID) VALUES (181, 53);
INSERT INTO friends (friend1ID, friend2ID) VALUES (96, 108);
INSERT INTO friends (friend1ID, friend2ID) VALUES (226, 53);
INSERT INTO friends (friend1ID, friend2ID) VALUES (88, 234);
INSERT INTO friends (friend1ID, friend2ID) VALUES (178, 186);
INSERT INTO friends (friend1ID, friend2ID) VALUES (201, 297);
INSERT INTO friends (friend1ID, friend2ID) VALUES (104, 191);
INSERT INTO friends (friend1ID, friend2ID) VALUES (67, 29);
INSERT INTO friends (friend1ID, friend2ID) VALUES (266, 132);
INSERT INTO friends (friend1ID, friend2ID) VALUES (97, 13);
INSERT INTO friends (friend1ID, friend2ID) VALUES (286, 219);
INSERT INTO friends (friend1ID, friend2ID) VALUES (245, 177);
INSERT INTO friends (friend1ID, friend2ID) VALUES (258, 257);
INSERT INTO friends (friend1ID, friend2ID) VALUES (259, 94);
INSERT INTO friends (friend1ID, friend2ID) VALUES (170, 93);
INSERT INTO friends (friend1ID, friend2ID) VALUES (183, 290);
INSERT INTO friends (friend1ID, friend2ID) VALUES (75, 213);
INSERT INTO friends (friend1ID, friend2ID) VALUES (190, 172);
INSERT INTO friends (friend1ID, friend2ID) VALUES (264, 157);
INSERT INTO friends (friend1ID, friend2ID) VALUES (68, 195);
INSERT INTO friends (friend1ID, friend2ID) VALUES (42, 53);
INSERT INTO friends (friend1ID, friend2ID) VALUES (75, 260);
INSERT INTO friends (friend1ID, friend2ID) VALUES (97, 165);
INSERT INTO friends (friend1ID, friend2ID) VALUES (26, 64);
INSERT INTO friends (friend1ID, friend2ID) VALUES (175, 292);
INSERT INTO friends (friend1ID, friend2ID) VALUES (278, 234);
INSERT INTO friends (friend1ID, friend2ID) VALUES (253, 106);
INSERT INTO friends (friend1ID, friend2ID) VALUES (150, 131);
INSERT INTO friends (friend1ID, friend2ID) VALUES (180, 80);
INSERT INTO friends (friend1ID, friend2ID) VALUES (55, 267);
INSERT INTO friends (friend1ID, friend2ID) VALUES (159, 108);
INSERT INTO friends (friend1ID, friend2ID) VALUES (85, 273);
INSERT INTO friends (friend1ID, friend2ID) VALUES (175, 152);
INSERT INTO friends (friend1ID, friend2ID) VALUES (214, 10);
INSERT INTO friends (friend1ID, friend2ID) VALUES (53, 270);
INSERT INTO friends (friend1ID, friend2ID) VALUES (13, 137);
INSERT INTO friends (friend1ID, friend2ID) VALUES (243, 260);
INSERT INTO friends (friend1ID, friend2ID) VALUES (6, 261);
INSERT INTO friends (friend1ID, friend2ID) VALUES (266, 77);
INSERT INTO friends (friend1ID, friend2ID) VALUES (251, 132);
INSERT INTO friends (friend1ID, friend2ID) VALUES (300, 29);
INSERT INTO friends (friend1ID, friend2ID) VALUES (3, 241);
INSERT INTO friends (friend1ID, friend2ID) VALUES (213, 152);
INSERT INTO friends (friend1ID, friend2ID) VALUES (41, 42);
INSERT INTO friends (friend1ID, friend2ID) VALUES (128, 112);
INSERT INTO friends (friend1ID, friend2ID) VALUES (69, 175);
INSERT INTO friends (friend1ID, friend2ID) VALUES (254, 127);
INSERT INTO friends (friend1ID, friend2ID) VALUES (165, 111);
INSERT INTO friends (friend1ID, friend2ID) VALUES (160, 102);
INSERT INTO friends (friend1ID, friend2ID) VALUES (19, 90);
INSERT INTO friends (friend1ID, friend2ID) VALUES (210, 257);
INSERT INTO friends (friend1ID, friend2ID) VALUES (232, 198);
INSERT INTO friends (friend1ID, friend2ID) VALUES (32, 251);
INSERT INTO friends (friend1ID, friend2ID) VALUES (207, 274);
INSERT INTO friends (friend1ID, friend2ID) VALUES (71, 128);
INSERT INTO friends (friend1ID, friend2ID) VALUES (207, 284);
INSERT INTO friends (friend1ID, friend2ID) VALUES (18, 139);
INSERT INTO friends (friend1ID, friend2ID) VALUES (259, 250);
INSERT INTO friends (friend1ID, friend2ID) VALUES (41, 298);
INSERT INTO friends (friend1ID, friend2ID) VALUES (159, 3);
INSERT INTO friends (friend1ID, friend2ID) VALUES (219, 90);
INSERT INTO friends (friend1ID, friend2ID) VALUES (74, 115);
INSERT INTO friends (friend1ID, friend2ID) VALUES (171, 29);
INSERT INTO friends (friend1ID, friend2ID) VALUES (270, 128);
INSERT INTO friends (friend1ID, friend2ID) VALUES (49, 35);
INSERT INTO friends (friend1ID, friend2ID) VALUES (284, 99);
INSERT INTO friends (friend1ID, friend2ID) VALUES (201, 197);
INSERT INTO friends (friend1ID, friend2ID) VALUES (24, 267);
INSERT INTO friends (friend1ID, friend2ID) VALUES (150, 209);
INSERT INTO friends (friend1ID, friend2ID) VALUES (51, 227);
INSERT INTO friends (friend1ID, friend2ID) VALUES (140, 209);
INSERT INTO friends (friend1ID, friend2ID) VALUES (160, 57);
INSERT INTO friends (friend1ID, friend2ID) VALUES (289, 62);
INSERT INTO friends (friend1ID, friend2ID) VALUES (130, 252);
INSERT INTO friends (friend1ID, friend2ID) VALUES (101, 32);
INSERT INTO friends (friend1ID, friend2ID) VALUES (18, 167);
INSERT INTO friends (friend1ID, friend2ID) VALUES (82, 243);
INSERT INTO friends (friend1ID, friend2ID) VALUES (300, 170);
INSERT INTO friends (friend1ID, friend2ID) VALUES (299, 148);
INSERT INTO friends (friend1ID, friend2ID) VALUES (23, 260);
INSERT INTO friends (friend1ID, friend2ID) VALUES (64, 9);
INSERT INTO friends (friend1ID, friend2ID) VALUES (217, 240);
INSERT INTO friends (friend1ID, friend2ID) VALUES (30, 16);
INSERT INTO friends (friend1ID, friend2ID) VALUES (5, 219);
INSERT INTO friends (friend1ID, friend2ID) VALUES (71, 51);
INSERT INTO friends (friend1ID, friend2ID) VALUES (224, 45);
INSERT INTO friends (friend1ID, friend2ID) VALUES (156, 80);
INSERT INTO friends (friend1ID, friend2ID) VALUES (88, 77);
INSERT INTO friends (friend1ID, friend2ID) VALUES (130, 190);
INSERT INTO friends (friend1ID, friend2ID) VALUES (54, 41);
INSERT INTO friends (friend1ID, friend2ID) VALUES (189, 267);
INSERT INTO friends (friend1ID, friend2ID) VALUES (166, 162);
INSERT INTO friends (friend1ID, friend2ID) VALUES (211, 101);
INSERT INTO friends (friend1ID, friend2ID) VALUES (207, 157);
INSERT INTO friends (friend1ID, friend2ID) VALUES (271, 245);
INSERT INTO friends (friend1ID, friend2ID) VALUES (116, 93);
INSERT INTO friends (friend1ID, friend2ID) VALUES (136, 165);
INSERT INTO friends (friend1ID, friend2ID) VALUES (120, 282);
INSERT INTO friends (friend1ID, friend2ID) VALUES (107, 264);
INSERT INTO friends (friend1ID, friend2ID) VALUES (277, 217);
INSERT INTO friends (friend1ID, friend2ID) VALUES (140, 35);
INSERT INTO friends (friend1ID, friend2ID) VALUES (216, 299);
INSERT INTO friends (friend1ID, friend2ID) VALUES (25, 117);
INSERT INTO friends (friend1ID, friend2ID) VALUES (127, 298);
INSERT INTO friends (friend1ID, friend2ID) VALUES (106, 149);
INSERT INTO friends (friend1ID, friend2ID) VALUES (50, 299);
INSERT INTO friends (friend1ID, friend2ID) VALUES (289, 238);
INSERT INTO friends (friend1ID, friend2ID) VALUES (260, 226);
INSERT INTO friends (friend1ID, friend2ID) VALUES (43, 96);
INSERT INTO friends (friend1ID, friend2ID) VALUES (116, 141);
INSERT INTO friends (friend1ID, friend2ID) VALUES (82, 245);
INSERT INTO friends (friend1ID, friend2ID) VALUES (34, 32);
INSERT INTO friends (friend1ID, friend2ID) VALUES (146, 285);
INSERT INTO friends (friend1ID, friend2ID) VALUES (145, 217);
INSERT INTO friends (friend1ID, friend2ID) VALUES (227, 114);
INSERT INTO friends (friend1ID, friend2ID) VALUES (128, 185);
INSERT INTO friends (friend1ID, friend2ID) VALUES (206, 77);
INSERT INTO friends (friend1ID, friend2ID) VALUES (124, 9);
INSERT INTO friends (friend1ID, friend2ID) VALUES (270, 100);
INSERT INTO friends (friend1ID, friend2ID) VALUES (253, 202);
INSERT INTO friends (friend1ID, friend2ID) VALUES (257, 172);
INSERT INTO friends (friend1ID, friend2ID) VALUES (151, 184);
INSERT INTO friends (friend1ID, friend2ID) VALUES (34, 216);
INSERT INTO friends (friend1ID, friend2ID) VALUES (191, 193);
INSERT INTO friends (friend1ID, friend2ID) VALUES (37, 165);
INSERT INTO friends (friend1ID, friend2ID) VALUES (147, 202);
INSERT INTO friends (friend1ID, friend2ID) VALUES (198, 77);
INSERT INTO friends (friend1ID, friend2ID) VALUES (118, 65);
INSERT INTO friends (friend1ID, friend2ID) VALUES (105, 298);
INSERT INTO friends (friend1ID, friend2ID) VALUES (111, 66);
INSERT INTO friends (friend1ID, friend2ID) VALUES (96, 186);
INSERT INTO friends (friend1ID, friend2ID) VALUES (61, 54);
INSERT INTO friends (friend1ID, friend2ID) VALUES (71, 219);
INSERT INTO friends (friend1ID, friend2ID) VALUES (300, 33);
INSERT INTO friends (friend1ID, friend2ID) VALUES (189, 95);
INSERT INTO friends (friend1ID, friend2ID) VALUES (45, 183);
INSERT INTO friends (friend1ID, friend2ID) VALUES (289, 157);
INSERT INTO friends (friend1ID, friend2ID) VALUES (284, 248);

-- Populate the chatroom table
INSERT INTO chatroom (receiverID, senderID) VALUES
(1, 3),
(2, 4),
(3, 2),
(4, 1);

-- Populate the message table
INSERT INTO message (chatroomID, senderID, content) VALUES
(1, 3, 'Hi, John!'),
(2, 4, 'Hello, Jane!'),
(3, 2, 'Hey Alex, how are you?'),
(4, 1, 'Hi Emily, doing great!');

-- Populate the changes table
INSERT INTO changes (lastChange, description, changerID) VALUES
('2023-01-10 09:00:00', 'Updated feature settings', 5),
('2023-02-15 10:00:00', 'Fixed bug in system', 6),
('2023-03-20 11:30:00', 'Updated user interface', 7),
('2023-04-05 15:45:00', 'Database maintenance', 8);

-- Populate the article table
INSERT INTO article (title, body, date, publisherID) VALUES
('TechCorp Announces New Product', 'Details about the new product...', '2023-05-01 12:00:00', 9),
('BioHealth Inc. Research Findings', 'Latest findings in biohealth...', '2023-06-10 14:00:00', 10),
('FinServe LLC Financial Tips', 'Top 10 financial tips...', '2023-07-15 09:30:00', 11),
('EduLearn Co. Launches New Courses', 'Introducing new online courses...', '2023-08-20 16:20:00', 12);

-- Populate the relevantMajors table
INSERT INTO relevantMajors (listingID, major) VALUES
(1, 'Computer Science'),
(2, 'Biology'),
(3, 'Finance'),
(4, 'Education');

-- Populate the relevantFields table
INSERT INTO relevantFields (listingID, field) VALUES
(1, 'Software Engineering'),
(2, 'Biology Research'),
(3, 'Financial Services'),
(4, 'Teaching');